time,lat,lon,elevation,accuracy,bearing,speed,satellites,provider,hdop,vdop,pdop,geoidheight,ageofdgpsdata,dgpsid,activity,battery,annotation,timestamp_ms,time_offset,distance,starttimestamp_ms,profile_name,battery_charging
2026-09-24T11:46:47.000Z,12.904653316363692,74.89307069219649,-9.0,9.0,196.2,12.29,17,gps,0.6,1.2,1.2,-86.6,,,,72,,1790250407000,2026-09-24T17:16:47.000+05:30,0.0,1790250400645,Default Profile,false
2026-09-24T11:46:51.000Z,12.904265401884913,74.89300916902721,-30.0,6.0,198.0,12.219999,28,gps,0.4,0.8,0.8,-86.6,,,,72,,1790250411000,2026-09-24T17:16:51.000+05:30,43.646517708915766,1790250400645,Default Profile,false
2026-09-24T11:46:54.000Z,12.903920905664563,74.89289249293506,-28.0,4.0,200.2,12.61,29,gps,0.4,0.8,0.8,-86.6,,,,72,,1790250414000,2026-09-24T17:16:54.000+05:30,83.986228332749,1790250400645,Default Profile,false
2026-09-24T11:46:58.000Z,12.903491500765085,74.89271655678749,-33.0,3.5,202.8,11.74,28,gps,0.4,0.6,0.8,-86.6,,,,72,,1790250418000,2026-09-24T17:16:58.000+05:30,135.4009253208153,1790250400645,Default Profile,false
2026-09-24T11:47:02.000Z,12.90311620105058,74.8925294727087,-36.0,3.0,205.1,11.849999,28,gps,0.4,0.8,0.8,-86.6,,,,72,,1790250422000,2026-09-24T17:17:02.000+05:30,181.79800023759938,1790250400645,Default Profile,false
2026-09-24T11:47:06.000Z,12.902734111994505,74.89233400672674,-38.0,3.0,204.4,11.7,26,gps,0.4,0.8,0.8,-86.6,,,,72,,1790250426000,2026-09-24T17:17:06.000+05:30,229.27366219776133,1790250400645,Default Profile,false
2026-09-24T11:47:10.000Z,12.902391878888011,74.89217047579587,-40.0,3.0,204.6,9.23,27,gps,0.4,,,-86.6,,,,72,,1790250430000,2026-09-24T17:17:10.000+05:30,271.25361109784603,1790250400645,Default Profile,false
2026-09-24T11:47:14.000Z,12.902174326591194,74.89205019548535,-43.0,4.5,212.9,7.08,27,gps,0.4,0.6,0.8,-86.6,,,,72,,1790250434000,2026-09-24T17:17:14.000+05:30,298.73361947169286,1790250400645,Default Profile,false
2026-09-24T11:47:17.000Z,12.902011424303055,74.89195799455047,-46.0,6.0,205.9,5.66,25,gps,0.4,0.8,0.8,-86.6,,,,72,,1790250437000,2026-09-24T17:17:17.000+05:30,319.4213562450338,1790250400645,Default Profile,false
2026-09-24T11:47:21.000Z,12.90178079623729,74.89196897484362,-45.0,4.5,161.2,6.1099997,30,gps,0.4,0.6,0.8,-86.6,,,,72,,1790250441000,2026-09-24T17:17:21.000+05:30,345.09362823350403,1790250400645,Default Profile,false
2026-09-24T11:47:25.000Z,12.901533697731793,74.89206050522625,-46.0,3.5,163.5,8.389999,28,gps,0.4,0.6,0.8,-86.6,,,,72,,1790250445000,2026-09-24T17:17:25.000+05:30,374.3059177790026,1790250400645,Default Profile,false
2026-09-24T11:47:28.000Z,12.90130122564733,74.89212613552809,-44.0,3.5,171.8,8.08,29,gps,0.4,0.6,0.8,-86.6,,,,72,,1790250448000,2026-09-24T17:17:28.000+05:30,401.1165526210204,1790250400645,Default Profile,false
2026-09-24T11:47:32.000Z,12.900971942581236,74.89218950271606,-42.0,3.0,171.7,10.099999,28,gps,0.4,0.6,0.8,-86.6,,,,72,,1790250452000,2026-09-24T17:17:32.000+05:30,438.36976946464057,1790250400645,Default Profile,false
2026-09-24T11:47:36.000Z,12.900605485774577,74.89222328178585,-44.0,2.5,172.8,9.929999,30,gps,0.4,0.6,0.8,-86.6,,,,72,,1790250456000,2026-09-24T17:17:36.000+05:30,479.2820596572565,1790250400645,Default Profile,false
2026-09-24T11:47:39.000Z,12.900321297347546,74.8922466672957,-44.0,2.5,174.6,10.24,28,gps,0.4,0.8,0.8,-86.6,,,,72,,1790250459000,2026-09-24T17:17:39.000+05:30,510.983864927201,1790250400645,Default Profile,false
2026-09-24T11:47:43.000Z,12.89995458908379,74.89226024597883,-44.0,2.5,184.4,10.309999,27,gps,0.4,0.8,1.0,-86.6,,,,72,,1790250463000,2026-09-24T17:17:43.000+05:30,551.7865158405629,1790250400645,Default Profile,false
2026-09-24T11:47:47.000Z,12.899608751758933,74.89220509305596,-42.0,2.5,192.5,8.97,29,gps,0.4,0.8,0.8,-86.6,,,,72,,1790250467000,2026-09-24T17:17:47.000+05:30,590.7037390482052,1790250400645,Default Profile,false
2026-09-24T11:47:50.000Z,12.89940683171153,74.8921845573932,-42.0,2.5,178.5,6.1299996,30,gps,0.4,0.8,0.8,-86.6,,,,72,,1790250470000,2026-09-24T17:17:50.000+05:30,613.2662835317811,1790250400645,Default Profile,false
2026-09-24T11:47:54.000Z,12.899212371557951,74.89219754934311,-39.0,2.5,178.1,5.5499997,31,gps,0.4,0.6,0.8,-86.6,,,,72,,1790250474000,2026-09-24T17:17:54.000+05:30,634.9350709653733,1790250400645,Default Profile,false
2026-09-24T11:47:58.000Z,12.899008188396692,74.89218095317483,-36.0,2.5,197.6,6.04,29,gps,0.4,0.6,0.8,-86.6,,,,72,,1790250478000,2026-09-24T17:17:58.000+05:30,657.7103518509808,1790250400645,Default Profile,false
2026-09-24T11:48:02.000Z,12.898761592805386,74.8921169154346,-33.0,3.0,195.2,7.3999996,26,gps,0.4,0.8,0.8,-86.6,,,,72,,1790250482000,2026-09-24T17:18:02.000+05:30,685.9953916964166,1790250400645,Default Profile,false
2026-09-24T11:48:06.000Z,12.89850091561675,74.89204826764762,-32.0,3.0,197.5,6.73,27,gps,0.4,0.8,0.8,-86.6,,,,72,,1790250486000,2026-09-24T17:18:06.000+05:30,715.9211444312842,1790250400645,Default Profile,false
2026-09-24T11:48:10.000Z,12.898260354995728,74.89194315858185,-32.0,3.5,204.9,7.74,25,gps,0.6,0.8,1.0,-86.6,,,,72,,1790250490000,2026-09-24T17:18:10.000+05:30,744.9953389255784,1790250400645,Default Profile,false
2026-09-24T11:48:14.000Z,12.897982620634139,74.8918425757438,-32.0,4.0,200.3,8.2699995,22,gps,0.4,0.8,1.0,-86.6,,,,72,,1790250494000,2026-09-24T17:18:14.000+05:30,777.7458210633893,1790250400645,Default Profile,false
2026-09-24T11:48:18.000Z,12.897721230983734,74.89173310808837,-33.0,4.0,213.7,7.98,27,gps,0.4,0.8,1.0,-86.6,,,,72,,1790250498000,2026-09-24T17:18:18.000+05:30,809.1395703853408,1790250400645,Default Profile,false
2026-09-24T11:48:22.000Z,12.897558454424143,74.89144686609507,-32.0,4.0,248.0,8.48,28,gps,0.4,0.8,0.8,-86.6,,,,72,,1790250502000,2026-09-24T17:18:22.000+05:30,845.0588865148483,1790250400645,Default Profile,false
2026-09-24T11:48:25.000Z,12.897506863810122,74.89122566767037,-33.0,4.5,251.5,8.5199995,26,gps,0.4,0.6,0.8,-86.6,,,,72,,1790250505000,2026-09-24T17:18:25.000+05:30,869.7112338119329,1790250400645,Default Profile,false
2026-09-24T11:48:29.000Z,12.897409801371396,74.89090246148407,-35.0,4.0,252.3,9.389999,27,gps,0.4,0.8,0.8,-86.6,,,,72,,1790250509000,2026-09-24T17:18:29.000+05:30,906.368292129525,1790250400645,Default Profile,false
2026-09-24T11:48:33.000Z,12.89731081109494,74.89062594249845,-34.0,3.5,240.3,5.7,29,gps,0.4,0.6,0.8,-86.6,,,,72,,1790250513000,2026-09-24T17:18:33.000+05:30,938.2973895226077,1790250400645,Default Profile,false
2026-09-24T11:48:36.000Z,12.897231308743358,74.89054078236222,-34.0,3.0,219.1,4.69,29,gps,0.4,0.6,0.8,-86.6,,,,71,,1790250516000,2026-09-24T17:18:36.000+05:30,951.0783099252455,1790250400645,Default Profile,false
2026-09-24T11:48:39.000Z,12.89709510281682,74.8905076738447,-33.0,3.0,184.3,5.2799997,27,gps,0.4,0.6,0.8,-86.6,,,,71,,1790250519000,2026-09-24T17:18:39.000+05:30,966.6430649964972,1790250400645,Default Profile,false
2026-09-24T11:48:41.000Z,12.89698592852801,74.89051437936723,-32.0,3.0,164.1,5.91,30,gps,0.4,0.6,0.8,-86.6,,,,71,,1790250521000,2026-09-24T17:18:41.000+05:30,978.8044299494616,1790250400645,Default Profile,false
2026-09-24T11:48:45.000Z,12.89673794992268,74.89058596082032,-31.0,2.5,167.8,8.03,31,gps,0.4,,,-86.6,,,,71,,1790250525000,2026-09-24T17:18:45.000+05:30,1007.4491660747417,1790250400645,Default Profile,false
2026-09-24T11:48:49.000Z,12.896425011567771,74.8905420396477,-31.0,3.0,206.7,9.08,29,gps,0.4,0.8,0.8,-86.6,,,,71,,1790250529000,2026-09-24T17:18:49.000+05:30,1042.5704647403954,1790250400645,Default Profile,false
2026-09-24T11:48:53.000Z,12.896175188943744,74.89030650816858,-30.0,3.0,236.0,9.49,26,gps,0.4,,,-86.6,,,,71,,1790250533000,2026-09-24T17:18:53.000+05:30,1080.298670361212,1790250400645,Default Profile,false
2026-09-24T11:48:57.000Z,12.89598542265594,74.88998514600098,-28.0,3.5,237.5,8.65,25,gps,0.4,0.8,1.0,-86.6,,,,71,,1790250537000,2026-09-24T17:18:57.000+05:30,1121.024066811952,1790250400645,Default Profile,false
2026-09-24T11:49:00.000Z,12.895827004685998,74.88980703055859,-27.0,4.0,215.7,7.74,22,gps,0.4,0.8,1.0,-86.6,,,,71,,1790250540000,2026-09-24T17:19:00.000+05:30,1147.1586954786742,1790250400645,Default Profile,false
2026-09-24T11:49:04.000Z,12.89558133110404,74.88968909718096,-27.0,4.5,197.9,8.0,24,gps,0.4,0.8,1.0,-86.6,,,,71,,1790250544000,2026-09-24T17:19:04.000+05:30,1177.3191887942976,1790250400645,Default Profile,false
2026-09-24T11:49:08.000Z,12.89531725924462,74.88973394036293,-25.0,4.5,159.5,7.49,24,gps,0.4,0.8,1.0,-86.6,,,,71,,1790250548000,2026-09-24T17:19:08.000+05:30,1207.0822100216874,1790250400645,Default Profile,false
2026-09-24T11:49:12.000Z,12.895101634785533,74.88990400917828,-24.0,4.5,141.3,7.8399997,20,gps,0.6,1.0,1.2,-86.6,,,,71,,1790250552000,2026-09-24T17:19:12.000+05:30,1237.3257586490602,1790250400645,Default Profile,false
2026-09-24T11:49:16.000Z,12.894883286207914,74.89011565223336,-23.0,4.0,141.3,7.58,24,gps,0.4,0.8,1.0,-86.6,,,,71,,1790250556000,2026-09-24T17:19:16.000+05:30,1270.7283310991675,1790250400645,Default Profile,false
2026-09-24T11:49:20.000Z,12.894628560170531,74.89018438383937,-23.0,5.0,190.1,6.5,20,gps,0.6,1.0,1.2,-86.6,,,,71,,1790250560000,2026-09-24T17:19:20.000+05:30,1300.0159280186367,1790250400645,Default Profile,false
2026-09-24T11:49:24.000Z,12.894432004541159,74.8900013230741,-21.0,5.0,225.5,6.22,26,gps,0.4,0.8,1.0,-86.6,,,,71,,1790250564000,2026-09-24T17:19:24.000+05:30,1329.5353079131362,1790250400645,Default Profile,false
2026-09-24T11:49:28.000Z,12.894293745048344,74.88990342244506,-19.0,4.0,197.3,5.2599998,27,gps,0.4,0.8,0.8,-86.6,,,,71,,1790250568000,2026-09-24T17:19:28.000+05:30,1348.2157020900147,1790250400645,Default Profile,false
2026-09-24T11:49:31.000Z,12.894130507484078,74.88986117765307,-19.0,3.5,173.9,6.0299997,27,gps,0.4,0.8,0.8,-86.6,,,,71,,1790250571000,2026-09-24T17:19:31.000+05:30,1366.9355443773254,1790250400645,Default Profile,false
2026-09-24T11:49:35.000Z,12.893879008479416,74.88994281738997,-16.0,3.5,153.2,6.6,26,gps,0.4,0.8,0.8,-86.6,,,,71,,1790250575000,2026-09-24T17:19:35.000+05:30,1396.2676004025886,1790250400645,Default Profile,false
2026-09-24T11:49:39.000Z,12.893656636588275,74.8899999819696,-15.0,3.5,181.1,5.8799996,21,gps,0.4,1.0,1.0,-86.6,,,,71,,1790250579000,2026-09-24T17:19:39.000+05:30,1421.7587392007442,1790250400645,Default Profile,false
2026-09-24T11:49:42.000Z,12.89352344814688,74.88994784653187,-15.0,4.0,211.7,6.0,17,gps,0.6,1.0,1.2,-86.6,,,,71,,1790250582000,2026-09-24T17:19:42.000+05:30,1437.6101308432578,1790250400645,Default Profile,false
2026-09-24T11:49:45.000Z,12.893375088460743,74.88984575495124,-15.0,4.5,221.8,6.31,21,gps,0.6,0.8,1.0,-86.6,,,,71,,1790250585000,2026-09-24T17:19:45.000+05:30,1457.474640784933,1790250400645,Default Profile,false
2026-09-24T11:49:49.000Z,12.893121703527868,74.88968624733388,-12.0,4.5,216.8,7.02,22,gps,0.6,0.8,1.0,-86.6,,,,71,,1790250589000,2026-09-24T17:19:49.000+05:30,1490.531497358942,1790250400645,Default Profile,false
2026-09-24T11:49:53.000Z,12.892894553951919,74.88948206417263,-9.0,4.0,241.1,7.97,23,gps,0.4,0.8,1.0,-86.6,,,,71,,1790250593000,2026-09-24T17:19:53.000+05:30,1524.1138404667226,1790250400645,Default Profile,false
2026-09-24T11:49:57.000Z,12.892749547027051,74.88919012248516,-9.0,4.5,247.1,7.8399997,24,gps,0.4,0.8,1.0,-86.6,,,,71,,1790250597000,2026-09-24T17:19:57.000+05:30,1559.629035290432,1790250400645,Default Profile,false
2026-09-24T11:50:01.000Z,12.892615143209696,74.88889239728451,-10.0,5.5,238.0,8.34,22,gps,0.4,1.0,1.0,-86.6,,,,71,,1790250601000,2026-09-24T17:20:01.000+05:30,1595.1925941125292,1790250400645,Default Profile,false
2026-09-24T11:50:05.000Z,12.892388999462128,74.88870355300605,-8.0,5.5,210.6,7.08,20,gps,0.6,1.0,1.2,-86.6,,,,70,,1790250605000,2026-09-24T17:20:05.000+05:30,1627.6165013657796,1790250400645,Default Profile,false
2026-09-24T11:50:08.000Z,12.89216314908117,74.88866977393627,-9.0,4.5,177.4,7.5499997,24,gps,0.4,0.8,1.0,-86.6,,,,70,,1790250608000,2026-09-24T17:20:08.000+05:30,1652.9954170727258,1790250400645,Default Profile,false
2026-09-24T11:50:12.000Z,12.891915841028094,74.88869265653193,-11.0,4.5,176.5,5.92,20,gps,0.6,1.0,1.2,-86.6,,,,70,,1790250612000,2026-09-24T17:20:12.000+05:30,1680.6064452957417,1790250400645,Default Profile,false
2026-09-24T11:50:16.000Z,12.891712202690542,74.88863188773394,-11.0,4.5,207.2,5.2999997,26,gps,0.4,0.8,0.8,-86.6,,,,70,,1790250616000,2026-09-24T17:20:16.000+05:30,1704.1885784973836,1790250400645,Default Profile,false
2026-09-24T11:50:19.000Z,12.891555586829782,74.88856726326048,-12.0,4.0,207.5,4.93,30,gps,0.4,0.6,0.8,-86.6,,,,70,,1790250619000,2026-09-24T17:20:19.000+05:30,1722.9594431887995,1790250400645,Default Profile,false
2026-09-24T11:50:23.000Z,12.891368544660509,74.88847120665014,-11.0,4.0,194.6,4.89,28,gps,0.4,0.6,0.8,-86.6,,,,70,,1790250623000,2026-09-24T17:20:23.000+05:30,1746.2181609035458,1790250400645,Default Profile,false
2026-09-24T11:50:26.000Z,12.891220562160015,74.88843323662877,-11.0,3.5,194.8,5.1,29,gps,0.4,0.6,0.8,-86.6,,,,70,,1790250626000,2026-09-24T17:20:26.000+05:30,1763.1799554179124,1790250400645,Default Profile,false
2026-09-24T11:50:30.000Z,12.890974092297256,74.8883400298655,-10.0,3.5,201.8,7.12,26,gps,0.4,0.8,0.8,-86.6,,,,70,,1790250630000,2026-09-24T17:20:30.000+05:30,1792.3890003613533,1790250400645,Default Profile,false
2026-09-24T11:50:34.000Z,12.890667230822146,74.88823106512427,-12.0,4.5,202.7,7.2,27,gps,0.4,0.6,0.8,-86.6,,,,70,,1790250634000,2026-09-24T17:20:34.000+05:30,1828.4967743608731,1790250400645,Default Profile,false
2026-09-24T11:50:37.000Z,12.890448505058885,74.88818253390491,-12.0,4.5,196.5,7.46,26,gps,0.4,0.6,0.8,-86.6,,,,70,,1790250637000,2026-09-24T17:20:37.000+05:30,1853.3803553342743,1790250400645,Default Profile,false
2026-09-24T11:50:41.000Z,12.890152581967413,74.88806024193764,-13.0,3.5,202.8,8.2699995,29,gps,0.4,0.6,0.8,-86.6,,,,70,,1790250641000,2026-09-24T17:20:41.000+05:30,1888.855113158434,1790250400645,Default Profile,false
2026-09-24T11:50:45.000Z,12.889865124598145,74.88794381730258,-13.0,3.5,200.7,7.7,27,gps,0.4,0.6,0.8,-86.6,,,,70,,1790250645000,2026-09-24T17:20:45.000+05:30,1923.2199027728138,1790250400645,Default Profile,false
2026-09-24T11:50:49.000Z,12.889577122405171,74.88783309236169,-13.0,3.0,199.5,7.25,27,gps,0.4,0.8,0.8,-86.6,,,,70,,1790250649000,2026-09-24T17:20:49.000+05:30,1957.4193818148678,1790250400645,Default Profile,false
2026-09-24T11:50:52.000Z,12.889364892616868,74.88774348981678,-13.0,3.5,200.7,7.95,27,gps,0.4,0.8,0.8,-86.6,,,,70,,1790250652000,2026-09-24T17:20:52.000+05:30,1982.9386998048599,1790250400645,Default Profile,false
2026-09-24T11:50:56.000Z,12.889116914011538,74.88765011541545,-13.0,3.5,197.3,4.73,27,gps,0.4,0.8,0.8,-86.6,,,,70,,1790250656000,2026-09-24T17:20:56.000+05:30,2012.311493838715,1790250400645,Default Profile,false
2026-09-24T11:51:00.000Z,12.888984605669975,74.88759186118841,-12.0,4.0,198.0,4.02,26,gps,0.4,0.8,0.8,-86.6,,,,70,,1790250660000,2026-09-24T17:21:00.000+05:30,2028.3213228077802,1790250400645,Default Profile,false
2026-09-24T11:51:04.000Z,12.888859631493688,74.88754148595035,-12.0,3.5,197.6,3.72,23,gps,0.4,0.8,1.0,-86.6,,,,70,,1790250664000,2026-09-24T17:21:04.000+05:30,2043.2520913180153,1790250400645,Default Profile,false
2026-09-24T11:51:08.000Z,12.888727993704379,74.88750670105219,-12.0,3.5,196.4,2.87,28,gps,0.4,0.8,0.8,-86.6,,,,70,,1790250668000,2026-09-24T17:21:08.000+05:30,2058.367360929215,1790250400645,Default Profile,false
2026-09-24T11:51:12.000Z,12.88863428402692,74.88747082650661,-11.0,3.5,203.3,2.1599998,28,gps,0.4,0.8,1.0,-86.6,,,,70,,1790250672000,2026-09-24T17:21:12.000+05:30,2069.4893292150796,1790250400645,Default Profile,false
2026-09-24T11:51:16.000Z,12.888558763079345,74.88744299858809,-11.0,3.5,198.8,2.6699998,27,gps,0.4,0.8,0.8,-86.6,,,,70,,1790250676000,2026-09-24T17:21:16.000+05:30,2078.412178141821,1790250400645,Default Profile,false
2026-09-24T11:51:20.000Z,12.888432070612907,74.8873748537153,-12.0,3.5,212.5,4.49,29,gps,0.4,0.6,0.8,-86.6,,,,70,,1790250680000,2026-09-24T17:21:20.000+05:30,2094.318753033516,1790250400645,Default Profile,false
2026-09-24T11:51:24.000Z,12.88826116360724,74.88726127892733,-14.0,3.0,215.2,5.4,29,gps,0.4,0.6,0.8,-86.6,,,,70,,1790250684000,2026-09-24T17:21:24.000+05:30,2116.9617843598294,1790250400645,Default Profile,false
2026-09-24T11:51:28.000Z,12.888113013468683,74.88715591840446,-14.0,2.5,214.1,4.24,29,gps,0.4,0.8,0.8,-86.6,,,,70,,1790250688000,2026-09-24T17:21:28.000+05:30,2137.0068177471176,1790250400645,Default Profile,false
2026-09-24T11:51:31.000Z,12.888001408427954,74.88707813434303,-14.0,3.0,216.1,4.5699997,27,gps,0.4,0.8,0.8,-86.6,,,,70,,1790250691000,2026-09-24T17:21:31.000+05:30,2152.0099105325503,1790250400645,Default Profile,false
2026-09-24T11:51:34.000Z,12.887869686819613,74.88697797060013,-15.0,3.0,216.0,5.02,29,gps,0.4,0.8,0.8,-86.6,,,,70,,1790250694000,2026-09-24T17:21:34.000+05:30,2170.2418902539807,1790250400645,Default Profile,false
2026-09-24T11:51:38.000Z,12.88775447756052,74.88687051460147,-15.0,3.0,218.1,3.23,26,gps,0.4,0.8,0.8,-86.6,,,,70,,1790250698000,2026-09-24T17:21:38.000+05:30,2187.556027393028,1790250400645,Default Profile,false
2026-09-24T11:51:41.000Z,12.887690858915448,74.88679742440581,-15.0,3.5,226.0,3.8799999,30,gps,0.4,0.6,0.8,-86.6,,,,70,,1790250701000,2026-09-24T17:21:41.000+05:30,2198.1771799058724,1790250400645,Default Profile,false
2026-09-24T11:51:45.000Z,12.887596939690411,74.88668250851333,-15.0,3.5,232.4,2.74,30,gps,0.4,0.6,0.8,-86.6,,,,70,,1790250705000,2026-09-24T17:21:45.000+05:30,2214.4320161217997,1790250400645,Default Profile,false
2026-09-24T11:51:49.000Z,12.887515635229647,74.88658469170332,-16.0,4.0,228.5,3.32,27,gps,0.4,0.6,0.8,-86.6,,,,70,,1790250709000,2026-09-24T17:21:49.000+05:30,2228.3658391535264,1790250400645,Default Profile,false
2026-09-24T11:51:52.000Z,12.887464798986912,74.88651587627828,-15.0,4.0,231.2,2.6599998,28,gps,0.4,0.6,0.8,-86.6,,,,70,,1790250712000,2026-09-24T17:21:52.000+05:30,2237.724933717662,1790250400645,Default Profile,false
2026-09-24T11:51:56.000Z,12.887391583062708,74.88643884658813,-14.0,4.5,226.3,2.37,30,gps,0.4,0.6,0.8,-86.6,,,,70,,1790250716000,2026-09-24T17:21:56.000+05:30,2249.386614329696,1790250400645,Default Profile,false
2026-09-24T11:52:00.000Z,12.887286515906453,74.88633809611201,-14.0,4.5,217.4,5.02,28,gps,0.4,0.8,0.8,-86.6,,,,70,,1790250720000,2026-09-24T17:22:00.000+05:30,2265.378913808713,1790250400645,Default Profile,false
2026-09-24T11:52:04.000Z,12.887069885618985,74.88618168979883,-16.0,4.0,220.0,7.77,30,gps,0.4,0.6,0.8,-86.6,,,,70,,1790250724000,2026-09-24T17:22:04.000+05:30,2294.8350249598398,1790250400645,Default Profile,false
2026-09-24T11:52:07.000Z,12.886913479305804,74.88602754659951,-19.0,4.0,231.8,6.68,29,gps,0.4,0.6,0.8,-86.6,,,,70,,1790250727000,2026-09-24T17:22:07.000+05:30,2318.9520710827073,1790250400645,Default Profile,false
2026-09-24T11:52:10.000Z,12.886771741323173,74.88586443476379,-21.0,3.5,235.2,6.35,31,gps,0.4,0.6,0.8,-86.6,,,,70,,1790250730000,2026-09-24T17:22:10.000+05:30,2342.6373086495582,1790250400645,Default Profile,false
2026-09-24T11:52:14.000Z,12.88661374244839,74.8855771869421,-23.0,3.0,241.2,6.64,29,gps,0.4,0.6,0.8,-86.6,,,,70,,1790250734000,2026-09-24T17:22:14.000+05:30,2378.3879695353266,1790250400645,Default Profile,false
2026-09-24T11:52:18.000Z,12.886488097719848,74.88536571152508,-25.0,3.0,237.5,5.33,27,gps,0.4,0.8,0.8,-86.6,,,,70,,1790250738000,2026-09-24T17:22:18.000+05:30,2405.2327490177886,1790250400645,Default Profile,false
2026-09-24T11:52:21.000Z,12.886410607025027,74.88525272347033,-25.0,3.0,238.4,4.65,27,gps,0.4,0.8,0.8,-86.6,,,,70,,1790250741000,2026-09-24T17:22:21.000+05:30,2420.2074245232593,1790250400645,Default Profile,false
2026-09-24T11:52:25.000Z,12.886301097460091,74.88508910872042,-25.0,3.5,238.5,5.25,23,gps,0.4,0.8,1.0,-86.6,,,,70,,1790250745000,2026-09-24T17:22:25.000+05:30,2441.7203187230616,1790250400645,Default Profile,false
2026-09-24T11:52:29.000Z,12.886192803271115,74.88490914925933,-24.0,4.0,235.5,4.58,28,gps,0.4,0.8,0.8,-86.6,,,,70,,1790250749000,2026-09-24T17:22:29.000+05:30,2464.644363625092,1790250400645,Default Profile,false
2026-09-24T11:52:33.000Z,12.886113342829049,74.88482541404665,-24.0,4.0,226.8,2.0,27,gps,0.4,0.8,1.0,-86.6,,,,70,,1790250753000,2026-09-24T17:22:33.000+05:30,2477.311229287761,1790250400645,Default Profile,false
2026-09-24T11:52:37.000Z,12.88604259956628,74.8847378231585,-23.0,4.5,230.1,3.03,28,gps,0.4,0.8,0.8,-86.6,,,,70,,1790250757000,2026-09-24T17:22:37.000+05:30,2489.6409359781974,1790250400645,Default Profile,false
2026-09-24T11:52:41.000Z,12.885937616229057,74.88458049483597,-22.0,3.5,239.9,4.29,28,gps,0.4,0.8,0.8,-86.6,,,,70,,1790250761000,2026-09-24T17:22:41.000+05:30,2510.3072452898778,1790250400645,Default Profile,false
2026-09-24T11:52:44.000Z,12.885852414183319,74.88443649373949,-23.0,3.0,242.2,4.66,29,gps,0.4,0.6,0.8,-86.6,,,,70,,1790250764000,2026-09-24T17:22:44.000+05:30,2528.5663915947766,1790250400645,Default Profile,false
2026-09-24T11:52:48.000Z,12.885777773335576,74.8842784948647,-24.0,2.5,251.0,4.5899997,30,gps,0.4,0.6,0.8,-86.6,,,,70,,1790250768000,2026-09-24T17:22:48.000+05:30,2547.5977486655274,1790250400645,Default Profile,false
2026-09-24T11:52:52.000Z,12.885732552967966,74.88411127589643,-23.0,3.0,254.7,4.52,31,gps,0.4,0.6,0.8,-86.6,,,,70,,1790250772000,2026-09-24T17:22:52.000+05:30,2566.4079199563366,1790250400645,Default Profile,false
2026-09-24T11:52:56.000Z,12.885678363963962,74.8839335795492,-22.0,3.0,260.6,5.1,29,gps,0.4,0.6,0.8,-86.6,,,,70,,1790250776000,2026-09-24T17:22:56.000+05:30,2586.589753205553,1790250400645,Default Profile,false
2026-09-24T11:52:59.000Z,12.885664575733244,74.8838175740093,-22.0,3.5,259.3,2.78,27,gps,0.4,0.6,0.8,-86.6,,,,70,,1790250779000,2026-09-24T17:22:59.000+05:30,2599.257264114576,1790250400645,Default Profile,false
2026-09-24T11:53:03.000Z,12.885650242678821,74.88369662314653,-20.0,3.5,261.6,3.81,32,gps,0.4,0.6,0.8,-86.6,,,,70,,1790250783000,2026-09-24T17:23:03.000+05:30,2612.464215037524,1790250400645,Default Profile,false
2026-09-24T11:53:07.000Z,12.885623169131577,74.88356108777225,-19.0,3.5,262.0,2.87,27,gps,0.4,0.8,0.8,-86.6,,,,70,,1790250787000,2026-09-24T17:23:07.000+05:30,2627.460801475053,1790250400645,Default Profile,false
2026-09-24T11:53:11.000Z,12.885593078099191,74.88340266980231,-20.0,3.5,264.7,4.52,29,gps,0.4,0.6,0.8,-86.6,,,,70,,1790250791000,2026-09-24T17:23:11.000+05:30,2644.9554258216463,1790250400645,Default Profile,false
2026-09-24T11:53:15.000Z,12.885565040633082,74.88321734592319,-20.0,3.5,261.4,3.9199998,28,gps,0.4,0.6,0.8,-86.6,,,,70,,1790250795000,2026-09-24T17:23:15.000+05:30,2665.284044207407,1790250400645,Default Profile,false
2026-09-24T11:53:19.000Z,12.88554827682674,74.88302892073989,-19.0,3.5,271.4,5.2,30,gps,0.4,0.6,0.8,-86.6,,,,70,,1790250799000,2026-09-24T17:23:19.000+05:30,2685.793231643402,1790250400645,Default Profile,false
2026-09-24T11:53:23.000Z,12.885515210218728,74.88280269317329,-18.0,3.5,268.2,5.62,29,gps,0.4,0.6,0.8,-86.6,,,,70,,1790250803000,2026-09-24T17:23:23.000+05:30,2710.5892380180726,1790250400645,Default Profile,false
2026-09-24T11:53:26.000Z,12.885503014549613,74.8826311994344,-19.0,3.5,271.4,4.8599997,29,gps,0.4,0.6,0.8,-86.6,,,,70,,1790250806000,2026-09-24T17:23:26.000+05:30,2729.227662133332,1790250400645,Default Profile,false
2026-09-24T11:53:30.000Z,12.885508798062801,74.8824599571526,-18.0,3.5,265.4,2.7,29,gps,0.4,0.6,0.8,-86.6,,,,70,,1790250810000,2026-09-24T17:23:30.000+05:30,2747.800568019548,1790250400645,Default Profile,false
2026-09-24T11:53:34.000Z,12.88550506811589,74.88239709287882,-17.0,4.0,272.6,0.87,28,gps,0.4,0.6,0.8,-86.6,,,,70,,1790250814000,2026-09-24T17:23:34.000+05:30,2754.6273373263916,1790250400645,Default Profile,false
2026-09-24T11:53:38.000Z,12.885505361482501,74.88234822638333,-16.0,3.5,282.5,1.66,30,gps,0.4,0.6,0.8,-86.6,,,,70,,1790250818000,2026-09-24T17:23:38.000+05:30,2759.9243106112244,1790250400645,Default Profile,false
2026-09-24T11:53:42.000Z,12.885499577969313,74.88226155750453,-14.0,4.0,274.5,2.5,30,gps,0.4,0.6,0.8,-86.6,,,,70,,1790250822000,2026-09-24T17:23:42.000+05:30,2769.340750312753,1790250400645,Default Profile,false
2026-09-24T11:53:46.000Z,12.885488052852452,74.88214027136564,-12.0,4.0,267.1,3.03,29,gps,0.4,0.6,0.8,-86.6,,,,70,,1790250826000,2026-09-24T17:23:46.000+05:30,2782.549848411767,1790250400645,Default Profile,false
2026-09-24T11:53:50.000Z,12.885484700091183,74.8820061609149,-13.0,4.5,274.5,2.87,31,gps,0.4,0.6,0.8,-86.6,,,,70,,1790250830000,2026-09-24T17:23:50.000+05:30,2797.0915015108644,1790250400645,Default Profile,false
2026-09-24T11:53:54.000Z,12.885472672060132,74.88189443014562,-12.0,4.5,278.0,2.36,31,gps,0.4,0.6,0.8,-86.6,,,,70,,1790250834000,2026-09-24T17:23:54.000+05:30,2809.276160267788,1790250400645,Default Profile,false
2026-09-24T11:53:58.000Z,12.88545670453459,74.88179284147918,-12.0,4.5,265.7,1.9699999,30,gps,0.4,0.6,0.8,-86.6,,,,70,,1790250838000,2026-09-24T17:23:58.000+05:30,2820.430064531143,1790250400645,Default Profile,false
2026-09-24T11:54:02.000Z,12.885437258519232,74.88169209100306,-12.0,4.5,266.7,2.73,29,gps,0.4,0.6,0.8,-86.6,,,,70,,1790250842000,2026-09-24T17:24:02.000+05:30,2831.562899500595,1790250400645,Default Profile,false
2026-09-24T11:54:06.000Z,12.885436546057463,74.88154716789722,-13.0,4.0,272.3,3.31,31,gps,0.4,0.6,0.8,-86.6,,,,70,,1790250846000,2026-09-24T17:24:06.000+05:30,2847.2720111573176,1790250400645,Default Profile,false
2026-09-24T11:54:10.000Z,12.88543910253793,74.88138925284147,-12.0,4.5,270.5,3.06,26,gps,0.4,0.8,0.8,-86.6,,,,69,,1790250850000,2026-09-24T17:24:10.000+05:30,2864.391543151727,1790250400645,Default Profile,false
2026-09-24T11:54:14.000Z,12.885416052304208,74.88124743103981,-11.0,4.5,262.8,3.33,31,gps,0.4,0.6,0.8,-86.6,,,,69,,1790250854000,2026-09-24T17:24:14.000+05:30,2879.9764935693206,1790250400645,Default Profile,false
2026-09-24T11:54:18.000Z,12.885429714806378,74.88110569305718,-10.0,4.5,281.0,3.81,25,gps,0.4,0.8,0.8,-86.6,,,,69,,1790250858000,2026-09-24T17:24:18.000+05:30,2895.415084170785,1790250400645,Default Profile,false
2026-09-24T11:54:21.000Z,12.88540683221072,74.88093755207956,-9.0,4.5,260.6,4.08,29,gps,0.4,0.6,0.8,-86.6,,,,69,,1790250861000,2026-09-24T17:24:21.000+05:30,2913.817447461144,1790250400645,Default Profile,false
2026-09-24T11:54:24.000Z,12.885380513034761,74.88076547160745,-8.0,4.0,272.7,4.22,29,gps,0.4,0.6,0.8,-86.6,,,,69,,1790250864000,2026-09-24T17:24:24.000+05:30,2932.69826968428,1790250400645,Default Profile,false
2026-09-24T11:54:28.000Z,12.885355786420405,74.8805454466492,-10.0,4.0,264.9,5.38,24,gps,0.4,0.8,1.0,-86.6,,,,69,,1790250868000,2026-09-24T17:24:28.000+05:30,2956.7058009147017,1790250400645,Default Profile,false
2026-09-24T11:54:32.000Z,12.88534874562174,74.88020380027592,-10.0,3.5,259.4,6.0699997,23,gps,0.4,0.8,1.0,-86.6,,,,69,,1790250872000,2026-09-24T17:24:32.000+05:30,2993.746780321578,1790250400645,Default Profile,false
2026-09-24T11:54:36.000Z,12.885269075632095,74.8799323104322,-11.0,3.5,251.0,6.3799996,29,gps,0.4,0.6,0.8,-86.6,,,,69,,1790250876000,2026-09-24T17:24:36.000+05:30,3024.4793914042116,1790250400645,Default Profile,false
2026-09-24T11:54:40.000Z,12.885167822241783,74.87967917695642,-12.0,4.0,249.1,5.06,29,gps,0.4,0.6,0.8,-86.6,,,,69,,1790250880000,2026-09-24T17:24:40.000+05:30,3054.1378907239405,1790250400645,Default Profile,false
2026-09-24T11:54:44.000Z,12.885123901069164,74.87955830991268,-12.0,4.0,249.1,1.5,31,gps,0.4,0.6,0.8,-86.6,,,,69,,1790250884000,2026-09-24T17:24:44.000+05:30,3068.1199378122765,1790250400645,Default Profile,false
2026-09-24T11:54:48.000Z,12.885110573843122,74.8794523626566,-12.0,4.0,263.5,3.06,29,gps,0.4,0.6,0.8,-86.6,,,,69,,1790250888000,2026-09-24T17:24:48.000+05:30,3079.699303792126,1790250400645,Default Profile,false
2026-09-24T11:54:52.000Z,12.885054498910904,74.8791841417551,-13.0,3.5,264.6,6.7,28,gps,0.4,0.8,0.8,-86.6,,,,69,,1790250892000,2026-09-24T17:24:52.000+05:30,3109.4341956407056,1790250400645,Default Profile,false
2026-09-24T11:54:56.000Z,12.884991215541959,74.87893427722156,-13.0,3.5,249.1,5.94,32,gps,0.4,0.6,0.8,-86.6,,,,69,,1790250896000,2026-09-24T17:24:56.000+05:30,3137.417455631797,1790250400645,Default Profile,false
2026-09-24T11:54:59.000Z,12.884911000728607,74.87877401523292,-13.0,3.5,249.3,5.7799997,28,gps,0.4,0.8,0.8,-86.6,,,,69,,1790250899000,2026-09-24T17:24:59.000+05:30,3156.945119169074,1790250400645,Default Profile,false
2026-09-24T11:55:03.000Z,12.884812136180699,74.87855046987534,-13.0,3.0,249.7,4.87,29,gps,0.4,0.6,0.8,-86.6,,,,69,,1790250903000,2026-09-24T17:25:03.000+05:30,3183.5534419263386,1790250400645,Default Profile,false
2026-09-24T11:55:06.000Z,12.884753923863173,74.87840537913144,-14.0,3.0,253.2,4.21,28,gps,0.4,0.8,0.8,-86.6,,,,69,,1790250906000,2026-09-24T17:25:06.000+05:30,3200.560530193416,1790250400645,Default Profile,false
2026-09-24T11:55:10.000Z,12.884672074578702,74.87819717265666,-13.0,2.5,250.2,5.0,30,gps,0.4,0.6,0.8,-86.6,,,,69,,1790250910000,2026-09-24T17:25:10.000+05:30,3224.895123946218,1790250400645,Default Profile,false
2026-09-24T11:55:14.000Z,12.884585866704583,74.87798896618187,-14.0,3.0,248.3,5.19,27,gps,0.4,0.8,0.8,-86.6,,,,69,,1790250914000,2026-09-24T17:25:14.000+05:30,3249.4151067489324,1790250400645,Default Profile,false
2026-09-24T11:55:17.000Z,12.884536078199744,74.87786449491978,-15.0,3.0,248.5,4.77,23,gps,0.4,0.8,1.0,-86.6,,,,69,,1790250917000,2026-09-24T17:25:17.000+05:30,3263.9988717954852,1790250400645,Default Profile,false
2026-09-24T11:55:21.000Z,12.884463365189731,74.87768847495317,-16.0,4.0,248.4,4.67,22,gps,0.6,1.0,1.2,-86.6,,,,69,,1790250921000,2026-09-24T17:25:21.000+05:30,3284.721037110047,1790250400645,Default Profile,false
2026-09-24T11:55:25.000Z,12.884396519511938,74.87748781219125,-16.0,4.0,254.1,5.39,20,gps,0.6,1.0,1.2,-86.6,,,,69,,1790250925000,2026-09-24T17:25:25.000+05:30,3307.7068840110837,1790250400645,Default Profile,false
2026-09-24T11:55:29.000Z,12.884310060180724,74.8771985527128,-15.0,3.5,251.0,7.06,25,gps,0.4,0.8,1.0,-86.6,,,,69,,1790250929000,2026-09-24T17:25:29.000+05:30,3340.502033484836,1790250400645,Default Profile,false
2026-09-24T11:55:32.000Z,12.884209477342665,74.87695002928376,-16.0,3.5,252.9,8.16,28,gps,0.4,0.6,0.8,-86.6,,,,69,,1790250932000,2026-09-24T17:25:32.000+05:30,3369.670273327324,1790250400645,Default Profile,false
2026-09-24T11:55:36.000Z,12.884122347459197,74.87662296742201,-17.0,3.0,255.8,8.13,30,gps,0.4,0.6,0.8,-86.6,,,,69,,1790250936000,2026-09-24T17:25:36.000+05:30,3406.4222594652297,1790250400645,Default Profile,false
2026-09-24T11:55:39.000Z,12.88405898027122,74.8764057084918,-18.0,3.5,254.9,7.04,31,gps,0.4,0.6,0.8,-86.6,,,,69,,1790250939000,2026-09-24T17:25:39.000+05:30,3431.0036316130804,1790250400645,Default Profile,false
2026-09-24T11:55:43.000Z,12.88397055119276,74.87612038850784,-18.0,3.0,253.7,7.08,27,gps,0.4,0.8,0.8,-86.6,,,,69,,1790250943000,2026-09-24T17:25:43.000+05:30,3463.4564905647912,1790250400645,Default Profile,false
2026-09-24T11:55:47.000Z,12.883894611150026,74.87583540380001,-17.0,3.5,253.0,6.89,32,gps,0.4,0.6,0.8,-86.6,,,,69,,1790250947000,2026-09-24T17:25:47.000+05:30,3495.480863244794,1790250400645,Default Profile,false
2026-09-24T11:55:50.000Z,12.883855383843184,74.87565016373992,-17.0,3.5,261.4,6.1,29,gps,0.4,0.6,0.8,-86.6,,,,69,,1790250950000,2026-09-24T17:25:50.000+05:30,3516.02836106621,1790250400645,Default Profile,false
2026-09-24T11:55:54.000Z,12.88381980266422,74.8754251934588,-17.0,3.5,264.1,5.75,26,gps,0.4,0.8,1.0,-86.6,,,,69,,1790250954000,2026-09-24T17:25:54.000+05:30,3540.7329969451907,1790250400645,Default Profile,false
2026-09-24T11:55:58.000Z,12.8837526217103,74.87519611604512,-17.0,4.0,251.5,4.5499997,24,gps,0.4,0.8,1.0,-86.6,,,,69,,1790250958000,2026-09-24T17:25:58.000+05:30,3566.663296779648,1790250400645,Default Profile,false
2026-09-24T11:56:02.000Z,12.883691978640854,74.8750176653266,-17.0,4.0,253.1,3.81,25,gps,0.4,0.8,0.8,-86.6,,,,69,,1790250962000,2026-09-24T17:26:02.000+05:30,3587.1482328619536,1790250400645,Default Profile,false
2026-09-24T11:56:05.000Z,12.883651535958052,74.87491607666016,-16.0,4.5,247.8,3.4499998,28,gps,0.4,0.6,0.8,-86.6,,,,69,,1790250965000,2026-09-24T17:26:05.000+05:30,3599.0428571690927,1790250400645,Default Profile,false
2026-09-24T11:56:09.000Z,12.883599232882261,74.8746891785413,-16.0,4.0,247.4,4.46,22,gps,0.4,0.8,1.0,-86.6,,,,69,,1790250969000,2026-09-24T17:26:09.000+05:30,3624.315885246447,1790250400645,Default Profile,false
2026-09-24T11:56:12.000Z,12.883575009182096,74.87457409501076,-16.0,4.0,257.9,2.33,26,gps,0.4,0.8,0.8,-86.6,,,,69,,1790250972000,2026-09-24T17:26:12.000+05:30,3637.0779226817726,1790250400645,Default Profile,false
2026-09-24T11:56:16.000Z,12.883534273132682,74.87444174475968,-15.0,4.5,251.4,3.73,23,gps,0.4,0.8,0.8,-86.6,,,,69,,1790250976000,2026-09-24T17:26:16.000+05:30,3652.1222157585426,1790250400645,Default Profile,false
2026-09-24T11:56:20.000Z,12.88347186986357,74.8742750287056,-16.0,4.0,251.8,4.61,28,gps,0.4,0.8,0.8,-86.6,,,,69,,1790250980000,2026-09-24T17:26:20.000+05:30,3671.479911042483,1790250400645,Default Profile,false
2026-09-24T11:56:24.000Z,12.883387296460569,74.87402759492397,-17.0,3.0,253.3,5.6099997,32,gps,0.4,0.6,0.8,-86.6,,,,69,,1790250984000,2026-09-24T17:26:24.000+05:30,3699.9015654813816,1790250400645,Default Profile,false
2026-09-24T11:56:27.000Z,12.883318774402142,74.87388107925653,-20.0,2.5,248.3,3.83,31,gps,0.4,0.6,0.8,-86.6,,,,69,,1790250987000,2026-09-24T17:26:27.000+05:30,3717.5163671101704,1790250400645,Default Profile,false
2026-09-24T11:56:31.000Z,12.883290066383779,74.87379709258676,-20.0,3.5,253.1,1.9,31,gps,0.4,0.6,0.8,-86.6,,,,69,,1790250991000,2026-09-24T17:26:31.000+05:30,3727.1636028636963,1790250400645,Default Profile,false
2026-09-24T11:56:35.000Z,12.883256706409156,74.87368033267558,-20.0,3.5,253.7,3.47,31,gps,0.4,0.6,0.8,-86.6,,,,69,,1790250995000,2026-09-24T17:26:35.000+05:30,3740.3522891340813,1790250400645,Default Profile,false
2026-09-24T11:56:39.000Z,12.88319069892168,74.87359693273902,-20.0,3.5,191.2,1.4499999,29,gps,0.4,0.6,0.8,-86.6,,,,69,,1790250999000,2026-09-24T17:26:39.000+05:30,3751.996874787141,1790250400645,Default Profile,false
2026-09-24T11:56:42.000Z,12.883108598180115,74.8736032191664,-18.0,4.0,148.0,3.6,28,gps,0.4,0.8,0.8,-86.6,,,,69,,1790251002000,2026-09-24T17:26:42.000+05:30,3761.151456820013,1790250400645,Default Profile,false
2026-09-24T11:56:46.000Z,12.882994981482625,74.87371176481247,-17.0,3.5,112.1,5.15,32,gps,0.4,0.6,0.8,-86.6,,,,69,,1790251006000,2026-09-24T17:26:46.000+05:30,3778.415412685502,1790250400645,Default Profile,false
2026-09-24T11:56:49.000Z,12.882912755012512,74.87391368485987,-17.0,3.0,107.4,8.63,25,gps,0.4,0.8,1.0,-86.6,,,,69,,1790251009000,2026-09-24T17:26:49.000+05:30,3802.1356877029493,1790250400645,Default Profile,false
2026-09-24T11:56:53.000Z,12.882812465541065,74.87423739396036,-15.0,3.0,106.4,9.0199995,28,gps,0.4,0.8,0.8,-86.6,,,,69,,1790251013000,2026-09-24T17:26:53.000+05:30,3838.9538903718967,1790250400645,Default Profile,false
2026-09-24T11:56:57.000Z,12.882709871046245,74.87457375973463,-15.0,3.5,105.3,10.389999,26,gps,0.4,0.8,0.8,-86.6,,,,69,,1790251017000,2026-09-24T17:26:57.000+05:30,3877.157610760325,1790250400645,Default Profile,false
2026-09-24T11:57:01.000Z,12.882582675665617,74.87499243579805,-15.0,3.5,105.2,12.03,27,gps,0.4,0.8,0.8,-86.6,,,,69,,1790251021000,2026-09-24T17:27:01.000+05:30,3924.6932611221046,1790250400645,Default Profile,false
2026-09-24T11:57:05.000Z,12.882444583810866,74.87545654177666,-14.0,3.5,106.5,12.92,27,gps,0.4,0.8,0.8,-86.6,,,,69,,1790251025000,2026-09-24T17:27:05.000+05:30,3977.291743730991,1790250400645,Default Profile,false
2026-09-24T11:57:09.000Z,12.882290566340089,74.8759878706187,-12.0,2.5,105.0,13.929999,29,gps,0.4,0.8,0.8,-86.6,,,,69,,1790251029000,2026-09-24T17:27:09.000+05:30,4037.378069137029,1790250400645,Default Profile,false
2026-09-24T11:57:12.000Z,12.88218583445996,74.87636371515691,-11.0,3.0,107.1,13.049999,25,gps,0.4,0.8,1.0,-86.6,,,,69,,1790251032000,2026-09-24T17:27:12.000+05:30,4079.749973693704,1790250400645,Default Profile,false
2026-09-24T11:57:16.000Z,12.881984626874328,74.87678306177258,-11.0,3.0,117.1,12.65,28,gps,0.4,0.6,0.8,-86.6,,,,69,,1790251036000,2026-09-24T17:27:16.000+05:30,4130.41332079954,1790250400645,Default Profile,false
2026-09-24T11:57:20.000Z,12.88173752836883,74.87723191268742,-10.0,3.0,120.3,14.53,29,gps,0.4,0.6,0.8,-86.6,,,,69,,1790251040000,2026-09-24T17:27:20.000+05:30,4186.289331323406,1790250400645,Default Profile,false
2026-09-24T11:57:23.000Z,12.881527058780193,74.87760381773114,-10.0,2.5,118.8,15.549999,28,gps,0.4,0.6,0.8,-86.6,,,,69,,1790251043000,2026-09-24T17:27:23.000+05:30,4232.903283268573,1790250400645,Default Profile,false
2026-09-24T11:57:27.000Z,12.881255610845983,74.87808460369706,-11.0,2.5,119.5,13.15,28,gps,0.4,0.6,0.8,-86.6,,,,69,,1790251047000,2026-09-24T17:27:27.000+05:30,4293.1285398605505,1790250400645,Default Profile,false
2026-09-24T11:57:31.000Z,12.8810431715101,74.87847964279354,-10.0,2.5,118.1,12.37,26,gps,0.4,0.8,1.0,-86.6,,,,69,,1790251051000,2026-09-24T17:27:31.000+05:30,4342.03291921613,1790250400645,Default Profile,false
2026-09-24T11:57:35.000Z,12.880839533172548,74.87886261194944,-9.0,3.0,117.4,12.03,28,gps,0.4,0.8,0.8,-86.6,,,,69,,1790251055000,2026-09-24T17:27:35.000+05:30,4389.319569863507,1790250400645,Default Profile,false
2026-09-24T11:57:38.000Z,12.880662800744176,74.87917768768966,-9.0,3.0,120.8,12.889999,27,gps,0.4,0.8,1.0,-86.6,,,,68,,1790251058000,2026-09-24T17:27:38.000+05:30,4428.723036417282,1790250400645,Default Profile,false
2026-09-24T11:57:42.000Z,12.880355059169233,74.87955462187529,-8.0,3.0,137.5,12.309999,30,gps,0.4,0.6,0.8,-86.6,,,,68,,1790251062000,2026-09-24T17:27:42.000+05:30,4482.018238694637,1790250400645,Default Profile,false
2026-09-24T11:57:46.000Z,12.880096603184938,74.87982057966292,-8.0,3.5,136.3,9.719999,30,gps,0.4,0.6,0.8,-86.6,,,,68,,1790251066000,2026-09-24T17:27:46.000+05:30,4522.725037559692,1790250400645,Default Profile,false
2026-09-24T11:57:50.000Z,12.879829136654735,74.88004454411566,-8.0,3.0,143.2,9.91,32,gps,0.4,0.6,0.8,-86.6,,,,68,,1790251070000,2026-09-24T17:27:50.000+05:30,4561.116451301927,1790250400645,Default Profile,false
2026-09-24T11:57:53.000Z,12.87955479696393,74.88018343225121,-8.0,2.5,159.6,11.78,31,gps,0.4,0.6,0.8,-86.6,,,,68,,1790251073000,2026-09-24T17:27:53.000+05:30,4595.1344183680585,1790250400645,Default Profile,false
2026-09-24T11:57:57.000Z,12.879146807827055,74.88029130734503,-5.0,2.5,166.6,10.87,29,gps,0.4,0.6,0.8,-86.6,,,,68,,1790251077000,2026-09-24T17:27:57.000+05:30,4641.983520944828,1790250400645,Default Profile,false
2026-09-24T11:58:01.000Z,12.878736974671483,74.88040362484753,-4.0,2.5,163.8,12.309999,31,gps,0.4,0.6,0.8,-86.6,,,,68,,1790251081000,2026-09-24T17:28:01.000+05:30,4689.153203438823,1790250400645,Default Profile,false
2026-09-24T11:58:05.000Z,12.878306144848466,74.88052013330162,-6.0,2.5,166.8,11.01,32,gps,0.4,0.6,0.8,-86.6,,,,68,,1790251085000,2026-09-24T17:28:05.000+05:30,4738.696030543162,1790250400645,Default Profile,false
2026-09-24T11:58:09.000Z,12.877932814881206,74.88059523515403,-7.0,2.5,166.9,10.49,31,gps,0.4,0.6,0.8,-86.6,,,,68,,1790251089000,2026-09-24T17:28:09.000+05:30,4780.999142481399,1790250400645,Default Profile,false
2026-09-24T11:58:13.000Z,12.877525705844164,74.88068458624184,-6.0,2.5,166.7,11.75,29,gps,0.4,0.6,0.8,-86.6,,,,68,,1790251093000,2026-09-24T17:28:13.000+05:30,4827.2921460256175,1790250400645,Default Profile,false
2026-09-24T11:58:17.000Z,12.877140725031495,74.88089966587722,-5.0,3.0,136.8,12.9,27,gps,0.4,0.8,0.8,-86.6,,,,68,,1790251097000,2026-09-24T17:28:17.000+05:30,4876.037121054844,1790250400645,Default Profile,false
2026-09-24T11:58:21.000Z,12.876814459450543,74.88123854622245,-5.0,2.5,135.0,12.309999,29,gps,0.4,0.6,0.8,-86.6,,,,68,,1790251101000,2026-09-24T17:28:21.000+05:30,4927.666243147311,1790250400645,Default Profile,false
2026-09-24T11:58:24.000Z,12.876594015397131,74.88148162141442,-5.0,3.0,129.3,10.86,25,gps,0.4,0.6,0.8,-86.6,,,,68,,1790251104000,2026-09-24T17:28:24.000+05:30,4963.654033494949,1790250400645,Default Profile,false
2026-09-24T11:58:28.000Z,12.876333086751401,74.88179971463978,-7.0,3.0,131.9,11.15,27,gps,0.4,0.8,0.8,-86.6,,,,68,,1790251108000,2026-09-24T17:28:28.000+05:30,5008.717771276371,1790250400645,Default Profile,false
2026-09-24T11:58:31.000Z,12.87609453778714,74.88200976513326,-8.0,3.0,141.6,11.61,29,gps,0.4,0.8,0.8,-86.6,,,,68,,1790251111000,2026-09-24T17:28:31.000+05:30,5043.67540399047,1790250400645,Default Profile,false
2026-09-24T11:58:35.000Z,12.875721375457942,74.8821819294244,-11.0,2.0,160.8,10.75,30,gps,0.4,0.6,0.8,-86.6,,,,68,,1790251115000,2026-09-24T17:28:35.000+05:30,5089.172854809928,1790250400645,Default Profile,false
2026-09-24T11:58:39.000Z,12.875412586145103,74.88237521611154,-14.0,3.0,138.7,9.58,27,gps,0.4,0.8,0.8,-86.6,,,,68,,1790251119000,2026-09-24T17:28:39.000+05:30,5129.396453901041,1790250400645,Default Profile,false
2026-09-24T11:58:43.000Z,12.875118255615234,74.88259046338499,-15.0,2.5,153.0,10.63,31,gps,0.4,0.6,0.8,-86.6,,,,68,,1790251123000,2026-09-24T17:28:43.000+05:30,5169.590207260237,1790250400645,Default Profile,false
2026-09-24T11:58:46.000Z,12.874832265079021,74.88265902735293,-15.0,2.5,180.7,11.0,27,gps,0.4,0.8,0.8,-86.6,,,,68,,1790251126000,2026-09-24T17:28:46.000+05:30,5202.247874346667,1790250400645,Default Profile,false
2026-09-24T11:58:50.000Z,12.874434418044984,74.88264461047947,-16.0,2.5,180.4,10.23,28,gps,0.4,0.8,0.8,-86.6,,,,68,,1790251130000,2026-09-24T17:28:50.000+05:30,5246.514041089544,1790250400645,Default Profile,false
2026-09-24T11:58:54.000Z,12.874061213806272,74.88259691745043,-19.0,2.5,196.7,10.05,29,gps,0.4,0.6,0.8,-86.6,,,,68,,1790251134000,2026-09-24T17:28:54.000+05:30,5288.333254799809,1790250400645,Default Profile,false
2026-09-24T11:58:58.000Z,12.87373281084001,74.8824443668127,-20.0,2.5,195.1,9.73,31,gps,0.4,0.6,0.8,-86.6,,,,68,,1790251138000,2026-09-24T17:28:58.000+05:30,5328.419749108361,1790250400645,Default Profile,false
2026-09-24T11:59:02.000Z,12.873396151699126,74.88244847394526,-24.0,2.5,168.4,9.62,31,gps,0.4,0.6,0.8,-86.6,,,,68,,1790251142000,2026-09-24T17:29:02.000+05:30,5365.8571849542295,1790250400645,Default Profile,false
2026-09-24T11:59:05.000Z,12.873158524744213,74.88254922442138,-28.0,3.0,153.8,9.54,26,gps,0.4,0.8,1.0,-86.6,,,,68,,1790251145000,2026-09-24T17:29:05.000+05:30,5394.448203380894,1790250400645,Default Profile,false
2026-09-24T11:59:09.000Z,12.872851453721523,74.8827311117202,-29.0,3.0,151.5,10.04,30,gps,0.4,0.8,0.8,-86.6,,,,68,,1790251149000,2026-09-24T17:29:09.000+05:30,5433.876723864605,1790250400645,Default Profile,false
2026-09-24T11:59:13.000Z,12.872502850368619,74.88285524770617,-31.0,3.0,170.5,9.19,31,gps,0.4,0.6,0.8,-86.6,,,,68,,1790251153000,2026-09-24T17:29:13.000+05:30,5474.908887992919,1790250400645,Default Profile,false
2026-09-24T11:59:16.000Z,12.872268659994006,74.88293655216694,-33.0,4.0,155.2,8.72,27,gps,0.4,0.8,0.8,-86.6,,,,68,,1790251156000,2026-09-24T17:29:16.000+05:30,5502.400687337138,1790250400645,Default Profile,false
2026-09-24T11:59:20.000Z,12.872027680277824,74.88323176279664,-35.0,3.0,128.0,9.36,31,gps,0.4,0.6,0.8,-86.6,,,,68,,1790251160000,2026-09-24T17:29:20.000+05:30,5544.138852619476,1790250400645,Default Profile,false
2026-09-24T11:59:23.000Z,12.87188355345279,74.88346394151449,-37.0,3.0,115.4,9.45,30,gps,0.4,0.6,0.8,-86.6,,,,68,,1790251163000,2026-09-24T17:29:23.000+05:30,5573.976455740626,1790250400645,Default Profile,false
2026-09-24T11:59:26.000Z,12.871850780211389,74.88369964063168,-39.0,3.0,85.4,7.3799996,29,gps,0.4,0.6,0.8,-86.6,,,,68,,1790251166000,2026-09-24T17:29:26.000+05:30,5599.784980275316,1790250400645,Default Profile,false
2026-09-24T11:59:30.000Z,12.871999349445105,74.88393793813884,-39.0,3.0,41.4,8.809999,27,gps,0.4,0.6,0.8,-86.6,,,,68,,1790251170000,2026-09-24T17:29:30.000+05:30,5630.447449137015,1790250400645,Default Profile,false
2026-09-24T11:59:33.000Z,12.872220841236413,74.88409434445202,-40.0,2.5,48.5,9.889999,29,gps,0.4,0.8,0.8,-86.6,,,,68,,1790251173000,2026-09-24T17:29:33.000+05:30,5660.347820356961,1790250400645,Default Profile,false
2026-09-24T11:59:37.000Z,12.872239574790001,74.88443112932146,-42.0,3.0,108.4,10.889999,25,gps,0.4,0.8,1.0,-86.6,,,,68,,1790251177000,2026-09-24T17:29:37.000+05:30,5696.9148552324,1790250400645,Default Profile,false
2026-09-24T11:59:41.000Z,12.8721032012254,74.88486078567803,-43.0,3.5,105.6,11.7,24,gps,0.4,0.8,1.0,-86.6,,,,68,,1790251181000,2026-09-24T17:29:41.000+05:30,5745.89625357626,1790250400645,Default Profile,false
2026-09-24T11:59:45.000Z,12.871951991692185,74.88530594855547,-45.0,3.0,106.2,13.5199995,29,gps,0.4,0.8,0.8,-86.6,,,,68,,1790251185000,2026-09-24T17:29:45.000+05:30,5796.99748625393,1790250400645,Default Profile,false
2026-09-24T11:59:49.000Z,12.871849020011723,74.88572521135211,-47.0,3.0,100.9,10.05,30,gps,0.4,0.8,0.8,-86.6,,,,68,,1790251189000,2026-09-24T17:29:49.000+05:30,5843.86596902947,1790250400645,Default Profile,false
2026-09-24T11:59:53.000Z,12.871783683076501,74.88604540005326,-47.0,2.5,99.0,7.21,31,gps,0.4,0.6,0.8,-86.6,,,,68,,1790251193000,2026-09-24T17:29:53.000+05:30,5879.326856777896,1790250400645,Default Profile,false
2026-09-24T11:59:57.000Z,12.87173259537667,74.88640515133739,-48.0,2.5,94.4,11.099999,28,gps,0.4,0.8,0.8,-86.6,,,,68,,1790251197000,2026-09-24T17:29:57.000+05:30,5918.735734115617,1790250400645,Default Profile,false
2026-09-24T12:00:01.000Z,12.871814025565982,74.88685559481382,-50.0,2.5,67.3,13.799999,30,gps,0.4,0.6,0.8,-86.6,,,,68,,1790251201000,2026-09-24T17:30:01.000+05:30,5968.396567851197,1790250400645,Default Profile,false
2026-09-24T12:00:04.000Z,12.871964564546943,74.88723177462816,-50.0,2.5,69.0,15.219999,27,gps,0.4,0.8,1.0,-86.6,,,,68,,1790251204000,2026-09-24T17:30:04.000+05:30,6012.47668510691,1790250400645,Default Profile,false
2026-09-24T12:00:08.000Z,12.872136477380991,74.88776737824082,-51.0,2.5,78.8,14.57,27,gps,0.4,0.8,1.0,-86.6,,,,68,,1790251208000,2026-09-24T17:30:08.000+05:30,6073.602373826644,1790250400645,Default Profile,false
2026-09-24T12:00:11.000Z,12.872166149318218,74.8881603218615,-53.0,3.0,92.0,12.88,26,gps,0.4,0.8,1.0,-86.6,,,,68,,1790251211000,2026-09-24T17:30:11.000+05:30,6116.325270434309,1790250400645,Default Profile,false
2026-09-24T12:00:15.000Z,12.872124365530908,74.88868997432292,-55.0,3.0,89.7,14.11,27,gps,0.4,0.8,1.0,-86.6,,,,68,,1790251215000,2026-09-24T17:30:15.000+05:30,6173.927573807948,1790250400645,Default Profile,false
2026-09-24T12:00:18.000Z,12.872170130722225,74.88911971449852,-56.0,3.0,84.1,14.969999,28,gps,0.4,0.8,0.8,-86.6,,,,68,,1790251218000,2026-09-24T17:30:18.000+05:30,6220.788776808065,1790250400645,Default Profile,false
2026-09-24T12:00:21.000Z,12.87212423980236,74.88953026011586,-57.0,3.0,108.2,14.299999,26,gps,0.4,0.8,1.0,-86.6,,,,68,,1790251221000,2026-09-24T17:30:21.000+05:30,6265.583744317677,1790250400645,Default Profile,false
2026-09-24T12:00:25.000Z,12.871876847930253,74.89005832001567,-59.0,3.0,112.1,16.46,27,gps,0.4,0.6,0.8,-86.6,,,,68,,1790251225000,2026-09-24T17:30:25.000+05:30,6329.092629627398,1790250400645,Default Profile,false
2026-09-24T12:00:29.000Z,12.871762686409056,74.89062543958426,-59.0,3.0,92.3,14.38,31,gps,0.4,0.8,0.8,-86.6,,,,68,,1790251229000,2026-09-24T17:30:29.000+05:30,6391.865713023296,1790250400645,Default Profile,false
2026-09-24T12:00:33.000Z,12.871816959232092,74.8911028727889,-60.0,2.5,85.8,11.2,30,gps,0.4,0.8,0.8,-86.6,,,,68,,1790251233000,2026-09-24T17:30:33.000+05:30,6443.9704748617005,1790250400645,Default Profile,false
2026-09-24T12:00:42.000Z,12.871585870161653,74.89216259680688,-67.0,6.5,119.7,15.099999,20,gps,0.4,1.0,1.2,-86.6,,,,68,,1790251242000,2026-09-24T17:30:42.000+05:30,6561.6841864340895,1790250400645,Default Profile,false
2026-09-24T12:00:46.000Z,12.871379675343633,74.89270314574242,-63.0,4.0,98.8,16.17,27,gps,0.4,0.8,0.8,-86.6,,,,68,,1790251246000,2026-09-24T17:30:46.000+05:30,6624.606132495475,1790250400645,Default Profile,false
2026-09-24T12:00:50.000Z,12.871397989802063,74.89333706907928,-67.0,3.5,91.9,16.57,28,gps,0.4,0.8,0.8,-86.6,,,,68,,1790251250000,2026-09-24T17:30:50.000+05:30,6693.354150619092,1790250400645,Default Profile,false
2026-09-24T12:00:54.000Z,12.87132263649255,74.89394752308726,-70.0,2.5,96.8,16.26,27,gps,0.4,0.8,0.8,-86.6,,,,68,,1790251254000,2026-09-24T17:30:54.000+05:30,6760.056269358651,1790250400645,Default Profile,false
2026-09-24T12:00:58.000Z,12.871256838552654,74.89452897571027,-72.0,2.5,97.8,15.589999,29,gps,0.4,0.8,1.0,-86.6,,,,68,,1790251258000,2026-09-24T17:30:58.000+05:30,6823.509487117924,1790250400645,Default Profile,false
2026-09-24T12:01:02.000Z,12.871167822740972,74.89507891237736,-72.0,2.5,102.1,15.139999,28,gps,0.4,0.8,0.8,-86.6,,,,68,,1790251262000,2026-09-24T17:31:02.000+05:30,6883.939290955692,1790250400645,Default Profile,false
2026-09-24T12:01:06.000Z,12.87105068564415,74.89560387097299,-74.0,2.5,102.5,13.78,27,gps,0.4,0.8,1.0,-86.6,,,,68,,1790251266000,2026-09-24T17:31:06.000+05:30,6942.316933504697,1790250400645,Default Profile,false
2026-09-24T12:01:10.000Z,12.870954754762352,74.89609337411821,-71.0,3.5,107.7,12.7,25,gps,0.4,1.0,1.0,-86.6,,,,68,,1790251270000,2026-09-24T17:31:10.000+05:30,6996.441149658773,1790250400645,Default Profile,false
2026-09-24T12:01:14.000Z,12.87084692157805,74.89649914205074,-77.0,2.0,108.0,9.78,28,gps,0.4,0.8,0.8,-86.6,,,,68,,1790251274000,2026-09-24T17:31:14.000+05:30,7042.031859938404,1790250400645,Default Profile,false
2026-09-24T12:01:18.000Z,12.870683558285236,74.89684145897627,-78.0,2.0,116.2,10.94,31,gps,0.4,0.6,0.8,-86.6,,,,68,,1790251278000,2026-09-24T17:31:18.000+05:30,7083.347033553846,1790250400645,Default Profile,false
2026-09-24T12:01:22.000Z,12.870478997938335,74.8972302954644,-78.0,2.5,115.0,12.28,29,gps,0.4,0.8,0.8,-86.6,,,,68,,1790251282000,2026-09-24T17:31:22.000+05:30,7131.243131269897,1790250400645,Default Profile,false
2026-09-24T12:01:26.000Z,12.87025272846222,74.89768518134952,-77.0,2.5,112.8,14.559999,30,gps,0.4,0.8,0.8,-86.6,,,,68,,1790251286000,2026-09-24T17:31:26.000+05:30,7186.601287997001,1790250400645,Default Profile,false
2026-09-24T12:01:30.000Z,12.87003144621849,74.89820402115583,-77.0,2.5,113.4,15.599999,31,gps,0.4,0.8,0.8,-86.6,,,,68,,1790251290000,2026-09-24T17:31:30.000+05:30,7247.991032602663,1790250400645,Default Profile,false
2026-09-24T12:01:33.000Z,12.869848385453224,74.89859344437718,-77.0,2.5,115.4,14.73,30,gps,0.4,0.6,0.8,-86.6,,,,68,,1790251293000,2026-09-24T17:31:33.000+05:30,7294.8564859698945,1790250400645,Default Profile,false
2026-09-24T12:01:36.000Z,12.869673958048224,74.89895964972675,-77.0,3.0,113.9,14.62,31,gps,0.4,0.6,0.8,-86.6,,,,68,,1790251296000,2026-09-24T17:31:36.000+05:30,7339.038542323599,1790250400645,Default Profile,false
2026-09-24T12:01:39.000Z,12.869513067416847,74.8993176408112,-77.0,2.5,112.1,13.83,31,gps,0.4,0.6,0.8,-86.6,,,,68,,1790251299000,2026-09-24T17:31:39.000+05:30,7381.770613181399,1790250400645,Default Profile,false
2026-09-24T12:01:43.000Z,12.869329587556422,74.8997788131237,-78.0,3.0,111.5,13.7699995,29,gps,0.4,0.8,0.8,-86.6,,,,67,,1790251303000,2026-09-24T17:31:43.000+05:30,7435.765341208653,1790250400645,Default Profile,false
2026-09-24T12:01:46.000Z,12.86918512545526,74.90010067820549,-80.0,3.0,116.4,12.04,30,gps,0.4,0.8,0.8,-86.6,,,,67,,1790251306000,2026-09-24T17:31:46.000+05:30,7474.176268367499,1790250400645,Default Profile,false
2026-09-24T12:01:50.000Z,12.868977799080312,74.90051734261215,-79.0,2.5,119.5,12.7699995,31,gps,0.4,0.6,0.8,-86.6,,,,67,,1790251310000,2026-09-24T17:31:50.000+05:30,7524.886688998698,1790250400645,Default Profile,false
2026-09-24T12:01:54.000Z,12.868714439682662,74.90091321989894,-76.0,2.0,125.9,13.37,32,gps,0.4,0.6,0.8,-86.6,,,,67,,1790251314000,2026-09-24T17:31:54.000+05:30,7576.840200462048,1790250400645,Default Profile,false
2026-09-24T12:01:57.000Z,12.868504640646279,74.90120155736804,-76.0,2.0,125.3,12.55,29,gps,0.4,0.6,0.8,-86.6,,,,67,,1790251317000,2026-09-24T17:31:57.000+05:30,7615.842565550936,1790250400645,Default Profile,false
2026-09-24T12:02:01.000Z,12.868284909054637,74.90155753679574,-76.0,2.5,112.4,10.559999,28,gps,0.4,0.8,0.8,-86.6,,,,67,,1790251321000,2026-09-24T17:32:01.000+05:30,7661.5161904549295,1790250400645,Default Profile,false
2026-09-24T12:02:04.000Z,12.868234072811902,74.90184822119772,-75.0,2.5,92.2,10.969999,29,gps,0.4,0.6,0.8,-86.6,,,,67,,1790251324000,2026-09-24T17:32:04.000+05:30,7693.530036616987,1790250400645,Default Profile,false
2026-09-24T12:02:08.000Z,12.868248028680682,74.90223588421941,-74.0,2.5,89.8,10.09,28,gps,0.4,0.8,0.8,-86.6,,,,67,,1790251328000,2026-09-24T17:32:08.000+05:30,7735.582220294226,1790250400645,Default Profile,false
2026-09-24T12:02:12.000Z,12.868246603757143,74.90265179425478,-74.0,2.5,92.4,10.71,28,gps,0.4,0.6,0.8,-86.6,,,,67,,1790251332000,2026-09-24T17:32:12.000+05:30,7780.66807825095,1790250400645,Default Profile,false
2026-09-24T12:02:16.000Z,12.868191450834274,74.9030273873359,-72.0,2.5,108.6,9.57,28,gps,0.4,0.8,0.8,-86.6,,,,67,,1790251336000,2026-09-24T17:32:16.000+05:30,7821.842495265576,1790250400645,Default Profile,false
2026-09-24T12:02:20.000Z,12.86805076058954,74.90334497764707,-70.0,2.5,112.5,8.599999,29,gps,0.4,0.6,0.8,-86.6,,,,67,,1790251340000,2026-09-24T17:32:20.000+05:30,7859.657704688902,1790250400645,Default Profile,false
2026-09-24T12:02:24.000Z,12.867929474450648,74.90359584800899,-71.0,2.5,110.8,7.27,30,gps,0.4,0.6,0.8,-86.6,,,,67,,1790251344000,2026-09-24T17:32:24.000+05:30,7890.013061368067,1790250400645,Default Profile,false
2026-09-24T12:02:27.000Z,12.867855462245643,74.90377916023135,-71.0,2.5,112.6,7.27,32,gps,0.4,0.6,0.8,-86.6,,,,67,,1790251347000,2026-09-24T17:32:27.000+05:30,7911.521319554289,1790250400645,Default Profile,false
2026-09-24T12:02:30.000Z,12.867767452262342,74.90398962981999,-71.0,2.5,110.8,9.41,31,gps,0.4,0.6,0.8,-86.6,,,,67,,1790251350000,2026-09-24T17:32:30.000+05:30,7936.34699370244,1790250400645,Default Profile,false
2026-09-24T12:02:34.000Z,12.867631707340479,74.90430344827473,-71.0,2.5,116.2,8.37,30,gps,0.4,0.6,0.8,-86.6,,,,67,,1790251354000,2026-09-24T17:32:34.000+05:30,7973.563993342003,1790250400645,Default Profile,false
2026-09-24T12:02:38.000Z,12.867500949651003,74.9045932944864,-71.0,3.5,113.2,9.5,29,gps,0.4,0.6,0.8,-86.6,,,,67,,1790251358000,2026-09-24T17:32:38.000+05:30,8008.1850872860205,1790250400645,Default Profile,false
2026-09-24T12:02:42.000Z,12.867361642420292,74.90498648956418,-72.0,2.5,111.7,11.21,31,gps,0.4,0.6,0.8,-86.6,,,,67,,1790251362000,2026-09-24T17:32:42.000+05:30,8053.535935069517,1790250400645,Default Profile,false
2026-09-24T12:02:46.000Z,12.867196225561202,74.9054065067321,-74.0,3.0,113.7,12.45,30,gps,0.4,0.6,0.8,-86.6,,,,67,,1790251366000,2026-09-24T17:32:46.000+05:30,8102.641854713042,1790250400645,Default Profile,false
2026-09-24T12:02:49.000Z,12.867062198929489,74.90570448338985,-75.0,3.0,112.3,11.62,25,gps,0.4,0.8,0.8,-86.6,,,,67,,1790251369000,2026-09-24T17:32:49.000+05:30,8138.215546205509,1790250400645,Default Profile,false
2026-09-24T12:02:53.000Z,12.866899003274739,74.90613036789,-73.0,2.5,108.0,12.349999,30,gps,0.4,0.6,0.8,-86.6,,,,67,,1790251373000,2026-09-24T17:32:53.000+05:30,8187.820934904237,1790250400645,Default Profile,false
2026-09-24T12:02:57.000Z,12.866780692711473,74.90655415691435,-74.0,2.5,107.2,10.17,28,gps,0.4,0.6,0.8,-86.6,,,,67,,1790251377000,2026-09-24T17:32:57.000+05:30,8235.607396723124,1790250400645,Default Profile,false
2026-09-24T12:03:00.000Z,12.866717199794948,74.90681642666459,-73.0,2.5,105.0,9.49,28,gps,0.4,0.6,0.8,-86.6,,,,67,,1790251380000,2026-09-24T17:33:00.000+05:30,8264.901682265892,1790250400645,Default Profile,false
2026-09-24T12:03:03.000Z,12.86665182095021,74.90707601420581,-73.0,2.5,101.9,9.66,29,gps,0.4,0.6,0.8,-86.6,,,,67,,1790251383000,2026-09-24T17:33:03.000+05:30,8293.965614187957,1790250400645,Default Profile,false
2026-09-24T12:03:07.000Z,12.866573366336524,74.9074602406472,-75.0,3.0,99.5,12.28,30,gps,0.4,0.6,0.8,-86.6,,,,67,,1790251387000,2026-09-24T17:33:07.000+05:30,8336.520671436136,1790250400645,Default Profile,false
2026-09-24T12:03:11.000Z,12.866498054936528,74.9079211615026,-74.0,2.5,98.7,11.78,30,gps,0.4,0.6,0.8,-86.6,,,,67,,1790251391000,2026-09-24T17:33:11.000+05:30,8387.182773878394,1790250400645,Default Profile,false
2026-09-24T12:03:15.000Z,12.86643996834755,74.90836565382779,-73.0,2.5,95.7,11.929999,32,gps,0.4,0.6,0.8,-86.6,,,,67,,1790251395000,2026-09-24T17:33:15.000+05:30,8435.798050453508,1790250400645,Default Profile,false
2026-09-24T12:03:19.000Z,12.866410799324512,74.90884266793728,-71.0,2.5,92.0,13.21,29,gps,0.4,0.6,0.8,-86.6,,,,67,,1790251399000,2026-09-24T17:33:19.000+05:30,8487.609445380856,1790250400645,Default Profile,false
2026-09-24T12:03:23.000Z,12.866411553695798,74.90935320965946,-72.0,2.5,88.4,13.679999,31,gps,0.4,0.6,0.8,-86.6,,,,67,,1790251403000,2026-09-24T17:33:23.000+05:30,8542.953780480624,1790250400645,Default Profile,false
2026-09-24T12:03:27.000Z,12.866435232572258,74.90987171418965,-73.0,2.5,85.0,13.96,31,gps,0.4,0.6,0.8,-86.6,,,,67,,1790251407000,2026-09-24T17:33:27.000+05:30,8599.222877205451,1790250400645,Default Profile,false
2026-09-24T12:03:31.000Z,12.866473579779267,74.91037831641734,-73.0,2.5,83.3,13.009999,31,gps,0.4,0.6,0.8,-86.6,,,,67,,1790251411000,2026-09-24T17:33:31.000+05:30,8654.305375856638,1790250400645,Default Profile,false
2026-09-24T12:03:35.000Z,12.866556770168245,74.9108483735472,-74.0,2.5,78.2,13.29,30,gps,0.4,0.6,0.8,-86.6,,,,67,,1790251415000,2026-09-24T17:33:35.000+05:30,8706.093809945089,1790250400645,Default Profile,false
2026-09-24T12:03:39.000Z,12.866678643040359,74.91134156472981,-73.0,2.0,75.6,13.79,30,gps,0.4,0.6,0.8,-86.6,,,,67,,1790251419000,2026-09-24T17:33:39.000+05:30,8761.247954838425,1790250400645,Default Profile,false
2026-09-24T12:03:43.000Z,12.866817363537848,74.91183458827436,-74.0,2.5,72.6,13.96,31,gps,0.4,0.6,0.8,-86.6,,,,67,,1790251423000,2026-09-24T17:33:43.000+05:30,8816.874548836346,1790250400645,Default Profile,false
2026-09-24T12:03:47.000Z,12.866978379897773,74.91232987493277,-73.0,2.5,69.5,14.58,29,gps,0.4,0.6,0.8,-86.6,,,,67,,1790251427000,2026-09-24T17:33:47.000+05:30,8873.47160938129,1790250400645,Default Profile,false
2026-09-24T12:03:51.000Z,12.86718097049743,74.9128482118249,-73.0,3.0,67.5,15.79,30,gps,0.4,0.6,0.8,-86.6,,,,67,,1790251431000,2026-09-24T17:33:51.000+05:30,8934.00827184981,1790250400645,Default Profile,false
2026-09-24T12:03:55.000Z,12.867390266619623,74.91341046988964,-76.0,3.0,68.5,16.449999,30,gps,0.4,0.6,0.8,-86.6,,,,67,,1790251435000,2026-09-24T17:33:55.000+05:30,8999.250529113024,1790250400645,Default Profile,false
2026-09-24T12:03:58.000Z,12.867546379566193,74.91383987478912,-73.0,3.0,68.4,16.07,26,gps,0.4,0.8,0.8,-86.6,,,,67,,1790251438000,2026-09-24T17:33:58.000+05:30,9048.930562306252,1790250400645,Default Profile,false
2026-09-24T12:04:02.000Z,12.867752406746149,74.91441135294735,-74.0,3.0,71.3,15.929999,29,gps,0.4,0.6,0.8,-86.6,,,,67,,1790251442000,2026-09-24T17:34:02.000+05:30,9114.980473763266,1790250400645,Default Profile,false
2026-09-24T12:04:05.000Z,12.867891839705408,74.9148353934288,-76.0,3.0,74.3,16.109999,30,gps,0.4,0.6,0.8,-86.6,,,,67,,1790251445000,2026-09-24T17:34:05.000+05:30,9163.491791512737,1790250400645,Default Profile,false
2026-09-24T12:04:08.000Z,12.86799460183829,74.9152582604438,-75.0,3.5,81.6,15.219999,29,gps,0.4,0.8,0.8,-86.6,,,,67,,1790251448000,2026-09-24T17:34:08.000+05:30,9210.734292753858,1790250400645,Default Profile,false
2026-09-24T12:04:12.000Z,12.868023477494717,74.9157175887376,-78.0,3.5,86.7,9.33,30,gps,0.4,0.6,0.8,-86.6,,,,67,,1790251452000,2026-09-24T17:34:12.000+05:30,9260.62997287075,1790250400645,Default Profile,false
2026-09-24T12:04:16.000Z,12.868032739497721,74.91608471609652,-75.0,3.0,91.8,10.83,31,gps,0.4,0.6,0.8,-86.6,,,,67,,1790251456000,2026-09-24T17:34:16.000+05:30,9300.440759394947,1790250400645,Default Profile,false
2026-09-24T12:04:20.000Z,12.868026872165501,74.91654010489583,-72.0,3.0,89.7,12.91,30,gps,0.4,0.6,0.8,-86.6,,,,67,,1790251460000,2026-09-24T17:34:20.000+05:30,9349.810279237237,1790250400645,Default Profile,false
2026-09-24T12:04:23.000Z,12.86802850663662,74.91691913455725,-71.0,3.0,90.7,14.32,27,gps,0.4,0.8,0.8,-86.6,,,,67,,1790251463000,2026-09-24T17:34:23.000+05:30,9390.898381566576,1790250400645,Default Profile,false
2026-09-24T12:04:27.000Z,12.868018448352814,74.91750025190413,-72.0,2.5,90.3,15.23,30,gps,0.4,0.6,0.8,-86.6,,,,67,,1790251467000,2026-09-24T17:34:27.000+05:30,9453.902787750534,1790250400645,Default Profile,false
2026-09-24T12:04:31.000Z,12.868024776689708,74.91809075698256,-72.0,3.0,90.0,16.19,29,gps,0.4,0.8,0.8,-86.6,,,,67,,1790251471000,2026-09-24T17:34:31.000+05:30,9517.918786314327,1790250400645,Default Profile,false
2026-09-24T12:04:34.000Z,12.868026285432279,74.91856617853045,-73.0,2.5,90.4,16.67,26,gps,0.4,0.6,0.8,-86.6,,,,67,,1790251474000,2026-09-24T17:34:34.000+05:30,9569.455865764025,1790250400645,Default Profile,false
2026-09-24T12:04:38.000Z,12.868036008439958,74.91921921260655,-74.0,3.5,90.4,17.85,29,gps,0.4,0.6,0.8,-86.6,,,,67,,1790251478000,2026-09-24T17:34:38.000+05:30,9640.254539002166,1790250400645,Default Profile,false
2026-09-24T12:04:42.000Z,12.868016897700727,74.91989588364959,-75.0,3.5,92.3,18.55,31,gps,0.4,0.6,0.8,-86.6,,,,67,,1790251482000,2026-09-24T17:34:42.000+05:30,9713.638034785372,1790250400645,Default Profile,false
2026-09-24T12:04:46.000Z,12.867986052297056,74.9205412901938,-76.0,3.0,91.8,16.56,31,gps,0.4,0.6,0.8,-86.6,,,,67,,1790251486000,2026-09-24T17:34:46.000+05:30,9783.685639634694,1790250400645,Default Profile,false
2026-09-24T12:04:49.000Z,12.867967570200562,74.92099969647825,-75.0,3.0,91.9,16.47,28,gps,0.4,0.6,0.8,-86.6,,,,67,,1790251489000,2026-09-24T17:34:49.000+05:30,9833.420439716934,1790250400645,Default Profile,false
2026-09-24T12:04:53.000Z,12.867961367592216,74.92161802947521,-76.0,3.0,91.3,17.09,27,gps,0.4,0.8,0.8,-86.6,,,,67,,1790251493000,2026-09-24T17:34:53.000+05:30,9900.452745620347,1790250400645,Default Profile,false
2026-09-24T12:04:56.000Z,12.867942214943469,74.92210619151592,-76.0,3.0,92.1,17.85,27,gps,0.4,0.8,0.8,-86.6,,,,67,,1790251496000,2026-09-24T17:34:56.000+05:30,9953.413503763222,1790250400645,Default Profile,false
2026-09-24T12:05:00.000Z,12.867938820272684,74.92279107682407,-76.0,2.5,88.8,18.57,29,gps,0.4,0.6,0.8,-86.6,,,,67,,1790251500000,2026-09-24T17:35:00.000+05:30,10027.657655817275,1790250400645,Default Profile,false
2026-09-24T12:05:04.000Z,12.86801555659622,74.92347663268447,-78.0,3.0,79.7,18.26,28,gps,0.4,0.8,0.8,-86.6,,,,67,,1790251504000,2026-09-24T17:35:04.000+05:30,10102.461769942664,1790250400645,Default Profile,false
2026-09-24T12:05:08.000Z,12.868148116394877,74.9241226259619,-79.0,2.5,79.6,17.71,30,gps,0.4,0.6,0.8,-86.6,,,,67,,1790251508000,2026-09-24T17:35:08.000+05:30,10174.023426637208,1790250400645,Default Profile,false
2026-09-24T12:05:12.000Z,12.86821395624429,74.92475252598524,-80.0,2.5,91.5,17.01,29,gps,0.4,0.8,0.8,-86.6,,,,67,,1790251512000,2026-09-24T17:35:12.000+05:30,10242.697367861167,1790250400645,Default Profile,false
2026-09-24T12:05:16.000Z,12.868165634572506,74.92528712376952,-80.0,2.5,93.3,11.96,31,gps,0.4,0.6,0.8,-86.6,,,,67,,1790251516000,2026-09-24T17:35:16.000+05:30,10300.89753669667,1790250400645,Default Profile,false
2026-09-24T12:05:19.000Z,12.86815800704062,74.92559155449271,-79.0,2.5,92.1,10.66,30,gps,0.4,0.8,0.8,-86.6,,,,67,,1790251519000,2026-09-24T17:35:19.000+05:30,10333.909417381508,1790250400645,Default Profile,false
2026-09-24T12:05:23.000Z,12.868133406154811,74.92599405348301,-79.0,2.5,93.2,10.96,29,gps,0.4,0.8,0.8,-86.6,,,,67,,1790251523000,2026-09-24T17:35:23.000+05:30,10377.62689398327,1790250400645,Default Profile,false
2026-09-24T12:05:26.000Z,12.868116390891373,74.92629571817815,-79.0,2.0,93.6,11.53,31,gps,0.4,0.6,0.8,-86.6,,,,67,,1790251526000,2026-09-24T17:35:26.000+05:30,10410.382726594511,1790250400645,Default Profile,false
2026-09-24T12:05:30.000Z,12.868077079765499,74.92674842476845,-79.0,2.5,96.8,13.23,30,gps,0.4,0.6,0.8,-86.6,,,,67,,1790251530000,2026-09-24T17:35:30.000+05:30,10459.651457392027,1790250400645,Default Profile,false
2026-09-24T12:05:34.000Z,12.868045689538121,74.92727187462151,-79.0,2.5,93.1,14.5,29,gps,0.4,0.6,0.8,-86.6,,,,67,,1790251534000,2026-09-24T17:35:34.000+05:30,10516.501888044644,1790250400645,Default Profile,false
2026-09-24T12:05:37.000Z,12.868021088652313,74.92767655290663,-79.0,3.0,93.7,14.67,30,gps,0.4,0.6,0.8,-86.6,,,,67,,1790251537000,2026-09-24T17:35:37.000+05:30,10560.45516434999,1790250400645,Default Profile,false
2026-09-24T12:05:41.000Z,12.867977335117757,74.92822028696537,-80.0,2.5,89.8,14.36,31,gps,0.4,0.6,0.8,-86.6,,,,67,,1790251541000,2026-09-24T17:35:41.000+05:30,10619.597661350683,1790250400645,Default Profile,false
2026-09-24T12:05:45.000Z,12.867994727566838,74.92876511067152,-80.0,2.5,88.0,14.559999,31,gps,0.4,0.6,0.8,-86.6,,,,66,,1790251545000,2026-09-24T17:35:45.000+05:30,10678.689488712842,1790250400645,Default Profile,false
2026-09-24T12:05:49.000Z,12.868013251572847,74.92930440232158,-78.0,3.0,88.8,14.969999,31,gps,0.4,0.6,0.8,-86.6,,,,66,,1790251549000,2026-09-24T17:35:49.000+05:30,10737.186243844777,1790250400645,Default Profile,false
2026-09-24T12:05:53.000Z,12.868033912964165,74.9298555124551,-76.0,2.5,88.7,14.67,30,gps,0.4,0.8,0.8,-86.6,,,,66,,1790251553000,2026-09-24T17:35:53.000+05:30,10796.972029433846,1790250400645,Default Profile,false
2026-09-24T12:05:56.000Z,12.868052520789206,74.93026203475893,-76.0,2.5,80.0,15.33,29,gps,0.4,0.6,0.8,-86.6,,,,66,,1790251556000,2026-09-24T17:35:56.000+05:30,10841.088541453539,1790250400645,Default Profile,false
2026-09-24T12:06:00.000Z,12.868228498846292,74.93079478852451,-75.0,2.5,66.8,15.179999,29,gps,0.4,0.6,0.8,-86.6,,,,66,,1790251560000,2026-09-24T17:36:00.000+05:30,10902.06528545664,1790250400645,Default Profile,false
2026-09-24T12:06:04.000Z,12.868478237651289,74.93132284842432,-75.0,2.5,65.5,15.9,30,gps,0.4,0.6,0.8,-86.6,,,,66,,1790251564000,2026-09-24T17:36:04.000+05:30,10965.688391864081,1790250400645,Default Profile,false
2026-09-24T12:06:07.000Z,12.868656311184168,74.93173515424132,-76.0,2.5,66.5,16.21,30,gps,0.4,0.6,0.8,-86.6,,,,66,,1790251567000,2026-09-24T17:36:07.000+05:30,11014.572962758046,1790250400645,Default Profile,false
2026-09-24T12:06:11.000Z,12.868859865702689,74.93228299543262,-75.0,2.5,72.1,15.799999,31,gps,0.4,0.6,0.8,-86.6,,,,66,,1790251571000,2026-09-24T17:36:11.000+05:30,11078.127152138017,1790250400645,Default Profile,false
2026-09-24T12:06:15.000Z,12.86901090759784,74.93284366093576,-76.0,2.0,76.7,16.14,29,gps,0.4,0.6,0.8,-86.6,,,,66,,1790251575000,2026-09-24T17:36:15.000+05:30,11141.182261297836,1790250400645,Default Profile,false
2026-09-24T12:06:19.000Z,12.869123560376465,74.93343341164291,-76.0,2.5,82.9,15.66,28,gps,0.4,0.8,0.8,-86.6,,,,66,,1790251579000,2026-09-24T17:36:19.000+05:30,11206.328000897829,1790250400645,Default Profile,false
2026-09-24T12:06:23.000Z,12.869179928675294,74.9339949991554,-75.0,2.5,85.9,14.589999,28,gps,0.4,0.8,0.8,-86.6,,,,66,,1790251583000,2026-09-24T17:36:23.000+05:30,11267.526942986862,1790250400645,Default Profile,false
2026-09-24T12:06:27.000Z,12.869196524843574,74.93454149924219,-73.0,2.5,90.5,14.88,30,gps,0.4,0.6,0.8,-86.6,,,,66,,1790251587000,2026-09-24T17:36:27.000+05:30,11326.79729020405,1790250400645,Default Profile,false
2026-09-24T12:06:30.000Z,12.869182527065277,74.93496512062848,-74.0,2.5,93.3,15.429999,31,gps,0.4,0.6,0.8,-86.6,,,,66,,1790251590000,2026-09-24T17:36:30.000+05:30,11372.744995482071,1790250400645,Default Profile,false
2026-09-24T12:06:34.000Z,12.869124440476298,74.93554632179439,-73.0,2.5,97.6,15.5199995,27,gps,0.4,0.8,0.8,-86.6,,,,66,,1790251594000,2026-09-24T17:36:34.000+05:30,11436.078487507846,1790250400645,Default Profile,false
2026-09-24T12:06:38.000Z,12.869031610898674,74.93609533645213,-74.0,3.0,101.0,15.45,29,gps,0.4,0.8,0.8,-86.6,,,,66,,1790251598000,2026-09-24T17:36:38.000+05:30,11496.481218738885,1790250400645,Default Profile,false
2026-09-24T12:06:42.000Z,12.8689309861511,74.93663739413023,-73.0,3.0,101.0,13.62,30,gps,0.4,0.8,0.8,-86.6,,,,66,,1790251602000,2026-09-24T17:36:42.000+05:30,11556.297116128582,1790250400645,Default Profile,false
2026-09-24T12:06:45.000Z,12.868854375556111,74.93695741519332,-72.0,3.0,103.4,11.44,28,gps,0.4,0.8,0.8,-86.6,,,,66,,1790251605000,2026-09-24T17:36:45.000+05:30,11592.018646173177,1790250400645,Default Profile,false
2026-09-24T12:06:49.000Z,12.868748009204865,74.93732253089547,-73.0,3.0,103.8,10.86,27,gps,0.4,0.8,1.0,-86.6,,,,66,,1790251609000,2026-09-24T17:36:49.000+05:30,11633.327315724204,1790250400645,Default Profile,false
2026-09-24T12:06:53.000Z,12.868660963140428,74.93769971653819,-73.0,3.5,103.1,10.17,31,gps,0.4,0.6,0.8,-86.6,,,,66,,1790251613000,2026-09-24T17:36:53.000+05:30,11675.345027860327,1790250400645,Default Profile,false
2026-09-24T12:06:56.000Z,12.86861025262624,74.93800858967006,-71.0,3.5,98.1,11.349999,26,gps,0.4,0.8,1.0,-86.6,,,,66,,1790251616000,2026-09-24T17:36:56.000+05:30,11709.299004036007,1790250400645,Default Profile,false
2026-09-24T12:07:00.000Z,12.868566373363137,74.9384587816894,-71.0,3.5,95.9,12.55,29,gps,0.4,0.8,1.0,-86.6,,,,66,,1790251620000,2026-09-24T17:37:00.000+05:30,11758.344060978328,1790250400645,Default Profile,false
2026-09-24T12:07:04.000Z,12.868605013936758,74.93892632424831,-71.0,4.0,76.2,12.599999,23,gps,0.4,1.0,1.0,-86.6,,,,66,,1790251624000,2026-09-24T17:37:04.000+05:30,11809.208451759885,1790250400645,Default Profile,false
2026-09-24T12:07:07.000Z,12.86880177911371,74.93925858289003,-72.0,4.0,55.7,14.009999,26,gps,0.4,0.8,1.0,-86.6,,,,66,,1790251627000,2026-09-24T17:37:07.000+05:30,11851.350648359115,1790250400645,Default Profile,false
2026-09-24T12:07:11.000Z,12.869195980019867,74.93965672329068,-70.0,3.5,42.5,15.849999,27,gps,0.4,0.8,0.8,-86.6,,,,66,,1790251631000,2026-09-24T17:37:11.000+05:30,11912.865355764605,1790250400645,Default Profile,false
2026-09-24T12:07:14.000Z,12.869518348015845,74.9399427138269,-71.0,3.5,43.3,15.54,28,gps,0.4,0.8,1.0,-86.6,,,,66,,1790251634000,2026-09-24T17:37:14.000+05:30,11960.257650450785,1790250400645,Default Profile,false
2026-09-24T12:07:18.000Z,12.869841009378433,74.94045082479715,-74.0,4.0,66.6,16.31,29,gps,0.4,0.8,0.8,-86.6,,,,66,,1790251638000,2026-09-24T17:37:18.000+05:30,12025.992459361676,1790250400645,Default Profile,false
2026-09-24T12:07:22.000Z,12.870079348795116,74.94096555747092,-74.0,4.0,66.8,14.33,28,gps,0.4,0.8,1.0,-86.6,,,,66,,1790251642000,2026-09-24T17:37:22.000+05:30,12087.764272519376,1790250400645,Default Profile,false
2026-09-24T12:07:25.000Z,12.870211531408131,74.94136185385287,-73.0,3.5,71.7,14.19,30,gps,0.4,0.8,0.8,-86.6,,,,66,,1790251645000,2026-09-24T17:37:25.000+05:30,12133.168189881344,1790250400645,Default Profile,false
2026-09-24T12:07:29.000Z,12.87030704319477,74.94191707111895,-73.0,3.5,85.8,14.5199995,28,gps,0.4,0.8,0.8,-86.6,,,,66,,1790251649000,2026-09-24T17:37:29.000+05:30,12194.284355268395,1790250400645,Default Profile,false
2026-09-24T12:07:33.000Z,12.870369697920978,74.94244546629488,-73.0,4.0,78.2,14.04,27,gps,0.4,0.8,1.0,-86.6,,,,66,,1790251653000,2026-09-24T17:37:33.000+05:30,12251.985238656038,1790250400645,Default Profile,false
2026-09-24T12:07:37.000Z,12.870638757012784,74.94291284121573,-75.0,4.0,50.0,16.039999,27,gps,0.4,0.8,1.0,-86.6,,,,66,,1790251657000,2026-09-24T17:37:37.000+05:30,12310.82341731436,1790250400645,Default Profile,false
2026-09-24T12:07:41.000Z,12.871020762249827,74.94335289113224,-76.0,4.0,55.7,16.029999,27,gps,0.4,0.8,1.0,-86.6,,,,66,,1790251661000,2026-09-24T17:37:41.000+05:30,12374.69650306606,1790250400645,Default Profile,false
2026-09-24T12:07:45.000Z,12.871180269867182,74.94387173093855,-76.0,3.5,76.4,14.929999,27,gps,0.4,0.8,1.0,-86.6,,,,66,,1790251665000,2026-09-24T17:37:45.000+05:30,12433.669623940188,1790250400645,Default Profile,false
2026-09-24T12:07:49.000Z,12.871315889060497,74.94440691545606,-74.0,3.0,68.1,14.7,27,gps,0.4,0.8,1.0,-86.6,,,,66,,1790251669000,2026-09-24T17:37:49.000+05:30,12493.61204937787,1790250400645,Default Profile,false
2026-09-24T12:07:53.000Z,12.871571746654809,74.94489960372448,-72.0,3.0,55.1,14.589999,26,gps,0.4,0.8,1.0,-86.6,,,,66,,1790251673000,2026-09-24T17:37:53.000+05:30,12554.124880389849,1790250400645,Default Profile,false
2026-09-24T12:07:57.000Z,12.871857360005379,74.94537787511945,-71.0,3.0,61.2,15.07,27,gps,0.4,0.8,1.0,-86.6,,,,66,,1790251677000,2026-09-24T17:37:57.000+05:30,12614.92389241293,1790250400645,Default Profile,false
2026-09-24T12:08:01.000Z,12.872135010547936,74.94591196998954,-70.0,3.0,62.4,16.94,30,gps,0.4,0.6,0.8,-86.6,,,,66,,1790251681000,2026-09-24T17:38:01.000+05:30,12680.53741468944,1790250400645,Default Profile,false
2026-09-24T12:08:04.000Z,12.872354742139578,74.94632368907332,-71.0,2.5,61.4,17.26,28,gps,0.4,0.6,0.8,-86.6,,,,66,,1790251684000,2026-09-24T17:38:04.000+05:30,12731.418257841222,1790250400645,Default Profile,false
2026-09-24T12:08:08.000Z,12.872649575583637,74.94686742313206,-71.0,2.5,60.6,15.719999,29,gps,0.4,0.6,0.8,-86.6,,,,66,,1790251688000,2026-09-24T17:38:08.000+05:30,12798.86327135209,1790250400645,Default Profile,false
2026-09-24T12:08:11.000Z,12.87283812649548,74.94720378890634,-71.0,3.0,59.8,12.349999,30,gps,0.4,0.6,0.8,-86.6,,,,66,,1790251691000,2026-09-24T17:38:11.000+05:30,12840.923436822248,1790250400645,Default Profile,false
2026-09-24T12:08:15.000Z,12.873006728477776,74.94752473197877,-69.0,3.0,67.7,8.05,30,gps,0.4,0.6,0.8,-86.6,,,,66,,1790251695000,2026-09-24T17:38:15.000+05:30,12880.443566204938,1790250400645,Default Profile,false
2026-09-24T12:08:19.000Z,12.873155674897134,74.9478205293417,-67.0,3.0,62.4,10.059999,29,gps,0.4,0.6,0.8,-86.6,,,,66,,1790251699000,2026-09-24T17:38:19.000+05:30,12916.532809618975,1790250400645,Default Profile,false
2026-09-24T12:08:23.000Z,12.873365306295455,74.94818455539644,-67.0,2.5,60.1,11.809999,29,gps,0.4,0.6,0.8,-86.6,,,,66,,1790251703000,2026-09-24T17:38:23.000+05:30,12962.363812872647,1790250400645,Default Profile,false
2026-09-24T12:08:26.000Z,12.8735165996477,74.94849175214767,-69.0,2.5,66.9,13.09,26,gps,0.4,0.8,0.8,-86.6,,,,66,,1790251706000,2026-09-24T17:38:26.000+05:30,12999.672170243257,1790250400645,Default Profile,false
2026-09-24T12:08:30.000Z,12.873642286285758,74.9489741306752,-70.0,2.5,77.0,13.28,29,gps,0.4,0.6,0.8,-86.6,,,,66,,1790251710000,2026-09-24T17:38:30.000+05:30,13053.797431877843,1790250400645,Default Profile,false
2026-09-24T12:08:33.000Z,12.873705318197608,74.9493311997503,-69.0,2.5,80.9,13.139999,28,gps,0.4,0.6,0.8,-86.6,,,,66,,1790251713000,2026-09-24T17:38:33.000+05:30,13093.133134104122,1790250400645,Default Profile,false
2026-09-24T12:08:37.000Z,12.873775726184249,74.94982212781906,-70.0,2.5,82.3,12.849999,27,gps,0.4,0.6,0.8,-86.6,,,,66,,1790251717000,2026-09-24T17:38:37.000+05:30,13146.922474851515,1790250400645,Default Profile,false
2026-09-24T12:08:41.000Z,12.873807242140174,74.95028195902705,-71.0,2.5,85.8,12.03,28,gps,0.4,0.8,0.8,-86.6,,,,66,,1790251721000,2026-09-24T17:38:41.000+05:30,13196.891143467497,1790250400645,Default Profile,false
2026-09-24T12:08:45.000Z,12.873847894370556,74.95072578079998,-71.0,2.0,85.6,11.929999,28,gps,0.4,0.8,0.8,-86.6,,,,66,,1790251725000,2026-09-24T17:38:45.000+05:30,13245.213240008621,1790250400645,Default Profile,false
2026-09-24T12:08:49.000Z,12.87384248804301,74.95118108578026,-72.0,3.0,89.0,12.63,25,gps,0.4,0.8,1.0,-86.6,,,,66,,1790251729000,2026-09-24T17:38:49.000+05:30,13294.571878972925,1790250400645,Default Profile,false
2026-09-24T12:08:53.000Z,12.873834734782577,74.95164116844535,-73.0,4.0,90.4,12.719999,24,gps,0.4,0.8,1.0,-86.6,,,,66,,1790251733000,2026-09-24T17:38:53.000+05:30,13344.452209390996,1790250400645,Default Profile,false
2026-09-24T12:08:56.000Z,12.87385321687907,74.9520388059318,-72.0,4.0,87.9,14.929999,28,gps,0.4,0.8,0.8,-86.6,,,,66,,1790251736000,2026-09-24T17:38:56.000+05:30,13387.605005965837,1790250400645,Default Profile,false
2026-09-24T12:09:00.000Z,12.873905058950186,74.95262512005866,-71.0,4.0,86.7,16.34,27,gps,0.4,0.8,0.8,-86.6,,,,66,,1790251740000,2026-09-24T17:39:00.000+05:30,13451.422232009209,1790250400645,Default Profile,false
2026-09-24T12:09:04.000Z,12.873953632079065,74.95325166732073,-73.0,4.0,88.2,16.99,24,gps,0.4,0.8,1.0,-86.6,,,,66,,1790251744000,2026-09-24T17:39:04.000+05:30,13519.554239525914,1790250400645,Default Profile,false
2026-09-24T12:09:07.000Z,12.873983094468713,74.953733375296,-72.0,4.0,87.9,17.02,27,gps,0.4,0.8,0.8,-86.6,,,,66,,1790251747000,2026-09-24T17:39:07.000+05:30,13571.87394020051,1790250400645,Default Profile,false
2026-09-24T12:09:11.000Z,12.874018717557192,74.95435606688261,-71.0,4.5,87.0,16.779999,25,gps,0.4,0.8,1.0,-86.6,,,,66,,1790251751000,2026-09-24T17:39:11.000+05:30,13639.489679990507,1790250400645,Default Profile,false
2026-09-24T12:09:15.000Z,12.874140967614949,74.95494950562716,-69.0,4.0,78.4,15.429999,28,gps,0.4,0.8,0.8,-86.6,,,,65,,1790251755000,2026-09-24T17:39:15.000+05:30,13705.238850783657,1790250400645,Default Profile,false
2026-09-24T12:09:19.000Z,12.874264726415277,74.95553137734532,-69.0,4.0,79.7,14.7699995,28,gps,0.4,0.8,0.8,-86.6,,,,65,,1790251759000,2026-09-24T17:39:19.000+05:30,13769.797293344875,1790250400645,Default Profile,false
2026-09-24T12:09:22.000Z,12.874317322857678,74.95593957602978,-68.0,3.5,84.7,14.11,26,gps,0.4,0.8,1.0,-86.6,,,,65,,1790251762000,2026-09-24T17:39:22.000+05:30,13814.430708587097,1790250400645,Default Profile,false
2026-09-24T12:09:26.000Z,12.874354370869696,74.95643402449787,-66.0,3.0,84.9,12.29,29,gps,0.4,0.8,1.0,-86.6,,,,65,,1790251766000,2026-09-24T17:39:26.000+05:30,13868.186810201381,1790250400645,Default Profile,false
2026-09-24T12:09:30.000Z,12.874392005614936,74.95678145438433,-64.0,2.5,86.2,7.85,32,gps,0.4,0.6,0.8,-86.6,,,,65,,1790251770000,2026-09-24T17:39:30.000+05:30,13906.079854894337,1790250400645,Default Profile,false
2026-09-24T12:09:34.000Z,12.874428760260344,74.95698739774525,-62.0,2.5,88.8,4.2799997,29,gps,0.4,0.8,0.8,-86.6,,,,65,,1790251774000,2026-09-24T17:39:34.000+05:30,13928.775045923458,1790250400645,Default Profile,false
2026-09-24T12:09:38.000Z,12.874429556541145,74.95713391341269,-62.0,2.5,89.3,4.63,29,gps,0.4,0.8,0.8,-86.6,,,,65,,1790251778000,2026-09-24T17:39:38.000+05:30,13944.657527734853,1790250400645,Default Profile,false
2026-09-24T12:09:42.000Z,12.874415055848658,74.95740029029548,-61.0,2.5,96.1,8.559999,31,gps,0.4,0.8,0.8,-86.6,,,,65,,1790251782000,2026-09-24T17:39:42.000+05:30,13973.577651152073,1790250400645,Default Profile,false
2026-09-24T12:09:46.000Z,12.874324405565858,74.95772894471884,-61.0,2.5,115.2,9.679999,29,gps,0.4,0.8,0.8,-86.6,,,,65,,1790251786000,2026-09-24T17:39:46.000+05:30,14010.602179502775,1790250400645,Default Profile,false
2026-09-24T12:09:50.000Z,12.874103290960193,74.95807310566306,-61.0,3.0,124.0,11.58,30,gps,0.4,0.8,0.8,-86.6,,,,65,,1790251790000,2026-09-24T17:39:50.000+05:30,14055.282363362123,1790250400645,Default Profile,false
2026-09-24T12:09:54.000Z,12.873792531900108,74.95844517834485,-59.0,3.0,136.1,13.969999,32,gps,0.4,0.6,0.8,-86.6,,,,65,,1790251794000,2026-09-24T17:39:54.000+05:30,14108.393139847372,1790250400645,Default Profile,false
2026-09-24T12:09:57.000Z,12.873492082580924,74.95870736427605,-59.0,3.0,138.6,14.059999,29,gps,0.4,0.6,0.8,-86.6,,,,65,,1790251797000,2026-09-24T17:39:57.000+05:30,14152.255118494653,1790250400645,Default Profile,false
2026-09-24T12:10:01.000Z,12.873065653257072,74.95911405421793,-62.0,3.0,139.1,16.59,26,gps,0.4,0.8,0.8,-86.6,,,,65,,1790251801000,2026-09-24T17:40:01.000+05:30,14216.999670857094,1790250400645,Default Profile,false
2026-09-24T12:10:05.000Z,12.872563577257097,74.95955175720155,-66.0,2.5,139.3,18.06,27,gps,0.4,0.8,0.8,-86.6,,,,65,,1790251805000,2026-09-24T17:40:05.000+05:30,14290.266503045308,1790250400645,Default Profile,false
2026-09-24T12:10:09.000Z,12.87207093089819,74.95998568832874,-69.0,2.5,137.8,16.88,30,gps,0.4,0.6,0.8,-86.6,,,,65,,1790251809000,2026-09-24T17:40:09.000+05:30,14362.470585519404,1790250400645,Default Profile,false
2026-09-24T12:10:13.000Z,12.871725638397038,74.96030319482088,-71.0,3.5,139.0,9.599999,29,gps,0.4,0.6,0.8,-86.6,,,,65,,1790251813000,2026-09-24T17:40:13.000+05:30,14414.033668194828,1790250400645,Default Profile,false
2026-09-24T12:10:16.000Z,12.871539811603725,74.96047242544591,-71.0,3.5,141.4,9.49,30,gps,0.4,0.6,0.8,-86.6,,,,65,,1790251816000,2026-09-24T17:40:16.000+05:30,14441.664965550952,1790250400645,Default Profile,false
2026-09-24T12:10:20.000Z,12.871277499943972,74.96073125861585,-72.0,3.5,128.6,9.559999,30,gps,0.4,0.8,0.8,-86.6,,,,65,,1790251820000,2026-09-24T17:40:20.000+05:30,14482.137092973564,1790250400645,Default Profile,false
2026-09-24T12:10:23.000Z,12.871110825799406,74.96096100658178,-71.0,3.5,116.6,11.059999,29,gps,0.4,0.6,0.8,-86.6,,,,65,,1790251823000,2026-09-24T17:40:23.000+05:30,14513.181223554007,1790250400645,Default Profile,false
2026-09-24T12:10:26.000Z,12.87095517385751,74.96123182587326,-71.0,3.0,117.7,11.95,31,gps,0.4,0.6,0.8,-86.6,,,,65,,1790251826000,2026-09-24T17:40:26.000+05:30,14547.260477263255,1790250400645,Default Profile,false
2026-09-24T12:10:30.000Z,12.870781919918954,74.96165284886956,-71.0,3.0,114.0,12.349999,26,gps,0.4,0.8,1.0,-86.6,,,,65,,1790251830000,2026-09-24T17:40:30.000+05:30,14596.799247210558,1790250400645,Default Profile,false
2026-09-24T12:10:34.000Z,12.870612060651183,74.96208652853966,-71.0,3.5,111.6,12.849999,29,gps,0.4,0.8,0.8,-86.6,,,,65,,1790251834000,2026-09-24T17:40:34.000+05:30,14647.462921438933,1790250400645,Default Profile,false
2026-09-24T12:10:38.000Z,12.870415169745684,74.96258382685483,-71.0,3.0,111.5,14.48,29,gps,0.4,0.8,0.8,-86.6,,,,65,,1790251838000,2026-09-24T17:40:38.000+05:30,14705.646787824138,1790250400645,Default Profile,false
2026-09-24T12:10:42.000Z,12.870206753723323,74.96311901137233,-69.0,3.5,109.1,15.48,29,gps,0.4,0.8,0.8,-86.6,,,,65,,1790251842000,2026-09-24T17:40:42.000+05:30,14768.119018974205,1790250400645,Default Profile,false
2026-09-24T12:10:46.000Z,12.87012473680079,74.96372896246612,-65.0,3.5,93.7,16.3,30,gps,0.4,0.6,0.8,-86.6,,,,65,,1790251846000,2026-09-24T17:40:46.000+05:30,14834.864566055581,1790250400645,Default Profile,false
2026-09-24T12:10:50.000Z,12.870106506161392,74.96433958411217,-63.0,3.0,93.5,16.55,30,gps,0.4,0.6,0.8,-86.6,,,,65,,1790251850000,2026-09-24T17:40:50.000+05:30,14901.087861052865,1790250400645,Default Profile,false
2026-09-24T12:10:54.000Z,12.87007050588727,74.96492866426706,-61.0,2.5,94.1,16.09,30,gps,0.4,0.8,0.8,-86.6,,,,65,,1790251854000,2026-09-24T17:40:54.000+05:30,14965.070348281917,1790250400645,Default Profile,false
2026-09-24T12:10:57.000Z,12.870052820071578,74.96538690291345,-59.0,2.5,93.5,16.529999,29,gps,0.4,0.6,0.8,-86.6,,,,65,,1790251857000,2026-09-24T17:40:57.000+05:30,15014.782997582912,1790250400645,Default Profile,false
2026-09-24T12:11:01.000Z,12.870006426237524,74.9660112708807,-58.0,2.5,94.4,16.97,28,gps,0.4,0.8,0.8,-86.6,,,,65,,1790251861000,2026-09-24T17:41:01.000+05:30,15082.661718741429,1790250400645,Default Profile,false
2026-09-24T12:11:05.000Z,12.86996397189796,74.96665265411139,-57.0,3.5,92.8,17.42,27,gps,0.4,0.8,0.8,-86.6,,,,65,,1790251865000,2026-09-24T17:41:05.000+05:30,15152.34869394411,1790250400645,Default Profile,false
2026-09-24T12:11:09.000Z,12.869952991604805,74.96729345060885,-57.0,4.0,89.1,15.99,26,gps,0.4,0.8,1.0,-86.6,,,,65,,1790251869000,2026-09-24T17:41:09.000+05:30,15221.822725291817,1790250400645,Default Profile,false
2026-09-24T12:11:13.000Z,12.869971389882267,74.96778848581016,-57.0,3.0,84.9,11.9,30,gps,0.4,0.6,0.8,-86.6,,,,65,,1790251873000,2026-09-24T17:41:13.000+05:30,15275.524265235006,1790250400645,Default Profile,false
2026-09-24T12:11:16.000Z,12.86999502684921,74.9680475704372,-57.0,3.5,85.3,8.28,30,gps,0.4,0.6,0.8,-86.6,,,,65,,1790251876000,2026-09-24T17:41:16.000+05:30,15303.732140120967,1790250400645,Default Profile,false
2026-09-24T12:11:20.000Z,12.870025201700628,74.96833029203117,-58.0,3.5,83.9,5.91,31,gps,0.4,0.6,0.8,-86.6,,,,65,,1790251880000,2026-09-24T17:41:20.000+05:30,15334.562700821778,1790250400645,Default Profile,false
2026-09-24T12:11:23.000Z,12.87004024721682,74.96847311966121,-58.0,3.0,83.9,4.0099998,30,gps,0.4,0.6,0.8,-86.6,,,,65,,1790251883000,2026-09-24T17:41:23.000+05:30,15350.135550504154,1790250400645,Default Profile,false
2026-09-24T12:11:27.000Z,12.870046282187104,74.96862323954701,-57.0,2.5,87.9,5.89,30,gps,0.4,0.6,0.8,-86.6,,,,65,,1790251887000,2026-09-24T17:41:27.000+05:30,15366.422596207061,1790250400645,Default Profile,false
2026-09-24T12:11:31.000Z,12.870057262480259,74.96884854510427,-53.0,2.5,82.9,5.65,29,gps,0.4,0.8,0.8,-86.6,,,,65,,1790251891000,2026-09-24T17:41:31.000+05:30,15390.876546894213,1790250400645,Default Profile,false
2026-09-24T12:11:35.000Z,12.870077001862228,74.9691002536565,-50.0,2.0,81.1,7.5499997,32,gps,0.4,0.6,0.8,-86.6,,,,65,,1790251895000,2026-09-24T17:41:35.000+05:30,15418.250259842587,1790250400645,Default Profile,false
2026-09-24T12:11:39.000Z,12.870101854205132,74.96941013261676,-49.0,2.0,85.9,9.08,29,gps,0.4,0.6,0.8,-86.6,,,,65,,1790251899000,2026-09-24T17:41:39.000+05:30,15451.955065320451,1790250400645,Default Profile,false
2026-09-24T12:11:42.000Z,12.870137267746031,74.96966829523444,-48.0,2.5,85.9,9.429999,27,gps,0.4,0.8,0.8,-86.6,,,,65,,1790251902000,2026-09-24T17:41:42.000+05:30,15480.215949542306,1790250400645,Default Profile,false
2026-09-24T12:11:46.000Z,12.870155666023493,74.9700072593987,-48.0,3.0,87.0,8.97,30,gps,0.4,0.6,0.8,-86.6,,,,65,,1790251906000,2026-09-24T17:41:46.000+05:30,15517.017053509904,1790250400645,Default Profile,false
2026-09-24T12:11:50.000Z,12.87014426663518,74.97030599042773,-48.0,3.0,95.3,8.15,27,gps,0.4,0.8,0.8,-86.6,,,,65,,1790251910000,2026-09-24T17:41:50.000+05:30,15549.424718862676,1790250400645,Default Profile,false
2026-09-24T12:11:54.000Z,12.870100429281592,74.97066247276962,-48.0,2.5,100.3,9.849999,31,gps,0.4,0.6,0.8,-86.6,,,,65,,1790251914000,2026-09-24T17:41:54.000+05:30,15588.374137675384,1790250400645,Default Profile,false
2026-09-24T12:11:58.000Z,12.870009946636856,74.97103010304272,-47.0,2.5,105.2,10.4,28,gps,0.4,0.8,1.0,-86.6,,,,65,,1790251918000,2026-09-24T17:41:58.000+05:30,15629.476237419089,1790250400645,Default Profile,false
2026-09-24T12:12:02.000Z,12.86990265827626,74.97139446437359,-46.0,2.0,104.2,10.49,31,gps,0.4,0.6,0.8,-86.6,,,,65,,1790251922000,2026-09-24T17:42:02.000+05:30,15670.735914391376,1790250400645,Default Profile,false
2026-09-24T12:12:05.000Z,12.869830196723342,74.9716738332063,-46.0,2.5,104.4,10.04,31,gps,0.4,0.8,0.8,-86.6,,,,65,,1790251925000,2026-09-24T17:42:05.000+05:30,15702.073469698365,1790250400645,Default Profile,false
2026-09-24T12:12:09.000Z,12.869743863120675,74.9719864781946,-46.0,2.5,105.6,6.67,31,gps,0.4,0.8,0.8,-86.6,,,,65,,1790251929000,2026-09-24T17:42:09.000+05:30,15737.298053946883,1790250400645,Default Profile,false
2026-09-24T12:12:12.000Z,12.869684561155736,74.97216979041696,-45.0,2.5,108.2,6.23,31,gps,0.4,0.8,0.8,-86.6,,,,65,,1790251932000,2026-09-24T17:42:12.000+05:30,15758.23491107896,1790250400645,Default Profile,false
2026-09-24T12:12:16.000Z,12.869667378254235,74.97233047150075,-45.0,3.0,102.3,2.05,31,gps,0.4,0.8,0.8,-86.6,,,,65,,1790251936000,2026-09-24T17:42:16.000+05:30,15775.757480974713,1790250400645,Default Profile,false
2026-09-24T12:12:20.000Z,12.869667503982782,74.97233575209975,-46.0,3.0,100.7,1.76,32,gps,0.4,0.6,0.8,-86.6,,,,65,,1790251940000,2026-09-24T17:42:20.000+05:30,15776.330077190434,1790250400645,Default Profile,false
2026-09-24T12:12:23.000Z,12.869652081280947,74.97239241376519,-45.0,3.0,108.3,3.27,32,gps,0.4,0.6,0.8,-86.6,,,,65,,1790251943000,2026-09-24T17:42:23.000+05:30,15782.707208204894,1790250400645,Default Profile,false
2026-09-24T12:12:27.000Z,12.869603633880615,74.97251998633146,-45.0,2.5,108.1,3.52,31,gps,0.4,0.8,0.8,-86.6,,,,65,,1790251947000,2026-09-24T17:42:27.000+05:30,15797.548510045406,1790250400645,Default Profile,false
2026-09-24T12:12:31.000Z,12.869570860639215,74.97260908596218,-46.0,2.5,108.6,2.35,32,gps,0.4,0.6,0.8,-86.6,,,,65,,1790251951000,2026-09-24T17:42:31.000+05:30,15807.871681790548,1790250400645,Default Profile,false
2026-09-24T12:12:35.000Z,12.869551456533372,74.97267111204565,-45.0,3.0,105.0,2.46,32,gps,0.4,0.6,0.8,-86.6,,,,65,,1790251955000,2026-09-24T17:42:35.000+05:30,15814.933123794397,1790250400645,Default Profile,false
2026-09-24T12:12:39.000Z,12.869491064921021,74.97279675677419,-44.0,3.0,111.9,5.29,30,gps,0.4,0.6,0.8,-86.6,,,,65,,1790251959000,2026-09-24T17:42:39.000+05:30,15830.118696148013,1790250400645,Default Profile,false
2026-09-24T12:12:43.000Z,12.869387087412179,74.97301770374179,-43.0,2.5,114.1,7.46,29,gps,0.4,0.8,0.8,-86.6,,,,65,,1790251963000,2026-09-24T17:42:43.000+05:30,15856.714306954058,1790250400645,Default Profile,false
2026-09-24T12:12:46.000Z,12.869265424087644,74.97324770316482,-43.0,3.0,117.8,9.48,30,gps,0.4,0.8,0.8,-86.6,,,,65,,1790251966000,2026-09-24T17:42:46.000+05:30,15885.08044790317,1790250400645,Default Profile,false
2026-09-24T12:12:50.000Z,12.86906027700752,74.97361533343792,-45.0,3.0,119.4,12.059999,31,gps,0.4,0.6,0.8,-86.6,,,,65,,1790251970000,2026-09-24T17:42:50.000+05:30,15930.999093443897,1790250400645,Default Profile,false
2026-09-24T12:12:53.000Z,12.868901565670967,74.97398673556745,-47.0,3.0,107.3,14.53,31,gps,0.4,0.8,0.8,-86.6,,,,65,,1790251973000,2026-09-24T17:42:53.000+05:30,15974.957853511347,1790250400645,Default Profile,false
2026-09-24T12:12:57.000Z,12.868883251212537,74.97457271441817,-48.0,3.0,79.0,16.32,30,gps,0.4,0.8,0.8,-86.6,,,,65,,1790251977000,2026-09-24T17:42:57.000+05:30,16038.511746282162,1790250400645,Default Profile,false
2026-09-24T12:13:00.000Z,12.869030144065619,74.97501284815371,-49.0,3.5,70.0,17.199999,28,gps,0.4,0.8,0.8,-86.6,,,,65,,1790251980000,2026-09-24T17:43:00.000+05:30,16088.941536953953,1790250400645,Default Profile,false
2026-09-24T12:13:04.000Z,12.86914019845426,74.97562447562814,-52.0,4.0,90.1,16.77,29,gps,0.4,0.8,1.0,-86.6,,,,65,,1790251984000,2026-09-24T17:43:04.000+05:30,16156.363001820435,1790250400645,Default Profile,false
2026-09-24T12:13:08.000Z,12.869015308097005,74.976213471964,-55.0,4.0,102.8,15.179999,27,gps,0.4,0.8,1.0,-86.6,,,,65,,1790251988000,2026-09-24T17:43:08.000+05:30,16221.704109886463,1790250400645,Default Profile,false
2026-09-24T12:13:12.000Z,12.868915270082653,74.97675309889019,-56.0,4.0,102.6,14.389999,30,gps,0.4,0.8,0.8,-86.6,,,,65,,1790251992000,2026-09-24T17:43:12.000+05:30,16281.248961669906,1790250400645,Default Profile,false
2026-09-24T12:13:16.000Z,12.868739082477987,74.97727160342038,-58.0,3.5,115.7,14.94,30,gps,0.4,0.8,0.8,-86.6,,,,65,,1790251996000,2026-09-24T17:43:16.000+05:30,16340.772335314405,1790250400645,Default Profile,false
2026-09-24T12:13:20.000Z,12.868484859354794,74.97770385816693,-59.0,3.5,131.1,12.23,29,gps,0.4,0.8,1.0,-86.6,,,,65,,1790252000000,2026-09-24T17:43:20.000+05:30,16395.4962418428,1790250400645,Default Profile,false
2026-09-24T12:13:24.000Z,12.8682462265715,74.97804374434054,-60.0,3.5,113.6,10.0,30,gps,0.4,0.8,0.8,-86.6,,,,65,,1790252004000,2026-09-24T17:43:24.000+05:30,16440.901124980806,1790250400645,Default Profile,false
2026-09-24T12:13:27.000Z,12.868227451108396,74.97833308763802,-59.0,3.5,82.1,10.74,30,gps,0.4,0.6,0.8,-86.6,,,,65,,1790252007000,2026-09-24T17:43:27.000+05:30,16472.33599269068,1790250400645,Default Profile,false
2026-09-24T12:13:31.000Z,12.868397310376167,74.97868428938091,-60.0,3.5,51.6,10.84,29,gps,0.4,0.8,0.8,-86.6,,,,65,,1790252011000,2026-09-24T17:43:31.000+05:30,16514.83471929244,1790250400645,Default Profile,false
2026-09-24T12:13:34.000Z,12.868601074442267,74.97888017445803,-60.0,3.0,49.2,8.34,30,gps,0.4,0.8,0.8,-86.6,,,,65,,1790252014000,2026-09-24T17:43:34.000+05:30,16545.88728313785,1790250400645,Default Profile,false
2026-09-24T12:13:38.000Z,12.868803078308702,74.97912291437387,-62.0,2.5,54.0,9.04,30,gps,0.4,0.8,0.8,-86.6,,,,65,,1790252018000,2026-09-24T17:43:38.000+05:30,16580.48400445793,1790250400645,Default Profile,false
2026-09-24T12:13:41.000Z,12.868961747735739,74.9793428555131,-65.0,2.5,58.1,10.28,30,gps,0.4,0.6,0.8,-86.6,,,,65,,1790252021000,2026-09-24T17:43:41.000+05:30,16610.144199788163,1790250400645,Default Profile,false
2026-09-24T12:13:44.000Z,12.869119117967784,74.97958551160991,-67.0,3.0,60.3,9.969999,27,gps,0.4,0.8,1.0,-86.6,,,,65,,1790252024000,2026-09-24T17:43:44.000+05:30,16641.737355321442,1790250400645,Default Profile,false
2026-09-24T12:13:48.000Z,12.869245223701,74.9799816403538,-66.0,3.0,75.6,12.469999,30,gps,0.4,0.8,0.8,-86.6,,,,64,,1790252028000,2026-09-24T17:43:48.000+05:30,16686.90993571168,1790250400645,Default Profile,false
2026-09-24T12:13:52.000Z,12.86934853065759,74.98046125285327,-65.0,3.0,74.8,14.09,27,gps,0.4,0.8,1.0,-86.6,,,,64,,1790252032000,2026-09-24T17:43:52.000+05:30,16740.154697427413,1790250400645,Default Profile,false
2026-09-24T12:13:56.000Z,12.869505607523024,74.98098319396377,-64.0,3.0,71.9,15.25,30,gps,0.4,0.8,1.0,-86.6,,,,64,,1790252036000,2026-09-24T17:43:56.000+05:30,16799.36859617891,1790250400645,Default Profile,false
2026-09-24T12:13:59.000Z,12.869677101261914,74.98141343705356,-64.0,3.0,65.0,16.369999,31,gps,0.4,0.8,1.0,-86.6,,,,64,,1790252039000,2026-09-24T17:43:59.000+05:30,16849.755479795673,1790250400645,Default Profile,false
2026-09-24T12:14:03.000Z,12.869939915835857,74.98201089911163,-62.0,2.5,66.7,17.449999,32,gps,0.4,0.8,0.8,-86.6,,,,64,,1790252043000,2026-09-24T17:44:03.000+05:30,16920.80921511799,1790250400645,Default Profile,false
2026-09-24T12:14:06.000Z,12.870120755396783,74.98247299343348,-59.0,2.5,67.9,16.789999,32,gps,0.4,0.6,0.8,-86.6,,,,64,,1790252046000,2026-09-24T17:44:06.000+05:30,16974.786323136468,1790250400645,Default Profile,false
2026-09-24T12:14:10.000Z,12.870334535837173,74.98303139582276,-58.0,3.0,72.9,15.92,28,gps,0.4,0.8,1.0,-86.6,,,,64,,1790252050000,2026-09-24T17:44:10.000+05:30,17039.818225642928,1790250400645,Default Profile,false
2026-09-24T12:14:14.000Z,12.870440818369389,74.98361368663609,-59.0,3.0,80.8,16.789999,31,gps,0.4,0.6,0.8,-86.6,,,,64,,1790252054000,2026-09-24T17:44:14.000+05:30,17104.036127850344,1790250400645,Default Profile,false
2026-09-24T12:14:18.000Z,12.870526565238833,74.98424828052521,-61.0,3.0,82.5,16.93,28,gps,0.4,0.6,0.8,-86.6,,,,64,,1790252058000,2026-09-24T17:44:18.000+05:30,17173.484534026997,1790250400645,Default Profile,false
2026-09-24T12:14:22.000Z,12.87053327076137,74.98488237150013,-58.0,3.0,94.1,17.08,31,gps,0.4,0.6,0.8,-86.6,,,,64,,1790252062000,2026-09-24T17:44:22.000+05:30,17242.22483450799,1790250400645,Default Profile,false
2026-09-24T12:14:26.000Z,12.87049240898341,74.98551394790411,-59.0,3.0,92.4,16.94,32,gps,0.4,0.6,0.8,-86.6,,,,64,,1790252066000,2026-09-24T17:44:26.000+05:30,17310.839117162763,1790250400645,Default Profile,false
2026-09-24T12:14:29.000Z,12.870497019030154,74.98600319959223,-59.0,3.0,82.1,16.88,31,gps,0.4,0.6,0.8,-86.6,,,,64,,1790252069000,2026-09-24T17:44:29.000+05:30,17363.877098156994,1790250400645,Default Profile,false
2026-09-24T12:14:32.000Z,12.870592279359698,74.9864420760423,-59.0,3.5,72.3,15.46,31,gps,0.4,0.6,0.8,-86.6,,,,64,,1790252072000,2026-09-24T17:44:32.000+05:30,17412.61679030677,1790250400645,Default Profile,false
2026-09-24T12:14:36.000Z,12.87078590132296,74.98692587949336,-59.0,4.0,70.0,13.219999,29,gps,0.4,0.8,0.8,-86.6,,,,64,,1790252076000,2026-09-24T17:44:36.000+05:30,17469.30890200444,1790250400645,Default Profile,false
2026-09-24T12:14:40.000Z,12.870835354551673,74.98738126829267,-59.0,4.0,91.1,11.389999,30,gps,0.4,0.6,0.8,-86.6,,,,64,,1790252080000,2026-09-24T17:44:40.000+05:30,17518.978895237044,1790250400645,Default Profile,false
2026-09-24T12:14:44.000Z,12.87084914278239,74.98779793269932,-59.0,3.0,88.8,10.88,31,gps,0.4,0.6,0.8,-86.6,,,,64,,1790252084000,2026-09-24T17:44:44.000+05:30,17564.171797235707,1790250400645,Default Profile,false
2026-09-24T12:14:48.000Z,12.870855554938316,74.98823404312134,-58.0,3.0,90.9,13.12,28,gps,0.4,0.8,0.8,-86.6,,,,64,,1790252088000,2026-09-24T17:44:48.000+05:30,17611.45202928486,1790250400645,Default Profile,false
2026-09-24T12:14:52.000Z,12.870859284885228,74.9887730833143,-59.0,3.5,88.5,15.23,27,gps,0.4,0.8,1.0,-86.6,,,,64,,1790252092000,2026-09-24T17:44:52.000+05:30,17669.886057502077,1790250400645,Default Profile,false
2026-09-24T12:14:56.000Z,12.870881706476212,74.98934833332896,-60.0,3.0,83.3,15.339999,29,gps,0.4,0.8,0.8,-86.6,,,,64,,1790252096000,2026-09-24T17:44:56.000+05:30,17732.293616085244,1790250400645,Default Profile,false
2026-09-24T12:15:00.000Z,12.870967243798077,74.9899338092655,-60.0,3.0,79.1,15.88,26,gps,0.4,0.8,1.0,-86.6,,,,64,,1790252100000,2026-09-24T17:45:00.000+05:30,17796.468587243806,1790250400645,Default Profile,false
2026-09-24T12:15:04.000Z,12.871094145812094,74.99055247753859,-61.0,3.5,75.2,18.49,29,gps,0.4,0.8,1.0,-86.6,,,,64,,1790252104000,2026-09-24T17:45:04.000+05:30,17865.001311871594,1790250400645,Default Profile,false
2026-09-24T12:15:08.000Z,12.871342292055488,74.99125152826309,-63.0,3.0,68.7,21.46,31,gps,0.4,0.6,0.8,-86.6,,,,64,,1790252108000,2026-09-24T17:45:08.000+05:30,17945.646347055343,1790250400645,Default Profile,false
2026-09-24T12:15:12.000Z,12.871693326160312,74.99195049516857,-64.0,3.0,59.9,21.52,29,gps,0.4,0.8,0.8,-86.6,,,,64,,1790252112000,2026-09-24T17:45:12.000+05:30,18030.878212368727,1790250400645,Default Profile,false
2026-09-24T12:15:15.000Z,12.872043061070144,74.99242625199258,-63.0,3.0,52.5,20.539999,31,gps,0.4,0.6,0.8,-86.6,,,,64,,1790252115000,2026-09-24T17:45:15.000+05:30,18095.469567021068,1790250400645,Default Profile,false
2026-09-24T12:15:19.000Z,12.872508256696165,74.99298465438187,-60.0,3.0,53.3,17.6,30,gps,0.4,0.6,0.8,-86.6,,,,64,,1790252119000,2026-09-24T17:45:19.000+05:30,18175.092032488345,1790250400645,Default Profile,false
2026-09-24T12:15:23.000Z,12.872738633304834,74.9935614131391,-59.0,3.5,72.9,16.76,28,gps,0.4,0.8,0.8,-86.8,,,,64,,1790252123000,2026-09-24T17:45:23.000+05:30,18242.657353114857,1790250400645,Default Profile,false
2026-09-24T12:15:26.000Z,12.872867127880454,74.99401160515845,-61.0,3.0,71.3,16.44,28,gps,0.4,0.8,0.8,-86.8,,,,64,,1790252126000,2026-09-24T17:45:26.000+05:30,18293.50690380226,1790250400645,Default Profile,false
2026-09-24T12:15:30.000Z,12.873010709881783,74.99452457763255,-62.0,3.0,72.0,12.9,30,gps,0.4,0.8,0.8,-86.8,,,,64,,1790252130000,2026-09-24T17:45:30.000+05:30,18351.359850507193,1790250400645,Default Profile,false
2026-09-24T12:15:33.000Z,12.873103623278439,74.99488231725991,-60.0,3.0,79.0,14.42,31,gps,0.4,0.6,0.8,-86.8,,,,64,,1790252133000,2026-09-24T17:45:33.000+05:30,18391.491549585415,1790250400645,Default Profile,false
2026-09-24T12:15:37.000Z,12.873131954111159,74.99542940407991,-60.0,3.5,90.3,15.299999,31,gps,0.4,0.6,0.8,-86.8,,,,64,,1790252137000,2026-09-24T17:45:37.000+05:30,18450.879446155122,1790250400645,Default Profile,false
2026-09-24T12:15:41.000Z,12.873106305487454,74.99603390693665,-61.0,3.0,92.1,16.369999,32,gps,0.4,0.6,0.8,-86.8,,,,64,,1790252141000,2026-09-24T17:45:41.000+05:30,18516.46967154924,1790250400645,Default Profile,false
2026-09-24T12:15:44.000Z,12.873090505599976,74.99651008285582,-61.0,3.0,90.8,17.3,30,gps,0.4,0.6,0.8,-86.8,,,,64,,1790252144000,2026-09-24T17:45:44.000+05:30,18568.117099245155,1790250400645,Default Profile,false
2026-09-24T12:15:47.000Z,12.873124033212662,74.99699966982007,-61.0,3.0,80.6,17.82,32,gps,0.4,0.6,0.8,-86.8,,,,64,,1790252147000,2026-09-24T17:45:47.000+05:30,18621.31917717072,1790250400645,Default Profile,false
2026-09-24T12:15:51.000Z,12.873299173079431,74.9976665340364,-59.0,3.0,71.8,18.949999,29,gps,0.4,0.8,0.8,-86.8,,,,64,,1790252151000,2026-09-24T17:45:51.000+05:30,18696.18464517356,1790250400645,Default Profile,false
2026-09-24T12:15:55.000Z,12.873502476140857,74.99833842739463,-59.0,2.5,73.4,19.39,30,gps,0.4,0.8,0.8,-86.8,,,,64,,1790252155000,2026-09-24T17:45:55.000+05:30,18772.445549025015,1790250400645,Default Profile,false
2026-09-24T12:15:58.000Z,12.87363264709711,74.99884519726038,-58.0,3.0,76.9,18.38,29,gps,0.4,0.8,0.8,-86.8,,,,64,,1790252158000,2026-09-24T17:45:58.000+05:30,18829.25427838624,1790250400645,Default Profile,false
2026-09-24T12:16:02.000Z,12.87374597042799,74.99944944866002,-59.0,3.5,80.7,14.969999,31,gps,0.4,0.6,0.8,-86.8,,,,64,,1790252162000,2026-09-24T17:46:02.000+05:30,18895.95613263127,1790250400645,Default Profile,false
2026-09-24T12:16:05.000Z,12.87381922826171,74.99985940754414,-60.0,3.0,79.6,14.61,30,gps,0.4,0.8,0.8,-86.8,,,,64,,1790252165000,2026-09-24T17:46:05.000+05:30,18941.136029674333,1790250400645,Default Profile,false
2026-09-24T12:16:09.000Z,12.873916290700436,75.00038755126297,-60.0,3.0,79.3,14.62,32,gps,0.4,0.6,0.8,-86.8,,,,64,,1790252169000,2026-09-24T17:46:09.000+05:30,18999.395156617255,1790250400645,Default Profile,false
2026-09-24T12:16:13.000Z,12.874012012034655,75.00095559284091,-60.0,3.5,78.2,16.21,30,gps,0.4,0.8,0.8,-86.8,,,,64,,1790252173000,2026-09-24T17:46:13.000+05:30,19061.88387910823,1790250400645,Default Profile,false
2026-09-24T12:16:17.000Z,12.8741857688874,75.00149136409163,-62.0,3.0,62.9,15.57,31,gps,0.4,0.8,0.8,-86.8,,,,64,,1790252177000,2026-09-24T17:46:17.000+05:30,19123.090794093085,1790250400645,Default Profile,false
2026-09-24T12:16:21.000Z,12.874506460502744,75.00196536071599,-59.0,2.5,57.3,13.37,32,gps,0.4,0.6,0.8,-86.8,,,,64,,1790252181000,2026-09-24T17:46:21.000+05:30,19185.633549080343,1790250400645,Default Profile,false
2026-09-24T12:16:25.000Z,12.87474475800991,75.00234086997807,-60.0,2.0,60.1,11.65,32,gps,0.4,0.6,0.8,-86.8,,,,64,,1790252185000,2026-09-24T17:46:25.000+05:30,19234.20323035193,1790250400645,Default Profile,false
2026-09-24T12:16:29.000Z,12.874936033040285,75.00269542448223,-60.0,2.0,66.5,9.639999,32,gps,0.4,0.6,0.8,-86.8,,,,64,,1790252189000,2026-09-24T17:46:29.000+05:30,19278.129255729848,1790250400645,Default Profile,false
2026-09-24T12:16:33.000Z,12.875035107135773,75.00301661901176,-58.0,2.0,72.0,9.179999,31,gps,0.4,0.6,0.8,-86.8,,,,64,,1790252193000,2026-09-24T17:46:33.000+05:30,19314.647832264665,1790250400645,Default Profile,false
2026-09-24T12:16:37.000Z,12.875101324170828,75.00325005501509,-57.0,2.5,72.8,4.2999997,31,gps,0.4,0.6,0.8,-86.8,,,,64,,1790252197000,2026-09-24T17:46:37.000+05:30,19341.00160254336,1790250400645,Default Profile,false
2026-09-24T12:16:41.000Z,12.875119219534099,75.00331266783178,-57.0,3.0,73.6,1.64,31,gps,0.4,0.8,0.8,-86.8,,,,64,,1790252201000,2026-09-24T17:46:41.000+05:30,19348.074470500225,1790250400645,Default Profile,false
2026-09-24T12:16:45.000Z,12.875155806541443,75.00340646132827,-58.0,4.5,74.9,3.8899999,31,gps,0.4,0.6,0.8,-86.8,,,,64,,1790252205000,2026-09-24T17:46:45.000+05:30,19359.02535323627,1790250400645,Default Profile,false
2026-09-24T12:16:49.000Z,12.875188495963812,75.00355607829988,-58.0,3.5,76.2,3.46,31,gps,0.4,0.6,0.8,-86.8,,,,64,,1790252209000,2026-09-24T17:46:49.000+05:30,19375.646060498926,1790250400645,Default Profile,false
2026-09-24T12:16:52.000Z,12.875209744088352,75.00362791121006,-58.0,3.5,78.9,1.62,30,gps,0.4,0.6,0.8,-86.8,,,,64,,1790252212000,2026-09-24T17:46:52.000+05:30,19383.7832540908,1790250400645,Default Profile,false
2026-09-24T12:16:55.000Z,12.875212845392525,75.00364551320672,-59.0,3.5,76.4,0.75,32,gps,0.4,0.6,0.8,-86.8,,,,64,,1790252215000,2026-09-24T17:46:55.000+05:30,19385.72220964555,1790250400645,Default Profile,false
2026-09-24T12:16:58.000Z,12.875217497348785,75.00367116183043,-58.0,3.0,87.2,0.69,32,gps,0.4,0.6,0.8,-86.8,,,,64,,1790252218000,2026-09-24T17:46:58.000+05:30,19388.550210774018,1790250400645,Default Profile,false
2026-09-24T12:17:02.000Z,12.875218796543777,75.00369714573026,-59.0,3.0,82.1,1.01,31,gps,0.4,0.6,0.8,-86.8,,,,64,,1790252222000,2026-09-24T17:47:02.000+05:30,19391.370547726285,1790250400645,Default Profile,false
2026-09-24T12:17:05.000Z,12.875222358852625,75.00373905524611,-58.0,3.5,83.7,1.41,31,gps,0.4,0.8,0.8,-86.8,,,,64,,1790252225000,2026-09-24T17:47:05.000+05:30,19395.93074296907,1790250400645,Default Profile,false
2026-09-24T12:17:09.000Z,12.87523556035012,75.00377878546715,-59.0,3.5,75.6,0.32,32,gps,0.4,0.6,0.8,-86.8,,,,64,,1790252229000,2026-09-24T17:47:09.000+05:30,19400.480767924233,1790250400645,Default Profile,false
2026-09-24T12:17:13.000Z,12.875228142365813,75.0037860777229,-59.0,3.5,75.6,0.89,31,gps,0.4,0.6,0.8,-86.8,,,,64,,1790252233000,2026-09-24T17:47:13.000+05:30,19401.623228060253,1790250400645,Default Profile,false
2026-09-24T12:17:16.000Z,12.875236188992858,75.00381298363209,-59.0,4.0,58.3,1.42,29,gps,0.4,0.8,0.8,-86.8,,,,64,,1790252236000,2026-09-24T17:47:16.000+05:30,19404.673966242175,1790250400645,Default Profile,false
2026-09-24T12:17:20.000Z,12.875238116830587,75.00388766638935,-60.0,4.5,95.1,3.46,30,gps,0.4,0.8,0.8,-86.8,,,,63,,1790252240000,2026-09-24T17:47:20.000+05:30,19412.772356392004,1790250400645,Default Profile,false
2026-09-24T12:17:24.000Z,12.875258401036263,75.00410039909184,-60.0,2.5,95.4,5.04,32,gps,0.4,0.6,0.8,-86.8,,,,63,,1790252244000,2026-09-24T17:47:24.000+05:30,19435.94245654954,1790250400645,Default Profile,false
2026-09-24T12:17:28.000Z,12.875251360237598,75.00435646623373,-61.0,2.5,87.7,7.6,32,gps,0.4,0.6,0.8,-86.8,,,,63,,1790252248000,2026-09-24T17:47:28.000+05:30,19463.710971274464,1790250400645,Default Profile,false
2026-09-24T12:17:31.000Z,12.875265986658633,75.00461756251752,-60.0,2.5,84.6,9.71,31,gps,0.4,0.8,0.8,-86.8,,,,63,,1790252251000,2026-09-24T17:47:31.000+05:30,19492.060292683265,1790250400645,Default Profile,false
2026-09-24T12:17:35.000Z,12.875299639999866,75.00501201488078,-59.0,2.5,84.1,10.53,32,gps,0.4,0.6,0.8,-86.8,,,,63,,1790252255000,2026-09-24T17:47:35.000+05:30,19534.982048239064,1790250400645,Default Profile,false
2026-09-24T12:17:39.000Z,12.875333460979164,75.00540923327208,-58.0,2.5,86.1,11.29,32,gps,0.4,0.6,0.8,-86.8,,,,63,,1790252259000,2026-09-24T17:47:39.000+05:30,19578.204117358295,1790250400645,Default Profile,false
2026-09-24T12:17:43.000Z,12.875339076854289,75.00585389323533,-57.0,2.5,88.9,12.33,31,gps,0.4,0.8,0.8,-86.8,,,,63,,1790252263000,2026-09-24T17:47:43.000+05:30,19626.408935552405,1790250400645,Default Profile,false
2026-09-24T12:17:46.000Z,12.875338322483003,75.00619302503765,-58.0,2.5,91.9,11.59,31,gps,0.4,0.6,0.8,-86.8,,,,63,,1790252266000,2026-09-24T17:47:46.000+05:30,19663.1706386145,1790250400645,Default Profile,false
2026-09-24T12:17:50.000Z,12.875341423787177,75.00666249543428,-58.0,2.5,85.9,13.12,30,gps,0.4,0.8,0.8,-86.8,,,,63,,1790252270000,2026-09-24T17:47:50.000+05:30,19714.062010139794,1790250400645,Default Profile,false
2026-09-24T12:17:53.000Z,12.875393056310713,75.00705535523593,-57.0,2.5,78.9,14.24,31,gps,0.4,0.8,0.8,-86.8,,,,63,,1790252273000,2026-09-24T17:47:53.000+05:30,19757.032951523248,1790250400645,Default Profile,false
2026-09-24T12:17:57.000Z,12.875479431822896,75.00756857916713,-58.0,3.0,80.8,13.599999,30,gps,0.4,0.8,0.8,-86.8,,,,63,,1790252277000,2026-09-24T17:47:57.000+05:30,19813.488957997062,1790250400645,Default Profile,false
2026-09-24T12:18:00.000Z,12.875558137893677,75.00792388804257,-59.0,3.0,72.0,13.0199995,32,gps,0.4,0.6,0.8,-86.8,,,,63,,1790252280000,2026-09-24T17:48:00.000+05:30,19852.98592193523,1790250400645,Default Profile,false
2026-09-24T12:18:04.000Z,12.8756985347718,75.00841984525323,-60.0,3.0,80.0,15.45,31,gps,0.4,0.8,0.8,-86.8,,,,63,,1790252284000,2026-09-24T17:48:04.000+05:30,19908.967997249423,1790250400645,Default Profile,false
2026-09-24T12:18:07.000Z,12.875755447894335,75.00885863788426,-60.0,2.5,81.2,15.33,32,gps,0.4,0.6,0.8,-86.8,,,,63,,1790252287000,2026-09-24T17:48:07.000+05:30,19956.951833758045,1790250400645,Default Profile,false
2026-09-24T12:18:11.000Z,12.875845720991492,75.0094457063824,-61.0,2.5,80.3,16.199999,31,gps,0.4,0.8,0.8,-86.8,,,,63,,1790252291000,2026-09-24T17:48:11.000+05:30,20021.3762602848,1790250400645,Default Profile,false
2026-09-24T12:18:15.000Z,12.87594429217279,75.00997368246317,-61.0,2.5,81.2,12.34,31,gps,0.4,0.6,0.8,-86.8,,,,63,,1790252295000,2026-09-24T17:48:15.000+05:30,20079.64839745827,1790250400645,Default Profile,false
2026-09-24T12:18:19.000Z,12.875997265800834,75.0103952921927,-62.0,2.5,84.9,10.679999,31,gps,0.4,0.6,0.8,-86.8,,,,63,,1790252299000,2026-09-24T17:48:19.000+05:30,20125.728463255015,1790250400645,Default Profile,false
2026-09-24T12:18:23.000Z,12.876014448702335,75.01077205874026,-62.0,2.5,90.3,10.42,31,gps,0.4,0.8,0.8,-86.8,,,,63,,1790252303000,2026-09-24T17:48:23.000+05:30,20166.61420541299,1790250400645,Default Profile,false
2026-09-24T12:18:27.000Z,12.875987919978797,75.011146645993,-60.0,2.5,95.2,10.23,31,gps,0.4,0.6,0.8,-86.8,,,,63,,1790252307000,2026-09-24T17:48:27.000+05:30,20207.326056656435,1790250400645,Default Profile,false
2026-09-24T12:18:31.000Z,12.875971449539065,75.01151838339865,-59.0,2.0,88.6,9.79,32,gps,0.4,0.6,0.8,-86.8,,,,63,,1790252311000,2026-09-24T17:48:31.000+05:30,20247.66357874878,1790250400645,Default Profile,false
2026-09-24T12:18:35.000Z,12.876081126742065,75.0118702556938,-58.0,2.5,56.6,10.92,28,gps,0.4,0.8,0.8,-86.8,,,,63,,1790252315000,2026-09-24T17:48:35.000+05:30,20287.70838380659,1790250400645,Default Profile,false
2026-09-24T12:18:39.000Z,12.876348635181785,75.01219882629812,-57.0,2.5,47.0,12.559999,30,gps,0.4,0.8,0.8,-86.8,,,,63,,1790252319000,2026-09-24T17:48:39.000+05:30,20334.11254219448,1790250400645,Default Profile,false
2026-09-24T12:18:43.000Z,12.876686342060566,75.01254307106137,-55.0,2.5,47.1,13.5,31,gps,0.4,0.8,0.8,-86.8,,,,63,,1790252323000,2026-09-24T17:48:43.000+05:30,20387.05174245592,1790250400645,Default Profile,false
2026-09-24T12:18:47.000Z,12.877015289850533,75.01292436383665,-56.0,2.0,52.0,13.889999,29,gps,0.4,0.8,0.8,-86.8,,,,63,,1790252327000,2026-09-24T17:48:47.000+05:30,20442.24412989315,1790250400645,Default Profile,false
2026-09-24T12:18:50.000Z,12.877240888774395,75.01324631273746,-57.0,2.0,59.7,14.2699995,31,gps,0.4,0.8,0.8,-86.8,,,,63,,1790252330000,2026-09-24T17:48:50.000+05:30,20485.223224299552,1790250400645,Default Profile,false
2026-09-24T12:18:54.000Z,12.877464853227139,75.01362534239888,-56.0,2.0,58.8,11.37,32,gps,0.4,0.8,0.8,-86.8,,,,63,,1790252334000,2026-09-24T17:48:54.000+05:30,20533.267665810792,1790250400645,Default Profile,false
2026-09-24T12:18:58.000Z,12.877704198472202,75.01401334069669,-57.0,2.0,58.9,12.54,28,gps,0.4,0.8,1.0,-86.8,,,,63,,1790252338000,2026-09-24T17:48:58.000+05:30,20583.039202910753,1790250400645,Default Profile,false
2026-09-24T12:19:02.000Z,12.877945178188384,75.01443335786462,-56.0,2.0,60.3,13.57,28,gps,0.4,0.8,1.0,-86.8,,,,63,,1790252342000,2026-09-24T17:49:02.000+05:30,20635.868231418797,1790250400645,Default Profile,false
2026-09-24T12:19:05.000Z,12.87810506299138,75.01478749327362,-53.0,2.0,67.2,14.42,31,gps,0.4,0.8,0.8,-86.8,,,,63,,1790252345000,2026-09-24T17:49:05.000+05:30,20678.17280129245,1790250400645,Default Profile,false
2026-09-24T12:19:09.000Z,12.878233683295548,75.01530851237476,-51.0,2.5,79.6,14.719999,31,gps,0.4,0.8,1.0,-86.8,,,,63,,1790252349000,2026-09-24T17:49:09.000+05:30,20736.43292540358,1790250400645,Default Profile,false
2026-09-24T12:19:12.000Z,12.87826310377568,75.01573163084686,-51.0,2.5,89.0,15.49,32,gps,0.4,0.8,0.8,-86.8,,,,63,,1790252352000,2026-09-24T17:49:12.000+05:30,20782.414607229337,1790250400645,Default Profile,false
2026-09-24T12:19:16.000Z,12.878239005804062,75.01633320003748,-52.0,2.5,93.0,16.59,30,gps,0.4,0.8,1.0,-86.8,,,,63,,1790252356000,2026-09-24T17:49:16.000+05:30,20847.678484545486,1790250400645,Default Profile,false
2026-09-24T12:19:20.000Z,12.878235066309571,75.016945078969,-52.0,3.0,84.4,16.199999,30,gps,0.4,0.8,1.0,-86.8,,,,63,,1790252360000,2026-09-24T17:49:20.000+05:30,20914.00633504445,1790250400645,Default Profile,false
2026-09-24T12:19:24.000Z,12.878337325528264,75.01753558404744,-52.0,3.0,77.8,15.509999,28,gps,0.4,0.8,1.0,-86.8,,,,63,,1790252364000,2026-09-24T17:49:24.000+05:30,20979.017952117956,1790250400645,Default Profile,false
2026-09-24T12:19:28.000Z,12.878452325239778,75.01807068474591,-54.0,3.0,75.6,13.91,30,gps,0.4,0.8,0.8,-86.8,,,,63,,1790252368000,2026-09-24T17:49:28.000+05:30,21038.414535718282,1790250400645,Default Profile,false
2026-09-24T12:19:32.000Z,12.878620717674494,75.0185788795352,-55.0,2.5,68.0,14.54,30,gps,0.4,0.8,0.8,-86.8,,,,63,,1790252372000,2026-09-24T17:49:32.000+05:30,21096.597019083725,1790250400645,Default Profile,false
2026-09-24T12:19:36.000Z,12.878840323537588,75.01900937408209,-54.0,3.0,61.9,13.21,28,gps,0.4,0.8,1.0,-86.8,,,,63,,1790252376000,2026-09-24T17:49:36.000+05:30,21149.2646307958,1790250400645,Default Profile,false
2026-09-24T12:19:40.000Z,12.879051212221384,75.01933450810611,-54.0,3.0,61.6,6.3799996,31,gps,0.4,0.8,0.8,-86.8,,,,63,,1790252380000,2026-09-24T17:49:40.000+05:30,21191.596804695102,1790250400645,Default Profile,false
2026-09-24T12:19:43.000Z,12.879150998778641,75.01947104930878,-56.0,2.5,58.8,6.5,31,gps,0.4,0.6,0.8,-86.8,,,,63,,1790252383000,2026-09-24T17:49:43.000+05:30,21210.09484559173,1790250400645,Default Profile,false
2026-09-24T12:19:46.000Z,12.879240433685482,75.01961161382496,-56.0,2.0,55.1,5.65,29,gps,0.4,0.8,0.8,-86.8,,,,63,,1790252386000,2026-09-24T17:49:46.000+05:30,21228.28986139344,1790250400645,Default Profile,false
2026-09-24T12:19:50.000Z,12.879388751462102,75.01977078616619,-57.0,2.5,49.4,6.8999996,27,gps,0.4,0.8,0.8,-86.8,,,,63,,1790252390000,2026-09-24T17:49:50.000+05:30,21252.158007572623,1790250400645,Default Profile,false
2026-09-24T12:19:54.000Z,12.879558778367937,75.01996809616685,-57.0,2.5,48.8,7.49,30,gps,0.4,0.8,0.8,-86.8,,,,63,,1790252394000,2026-09-24T17:49:54.000+05:30,21280.704171774065,1790250400645,Default Profile,false
2026-09-24T12:19:58.000Z,12.87973165512085,75.02018409781158,-56.0,2.5,52.1,7.48,29,gps,0.4,0.8,0.8,-86.8,,,,63,,1790252398000,2026-09-24T17:49:58.000+05:30,21310.99839068504,1790250400645,Default Profile,false
2026-09-24T12:20:02.000Z,12.879887600429356,75.02041669562459,-55.0,2.0,57.1,7.95,30,gps,0.4,0.8,0.8,-86.8,,,,63,,1790252402000,2026-09-24T17:50:02.000+05:30,21341.59872323376,1790250400645,Default Profile,false
2026-09-24T12:20:05.000Z,12.88000775501132,75.02063227817416,-53.0,2.0,62.6,8.9,32,gps,0.4,0.6,0.8,-86.8,,,,63,,1790252405000,2026-09-24T17:50:05.000+05:30,21368.517003011002,1790250400645,Default Profile,false
2026-09-24T12:20:09.000Z,12.8801245149225,75.02095892094076,-51.0,2.0,70.2,8.82,30,gps,0.4,0.6,0.8,-86.8,,,,63,,1790252409000,2026-09-24T17:50:09.000+05:30,21406.22942246867,1790250400645,Default Profile,false
2026-09-24T12:20:13.000Z,12.880220110528171,75.02124264836311,-52.0,2.5,68.9,6.92,30,gps,0.4,0.6,0.8,-86.8,,,,63,,1790252413000,2026-09-24T17:50:13.000+05:30,21438.76978787381,1790250400645,Default Profile,false
2026-09-24T12:20:17.000Z,12.88029772695154,75.02144909463823,-51.0,2.5,71.1,6.5,27,gps,0.4,0.8,1.0,-86.8,,,,63,,1790252417000,2026-09-24T17:50:17.000+05:30,21462.75454905025,1790250400645,Default Profile,false
2026-09-24T12:20:21.000Z,12.880380749702454,75.02170264720917,-50.0,2.5,68.6,6.8199997,31,gps,0.4,0.6,0.8,-86.8,,,,63,,1790252421000,2026-09-24T17:50:21.000+05:30,21491.74788348867,1790250400645,Default Profile,false
2026-09-24T12:20:24.000Z,12.880436112172902,75.02187917008996,-49.0,2.5,67.8,5.94,28,gps,0.4,0.6,0.8,-86.8,,,,63,,1790252424000,2026-09-24T17:50:24.000+05:30,21511.848320299785,1790250400645,Default Profile,false
2026-09-24T12:20:28.000Z,12.88050907664001,75.02206684090197,-49.0,3.0,66.8,5.45,30,gps,0.4,0.8,0.8,-86.8,,,,63,,1790252428000,2026-09-24T17:50:28.000+05:30,21533.74947718782,1790250400645,Default Profile,false
2026-09-24T12:20:32.000Z,12.880578604526818,75.02225811593235,-49.0,3.0,73.8,6.0699997,27,gps,0.4,0.8,0.8,-86.8,,,,63,,1790252432000,2026-09-24T17:50:32.000+05:30,21555.877600646192,1790250400645,Default Profile,false
2026-09-24T12:20:36.000Z,12.880620053038001,75.02241519279778,-49.0,4.0,77.9,3.5,28,gps,0.4,0.8,0.8,-86.8,,,,63,,1790252436000,2026-09-24T17:50:36.000+05:30,21573.51699611024,1790250400645,Default Profile,false
2026-09-24T12:20:40.000Z,12.88067470304668,75.02259221859276,-48.0,3.0,67.9,5.68,30,gps,0.4,0.8,0.8,-86.8,,,,63,,1790252440000,2026-09-24T17:50:40.000+05:30,21593.645258196808,1790250400645,Default Profile,false
2026-09-24T12:20:44.000Z,12.880791923962533,75.02281526103616,-46.0,3.0,67.5,7.3399997,30,gps,0.4,0.8,0.8,-86.8,,,,63,,1790252444000,2026-09-24T17:50:44.000+05:30,21621.112089368242,1790250400645,Default Profile,false
2026-09-24T12:20:48.000Z,12.880898038856685,75.02311583608389,-46.0,2.5,70.1,9.2699995,28,gps,0.4,0.8,1.0,-86.8,,,,63,,1790252448000,2026-09-24T17:50:48.000+05:30,21655.764253487167,1790250400645,Default Profile,false
2026-09-24T12:20:52.000Z,12.881010733544827,75.02350274473429,-47.0,2.5,72.1,11.63,30,gps,0.4,0.6,0.8,-86.8,,,,63,,1790252452000,2026-09-24T17:50:52.000+05:30,21699.535947276283,1790250400645,Default Profile,false
2026-09-24T12:20:56.000Z,12.881143502891064,75.02392083406448,-47.0,2.5,69.4,11.0199995,31,gps,0.4,0.8,0.8,-86.8,,,,63,,1790252456000,2026-09-24T17:50:56.000+05:30,21747.19947094915,1790250400645,Default Profile,false
2026-09-24T12:21:00.000Z,12.881288467906415,75.02425141632557,-48.0,2.5,64.5,8.4,30,gps,0.4,0.8,0.8,-86.8,,,,63,,1790252460000,2026-09-24T17:51:00.000+05:30,21786.492091761218,1790250400645,Default Profile,false
2026-09-24T12:21:04.000Z,12.881455854512751,75.0245501473546,-47.0,2.5,58.6,9.5,28,gps,0.4,0.8,1.0,-86.8,,,,63,,1790252464000,2026-09-24T17:51:04.000+05:30,21823.841561401965,1790250400645,Default Profile,false
2026-09-24T12:21:07.000Z,12.8816156135872,75.02478861249983,-49.0,2.5,55.3,10.929999,31,gps,0.4,0.8,0.8,-86.8,,,,63,,1790252467000,2026-09-24T17:51:07.000+05:30,21855.206088738232,1790250400645,Default Profile,false
2026-09-24T12:21:11.000Z,12.881857766769826,75.02511475235224,-53.0,2.0,51.5,11.2699995,30,gps,0.4,0.8,0.8,-86.8,,,,63,,1790252471000,2026-09-24T17:51:11.000+05:30,21899.644944286174,1790250400645,Default Profile,false
2026-09-24T12:21:15.000Z,12.882077204994857,75.02540769986808,-53.0,2.5,52.9,9.53,29,gps,0.4,0.8,0.8,-86.8,,,,63,,1790252475000,2026-09-24T17:51:15.000+05:30,21939.691468706635,1790250400645,Default Profile,false
2026-09-24T12:21:18.000Z,12.882242454215884,75.02561850473285,-54.0,2.0,49.7,9.469999,31,gps,0.4,0.8,0.8,-86.8,,,,63,,1790252478000,2026-09-24T17:51:18.000+05:30,21969.013459699985,1790250400645,Default Profile,false
2026-09-24T12:21:22.000Z,12.882433352060616,75.02592570148408,-56.0,2.0,62.7,9.69,30,gps,0.4,0.8,0.8,-86.8,,,,63,,1790252482000,2026-09-24T17:51:22.000+05:30,22008.502695795552,1790250400645,Default Profile,false
2026-09-24T12:21:26.000Z,12.882550405338407,75.02622971311212,-55.0,2.5,72.2,6.83,29,gps,0.4,0.8,0.8,-86.8,,,,63,,1790252486000,2026-09-24T17:51:26.000+05:30,22043.933664312623,1790250400645,Default Profile,false
2026-09-24T12:21:29.000Z,12.882571988739073,75.02634999342263,-54.0,3.0,87.1,3.46,30,gps,0.4,0.8,0.8,-86.8,,,,63,,1790252489000,2026-09-24T17:51:29.000+05:30,22057.190622568658,1790250400645,Default Profile,false
2026-09-24T12:21:33.000Z,12.882578526623547,75.02640254795551,-53.0,3.0,88.0,0.08,32,gps,0.4,0.6,0.8,-86.8,,,,63,,1790252493000,2026-09-24T17:51:33.000+05:30,22062.933525112032,1790250400645,Default Profile,false
2026-09-24T12:21:37.000Z,12.882583891041577,75.02641797065735,-52.0,3.5,88.0,0.94,31,gps,0.4,0.8,0.8,-86.8,,,,63,,1790252497000,2026-09-24T17:51:37.000+05:30,22064.708514824844,1790250400645,Default Profile,false
2026-09-24T12:21:40.000Z,12.882603839971125,75.02643322572112,-52.0,3.5,38.7,0.35999998,31,gps,0.4,0.8,0.8,-86.8,,,,63,,1790252500000,2026-09-24T17:51:40.000+05:30,22067.4752554391,1790250400645,Default Profile,false
2026-09-24T12:21:44.000Z,12.882606438361108,75.02646842971444,-52.0,3.5,80.3,1.62,32,gps,0.4,0.6,0.8,-86.8,,,,63,,1790252504000,2026-09-24T17:51:44.000+05:30,22071.30215109709,1790250400645,Default Profile,false
2026-09-24T12:21:48.000Z,12.882609162479639,75.02654696814716,-53.0,3.5,89.0,2.9099998,32,gps,0.4,0.8,0.8,-86.8,,,,63,,1790252508000,2026-09-24T17:51:48.000+05:30,22079.820792549104,1790250400645,Default Profile,false
2026-09-24T12:21:51.000Z,12.882611718960106,75.02662701532245,-53.0,3.5,92.4,2.9299998,31,gps,0.4,0.8,0.8,-86.8,,,,63,,1790252511000,2026-09-24T17:51:51.000+05:30,22088.50224378053,1790250400645,Default Profile,false
2026-09-24T12:21:54.000Z,12.882611090317369,75.026731537655,-54.0,3.5,93.6,4.0,29,gps,0.4,0.8,0.8,-86.8,,,,63,,1790252514000,2026-09-24T17:51:54.000+05:30,22099.832265140718,1790250400645,Default Profile,false
2026-09-24T12:21:58.000Z,12.882581041194499,75.02694108523428,-54.0,3.0,96.4,5.29,30,gps,0.4,0.6,0.8,-86.8,,,,63,,1790252518000,2026-09-24T17:51:58.000+05:30,22122.79083448137,1790250400645,Default Profile,false
2026-09-24T12:22:02.000Z,12.882536114193499,75.02718893811107,-55.0,3.0,91.3,7.19,28,gps,0.4,0.8,0.8,-86.8,,,,63,,1790252522000,2026-09-24T17:52:02.000+05:30,22150.11761981196,1790250400645,Default Profile,false
2026-09-24T12:22:05.000Z,12.882528905756772,75.02741860225797,-55.0,3.0,94.5,8.059999,30,gps,0.4,0.8,0.8,-86.8,,,,63,,1790252525000,2026-09-24T17:52:05.000+05:30,22175.025209426967,1790250400645,Default Profile,false
2026-09-24T12:22:09.000Z,12.882514488883317,75.02773258835077,-57.0,2.5,96.5,8.12,30,gps,0.4,0.8,0.8,-86.8,,,,63,,1790252529000,2026-09-24T17:52:09.000+05:30,22209.097799705643,1790250400645,Default Profile,false
2026-09-24T12:22:13.000Z,12.882480164989829,75.02795848064125,-59.0,2.5,98.6,4.65,28,gps,0.4,0.8,0.8,-86.8,,,,63,,1790252533000,2026-09-24T17:52:13.000+05:30,22233.87930568318,1790250400645,Default Profile,false
2026-09-24T12:22:17.000Z,12.882449738681316,75.02813206985593,-59.0,2.0,102.7,5.02,30,gps,0.4,0.8,0.8,-86.8,,,,63,,1790252537000,2026-09-24T17:52:17.000+05:30,22252.99743877021,1790250400645,Default Profile,false
2026-09-24T12:22:21.000Z,12.882393579930067,75.02835687249899,-55.0,2.5,106.9,6.5899997,29,gps,0.4,0.8,0.8,-86.8,,,,62,,1790252541000,2026-09-24T17:52:21.000+05:30,22278.152577440887,1790250400645,Default Profile,false
2026-09-24T12:22:25.000Z,12.882302762009203,75.02857530489564,-53.0,2.5,108.6,5.23,31,gps,0.4,0.6,0.8,-86.8,,,,62,,1790252545000,2026-09-24T17:52:25.000+05:30,22303.893415064147,1790250400645,Default Profile,false
2026-09-24T12:22:29.000Z,12.882240861654282,75.02871779724956,-53.0,2.0,110.4,3.98,26,gps,0.4,0.8,1.0,-86.8,,,,62,,1790252549000,2026-09-24T17:52:29.000+05:30,22320.803268156753,1790250400645,Default Profile,false
2026-09-24T12:22:32.000Z,12.882214458659291,75.0288223195821,-54.0,2.5,107.7,3.4099998,30,gps,0.4,0.6,0.8,-86.8,,,,62,,1790252552000,2026-09-24T17:52:32.000+05:30,22332.50729639678,1790250400645,Default Profile,false
2026-09-24T12:22:36.000Z,12.882180386222899,75.02892265096307,-54.0,3.0,118.7,2.03,30,gps,0.4,0.6,0.8,-86.8,,,,62,,1790252556000,2026-09-24T17:52:36.000+05:30,22344.023871753398,1790250400645,Default Profile,false
2026-09-24T12:22:40.000Z,12.882179715670645,75.02894042059779,-54.0,3.0,126.4,0.07,30,gps,0.4,0.8,0.8,-86.8,,,,62,,1790252560000,2026-09-24T17:52:40.000+05:30,22345.951475513008,1790250400645,Default Profile,false
2026-09-24T12:22:43.000Z,12.882173638790846,75.02894042059779,-53.0,3.0,,0.0,28,gps,0.4,0.8,0.8,-86.8,,,,62,,1790252563000,2026-09-24T17:52:43.000+05:30,22346.627193716526,1790250400645,Default Profile,false
2026-09-24T12:22:47.000Z,12.882183026522398,75.02895274199545,-54.0,3.0,126.4,1.5999999,30,gps,0.4,0.8,0.8,-86.8,,,,62,,1790252567000,2026-09-24T17:52:47.000+05:30,22348.32232468317,1790250400645,Default Profile,false
2026-09-24T12:22:50.000Z,12.882179003208876,75.02900831401348,-54.0,3.5,107.0,2.51,31,gps,0.4,0.6,0.8,-86.8,,,,62,,1790252570000,2026-09-24T17:52:50.000+05:30,22354.362710822992,1790250400645,Default Profile,false
2026-09-24T12:22:54.000Z,12.882165173068643,75.0290985032916,-53.0,4.0,102.0,2.47,28,gps,0.4,0.8,1.0,-86.8,,,,62,,1790252574000,2026-09-24T17:52:54.000+05:30,22364.2591034492,1790250400645,Default Profile,false
2026-09-24T12:22:57.000Z,12.882156162522733,75.02916438505054,-53.0,4.0,111.2,2.44,29,gps,0.4,0.8,1.0,-86.8,,,,62,,1790252577000,2026-09-24T17:52:57.000+05:30,22371.47037982547,1790250400645,Default Profile,false
2026-09-24T12:23:01.000Z,12.882135626859963,75.02926748245955,-52.0,4.0,108.1,2.61,30,gps,0.4,0.6,0.8,-86.8,,,,62,,1790252581000,2026-09-24T17:53:01.000+05:30,22382.87665445435,1790250400645,Default Profile,false
2026-09-24T12:23:05.000Z,12.882112576626241,75.02935708500445,-52.0,4.0,99.0,2.32,31,gps,0.4,0.6,0.8,-86.8,,,,62,,1790252585000,2026-09-24T17:53:05.000+05:30,22392.92172845481,1790250400645,Default Profile,false
2026-09-24T12:23:09.000Z,12.882078378461301,75.02946051768959,-52.0,4.0,96.2,2.1,28,gps,0.4,0.8,1.0,-86.8,,,,62,,1790252589000,2026-09-24T17:53:09.000+05:30,22404.760765704734,1790250400645,Default Profile,false
2026-09-24T12:23:12.000Z,12.882066098973155,75.02952128648758,-52.0,4.0,98.2,1.4599999,31,gps,0.4,0.8,1.0,-86.8,,,,62,,1790252592000,2026-09-24T17:53:12.000+05:30,22411.487903885267,1790250400645,Default Profile,false
2026-09-24T12:23:16.000Z,12.882069954648614,75.02954852767289,-53.0,4.0,,0.0,29,gps,0.4,0.8,0.8,-86.8,,,,62,,1790252596000,2026-09-24T17:53:16.000+05:30,22414.47170862976,1790250400645,Default Profile,false
2026-09-24T12:23:20.000Z,12.882053442299366,75.0295995734632,-53.0,3.5,100.4,1.91,32,gps,0.4,0.8,0.8,-86.8,,,,62,,1790252600000,2026-09-24T17:53:20.000+05:30,22420.301565301157,1790250400645,Default Profile,false
2026-09-24T12:23:23.000Z,12.882045982405543,75.02964542247355,-52.0,3.5,97.0,0.65,29,gps,0.4,0.8,0.8,-86.8,,,,62,,1790252603000,2026-09-24T17:53:23.000+05:30,22425.3401762356,1790250400645,Default Profile,false
2026-09-24T12:23:27.000Z,12.882034624926746,75.02967878244817,-52.0,3.5,101.4,0.62,30,gps,0.4,0.8,0.8,-86.8,,,,62,,1790252607000,2026-09-24T17:53:27.000+05:30,22429.17045805507,1790250400645,Default Profile,false
2026-09-24T12:23:31.000Z,12.88202527910471,75.02973058260977,-51.0,3.0,93.7,1.78,30,gps,0.4,0.8,0.8,-86.8,,,,62,,1790252611000,2026-09-24T17:53:31.000+05:30,22434.880760899276,1790250400645,Default Profile,false
2026-09-24T12:23:35.000Z,12.882016142830253,75.0297980569303,-51.0,3.5,99.0,1.6999999,30,gps,0.4,0.8,0.8,-86.8,,,,62,,1790252615000,2026-09-24T17:53:35.000+05:30,22442.26494404241,1790250400645,Default Profile,false
2026-09-24T12:23:38.000Z,12.881993553601205,75.02984784543514,-51.0,3.5,101.0,1.6999999,28,gps,0.4,0.8,0.8,-86.8,,,,62,,1790252618000,2026-09-24T17:53:38.000+05:30,22448.21772417691,1790250400645,Default Profile,false
2026-09-24T12:23:41.000Z,12.881988482549787,75.02989394590259,-50.0,3.5,86.1,1.55,27,gps,0.4,0.8,1.0,-86.8,,,,62,,1790252621000,2026-09-24T17:53:41.000+05:30,22453.24655734584,1790250400645,Default Profile,false
2026-09-24T12:23:45.000Z,12.881999546661973,75.02997885458171,-51.0,4.0,79.7,2.4199998,29,gps,0.4,0.8,1.0,-86.8,,,,62,,1790252625000,2026-09-24T17:53:45.000+05:30,22462.532205076273,1790250400645,Default Profile,false
2026-09-24T12:23:48.000Z,12.882016561925411,75.03005378879607,-52.0,3.5,77.7,2.3799999,30,gps,0.4,0.8,0.8,-86.8,,,,62,,1790252628000,2026-09-24T17:53:48.000+05:30,22470.87224024437,1790250400645,Default Profile,false
2026-09-24T12:23:52.000Z,12.882052646018565,75.03016853705049,-52.0,3.5,69.3,3.12,29,gps,0.4,0.8,0.8,-86.8,,,,62,,1790252632000,2026-09-24T17:53:52.000+05:30,22483.941670170054,1790250400645,Default Profile,false
2026-09-24T12:23:56.000Z,12.882067942991853,75.03025629557669,-52.0,3.5,82.6,1.24,29,gps,0.4,0.8,0.8,-86.8,,,,62,,1790252636000,2026-09-24T17:53:56.000+05:30,22493.60524164902,1790250400645,Default Profile,false
2026-09-24T12:24:00.000Z,12.882066937163472,75.03027951344848,-52.0,4.0,86.3,0.07,29,gps,0.4,0.8,0.8,-86.8,,,,62,,1790252640000,2026-09-24T17:54:00.000+05:30,22496.124456117406,1790250400645,Default Profile,false
2026-09-24T12:24:04.000Z,12.882079174742103,75.03030558116734,-54.0,4.0,86.3,1.41,31,gps,0.4,0.6,0.8,-86.8,,,,62,,1790252644000,2026-09-24T17:54:04.000+05:30,22499.260682918288,1790250400645,Default Profile,false
2026-09-24T12:24:08.000Z,12.882105619646609,75.03036081790924,-52.0,4.0,60.9,1.41,30,gps,0.4,0.8,0.8,-86.8,,,,62,,1790252648000,2026-09-24T17:54:08.000+05:30,22505.931244993324,1790250400645,Default Profile,false
2026-09-24T12:24:12.000Z,12.882131352089345,75.03042795695364,-52.0,4.0,68.1,1.4599999,26,gps,0.4,0.8,1.0,-86.8,,,,62,,1790252652000,2026-09-24T17:54:12.000+05:30,22513.751148412965,1790250400645,Default Profile,false
2026-09-24T12:24:15.000Z,12.882161233574152,75.03049878403544,-52.0,3.5,65.0,2.31,29,gps,0.4,0.8,0.8,-86.8,,,,62,,1790252655000,2026-09-24T17:54:15.000+05:30,22522.116698528134,1790250400645,Default Profile,false
2026-09-24T12:24:19.000Z,12.882206537760794,75.0306030549109,-52.0,3.5,53.9,2.57,29,gps,0.4,0.8,0.8,-86.8,,,,62,,1790252659000,2026-09-24T17:54:19.000+05:30,22534.491083980978,1790250400645,Default Profile,false
2026-09-24T12:24:23.000Z,12.882237383164465,75.0306960940361,-49.0,3.5,66.0,1.4499999,32,gps,0.4,0.8,0.8,-86.8,,,,62,,1790252663000,2026-09-24T17:54:23.000+05:30,22545.143448694325,1790250400645,Default Profile,false
2026-09-24T12:24:27.000Z,12.88225523661822,75.03078360110521,-50.0,3.5,66.5,2.0,31,gps,0.4,0.8,0.8,-86.8,,,,62,,1790252667000,2026-09-24T17:54:27.000+05:30,22554.83439826564,1790250400645,Default Profile,false
2026-09-24T12:24:31.000Z,12.882273383438587,75.03085853531957,-50.0,3.5,76.1,1.8499999,29,gps,0.4,0.8,1.0,-86.8,,,,62,,1790252671000,2026-09-24T17:54:31.000+05:30,22563.20386668522,1790250400645,Default Profile,false
2026-09-24T12:24:34.000Z,12.882295134477317,75.03096875734627,-49.0,3.5,83.3,4.5,29,gps,0.4,,,-86.8,,,,62,,1790252674000,2026-09-24T17:54:34.000+05:30,22575.393857856274,1790250400645,Default Profile,false
2026-09-24T12:24:38.000Z,12.882316089235246,75.0311799813062,-50.0,3.5,82.6,5.3199997,31,gps,0.4,0.8,0.8,-86.8,,,,62,,1790252678000,2026-09-24T17:54:38.000+05:30,22598.407981479108,1790250400645,Default Profile,false
2026-09-24T12:24:42.000Z,12.882329793646932,75.03142062574625,-50.0,3.5,82.7,7.6699996,28,gps,0.4,0.8,0.8,-86.8,,,,62,,1790252682000,2026-09-24T17:54:42.000+05:30,22624.537386531727,1790250400645,Default Profile,false
2026-09-24T12:24:46.000Z,12.882347982376814,75.03174835816026,-52.0,3.0,86.1,7.8799996,30,gps,0.4,0.8,0.8,-86.8,,,,62,,1790252686000,2026-09-24T17:54:46.000+05:30,22660.119842665616,1790250400645,Default Profile,false
2026-09-24T12:24:50.000Z,12.882323004305363,75.03201180137694,-54.0,2.5,88.9,6.0299997,31,gps,0.4,0.8,0.8,-86.8,,,,62,,1790252690000,2026-09-24T17:54:50.000+05:30,22688.810823946515,1790250400645,Default Profile,false
2026-09-24T12:24:54.000Z,12.882312065921724,75.03224423155189,-54.0,3.0,86.4,6.16,31,gps,0.4,0.8,0.8,-86.8,,,,62,,1790252694000,2026-09-24T17:54:54.000+05:30,22714.034703158035,1790250400645,Default Profile,false
2026-09-24T12:24:57.000Z,12.882314370945096,75.03238898701966,-55.0,2.5,90.2,5.27,29,gps,0.4,0.8,0.8,-86.8,,,,62,,1790252697000,2026-09-24T17:54:57.000+05:30,22729.72773283578,1790250400645,Default Profile,false
2026-09-24T12:25:01.000Z,12.882292326539755,75.03261437639594,-53.0,2.5,95.8,6.3999996,31,gps,0.4,0.8,0.8,-86.8,,,,62,,1790252701000,2026-09-24T17:55:01.000+05:30,22754.28173542118,1790250400645,Default Profile,false
2026-09-24T12:25:05.000Z,12.882203101180494,75.03288016654551,-51.0,2.5,108.5,8.96,30,gps,0.4,0.8,0.8,-86.8,,,,62,,1790252705000,2026-09-24T17:55:05.000+05:30,22784.752823496125,1790250400645,Default Profile,false
2026-09-24T12:25:09.000Z,12.882095812819898,75.03322759643197,-51.0,2.5,106.9,10.099999,31,gps,0.4,0.8,0.8,-86.8,,,,62,,1790252709000,2026-09-24T17:55:09.000+05:30,22824.257321319703,1790250400645,Default Profile,false
2026-09-24T12:25:13.000Z,12.882004282437265,75.0335746910423,-50.0,2.5,101.4,8.92,30,gps,0.4,0.8,0.8,-86.8,,,,62,,1790252713000,2026-09-24T17:55:13.000+05:30,22863.233381894865,1790250400645,Default Profile,false
2026-09-24T12:25:17.000Z,12.88197720889002,75.03387794829905,-48.0,2.5,93.5,7.0499997,31,gps,0.4,0.8,0.8,-86.8,,,,62,,1790252717000,2026-09-24T17:55:17.000+05:30,22896.242907027154,1790250400645,Default Profile,false
2026-09-24T12:25:21.000Z,12.881921050138772,75.03404516726732,-48.0,2.5,117.6,3.6799998,30,gps,0.4,0.8,0.8,-86.8,,,,62,,1790252721000,2026-09-24T17:55:21.000+05:30,22915.41433384444,1790250400645,Default Profile,false
2026-09-24T12:25:24.000Z,12.881859778426588,75.03414164297283,-49.0,2.5,131.5,4.74,32,gps,0.4,0.6,0.8,-86.8,,,,62,,1790252724000,2026-09-24T17:55:24.000+05:30,22927.89552201077,1790250400645,Default Profile,false
2026-09-24T12:25:28.000Z,12.88169909734279,75.03435018472373,-50.0,2.5,121.1,9.309999,31,gps,0.4,0.8,0.8,-86.8,,,,62,,1790252728000,2026-09-24T17:55:28.000+05:30,22956.709072759044,1790250400645,Default Profile,false
2026-09-24T12:25:32.000Z,12.881521191447973,75.03468093462288,-51.0,2.0,116.6,11.0,30,gps,0.4,0.6,0.8,-86.8,,,,62,,1790252732000,2026-09-24T17:55:32.000+05:30,22997.65673639826,1790250400645,Default Profile,false
2026-09-24T12:25:36.000Z,12.881334065459669,75.03510002978146,-51.0,2.0,112.3,13.53,30,gps,0.4,0.8,0.8,-86.8,,,,62,,1790252736000,2026-09-24T17:55:36.000+05:30,23047.623684259976,1790250400645,Default Profile,false
2026-09-24T12:25:39.000Z,12.881191321648657,75.03546883352101,-51.0,2.0,110.8,14.61,32,gps,0.4,0.6,0.8,-86.8,,,,62,,1790252739000,2026-09-24T17:55:39.000+05:30,23090.63646468333,1790250400645,Default Profile,false
2026-09-24T12:25:43.000Z,12.881009560078382,75.0360061135143,-51.0,2.0,107.6,16.119999,32,gps,0.4,0.6,0.8,-86.8,,,,62,,1790252743000,2026-09-24T17:55:43.000+05:30,23152.28309593265,1790250400645,Default Profile,false
2026-09-24T12:25:47.000Z,12.880832995288074,75.03659209236503,-51.0,2.5,106.5,17.449999,32,gps,0.4,0.8,0.8,-86.8,,,,62,,1790252747000,2026-09-24T17:55:47.000+05:30,23218.76634038236,1790250400645,Default Profile,false
2026-09-24T12:25:50.000Z,12.88069180212915,75.03706969320774,-52.0,2.5,105.8,18.449999,29,gps,0.4,0.8,0.8,-86.8,,,,62,,1790252750000,2026-09-24T17:55:50.000+05:30,23272.86499904196,1790250400645,Default Profile,false
2026-09-24T12:25:54.000Z,12.880548555403948,75.03774074837565,-52.0,2.0,101.1,19.119999,31,gps,0.4,0.8,0.8,-86.8,,,,62,,1790252754000,2026-09-24T17:55:54.000+05:30,23347.32882433888,1790250400645,Default Profile,false
2026-09-24T12:25:58.000Z,12.88043703418225,75.03843049518764,-51.0,2.0,99.3,19.88,32,gps,0.4,0.6,0.8,-86.8,,,,62,,1790252758000,2026-09-24T17:55:58.000+05:30,23423.116662191875,1790250400645,Default Profile,false
2026-09-24T12:26:01.000Z,12.88036641664803,75.03897364251316,-51.0,2.0,96.0,19.84,32,gps,0.4,0.8,0.8,-86.8,,,,62,,1790252761000,2026-09-24T17:56:01.000+05:30,23482.513523091602,1790250400645,Default Profile,false
2026-09-24T12:26:05.000Z,12.880304264836013,75.03972340375185,-51.0,1.5,94.6,20.51,32,gps,0.4,0.6,0.8,-86.8,,,,62,,1790252765000,2026-09-24T17:56:05.000+05:30,23564.078710158843,1790250400645,Default Profile,false
2026-09-24T12:26:09.000Z,12.880249279551208,75.04049311392009,-51.0,2.0,93.9,21.109999,32,gps,0.4,0.6,0.8,-86.8,,,,62,,1790252769000,2026-09-24T17:56:09.000+05:30,23647.736733682377,1790250400645,Default Profile,false
2026-09-24T12:26:13.000Z,12.880197311751544,75.04127682186663,-51.0,2.0,93.6,21.289999,32,gps,0.4,0.6,0.8,-86.8,,,,62,,1790252773000,2026-09-24T17:56:13.000+05:30,23732.884679035193,1790250400645,Default Profile,false
2026-09-24T12:26:17.000Z,12.880171202123165,75.04205944016576,-51.0,2.0,92.1,21.39,31,gps,0.4,0.6,0.8,-86.8,,,,62,,1790252777000,2026-09-24T17:56:17.000+05:30,23817.767880790238,1790250400645,Default Profile,false
2026-09-24T12:26:21.000Z,12.880133735015988,75.04284951835871,-52.0,2.0,93.7,21.43,32,gps,0.4,0.6,0.8,-86.8,,,,62,,1790252781000,2026-09-24T17:56:21.000+05:30,23903.511333050305,1790250400645,Default Profile,false
2026-09-24T12:26:24.000Z,12.880080216564238,75.0434401910752,-52.0,2.0,95.5,21.58,32,gps,0.4,0.6,0.8,-86.8,,,,62,,1790252784000,2026-09-24T17:56:24.000+05:30,23967.81451046962,1790250400645,Default Profile,false
2026-09-24T12:26:28.000Z,12.879994637332857,75.0442399084568,-53.0,2.0,94.1,21.63,32,gps,0.4,0.6,0.8,-86.8,,,,62,,1790252788000,2026-09-24T17:56:28.000+05:30,24055.02232776363,1790250400645,Default Profile,false
2026-09-24T12:26:32.000Z,12.879927372559905,75.04503392614424,-52.0,1.5,95.0,21.3,32,gps,0.4,0.6,0.8,-86.8,,,,62,,1790252792000,2026-09-24T17:56:32.000+05:30,24141.415978659283,1790250400645,Default Profile,false
2026-09-24T12:26:36.000Z,12.879806086421013,75.04580271430314,-51.0,2.0,106.1,21.039999,32,gps,0.4,0.6,0.8,-86.8,,,,62,,1790252796000,2026-09-24T17:56:36.000+05:30,24225.83470464715,1790250400645,Default Profile,false
2026-09-24T12:26:39.000Z,12.879585013724864,75.04632951691747,-49.0,2.5,118.9,20.189999,32,gps,0.4,0.6,0.8,-86.8,,,,62,,1790252799000,2026-09-24T17:56:39.000+05:30,24288.00500898137,1790250400645,Default Profile,false
2026-09-24T12:26:43.000Z,12.879131427034736,75.04689060151577,-47.0,2.5,136.0,19.63,31,gps,0.4,0.6,0.8,-86.8,,,,62,,1790252803000,2026-09-24T17:56:43.000+05:30,24367.01724134904,1790250400645,Default Profile,false
2026-09-24T12:26:46.000Z,12.878710571676493,75.04723392426968,-48.0,2.5,148.7,19.859999,32,gps,0.4,0.8,0.8,-86.8,,,,62,,1790252806000,2026-09-24T17:56:46.000+05:30,24426.808053759618,1790250400645,Default Profile,false
2026-09-24T12:26:50.000Z,12.878027153201401,75.04750625230372,-49.0,2.5,166.5,20.289999,30,gps,0.4,0.8,1.0,-86.8,,,,62,,1790252810000,2026-09-24T17:56:50.000+05:30,24508.332913227652,1790250400645,Default Profile,false
2026-09-24T12:26:54.000Z,12.877289126627147,75.04756576381624,-51.0,2.5,179.0,20.119999,31,gps,0.4,0.6,0.8,-86.8,,,,62,,1790252814000,2026-09-24T17:56:54.000+05:30,24590.650880797835,1790250400645,Default Profile,false
2026-09-24T12:26:58.000Z,12.876624190248549,75.04754363559186,-54.0,2.0,181.6,16.24,31,gps,0.4,0.6,0.8,-86.8,,,,62,,1790252818000,2026-09-24T17:56:58.000+05:30,24664.62733090044,1790250400645,Default Profile,false
2026-09-24T12:27:02.000Z,12.876095711253583,75.0475453119725,-56.0,2.0,179.8,15.2,32,gps,0.4,0.6,0.8,-86.8,,,,62,,1790252822000,2026-09-24T17:57:02.000+05:30,24723.39179494235,1790250400645,Default Profile,false
2026-09-24T12:27:06.000Z,12.875514929182827,75.04755687899888,-56.0,2.5,177.7,16.91,30,gps,0.4,0.8,0.8,-86.8,,,,62,,1790252826000,2026-09-24T17:57:06.000+05:30,24787.983985652518,1790250400645,Default Profile,false
2026-09-24T12:27:10.000Z,12.874880712479353,75.04757959395647,-56.0,2.0,178.0,17.89,31,gps,0.4,0.8,0.8,-86.8,,,,62,,1790252830000,2026-09-24T17:57:10.000+05:30,24858.54863804473,1790250400645,Default Profile,false
2026-09-24T12:27:14.000Z,12.874223780818284,75.047607421875,-55.0,2.0,177.4,18.15,30,gps,0.4,0.8,0.8,-86.8,,,,62,,1790252834000,2026-09-24T17:57:14.000+05:30,24931.6583640166,1790250400645,Default Profile,false
2026-09-24T12:27:18.000Z,12.87355251610279,75.0476388540119,-55.0,2.0,176.1,18.449999,30,gps,0.4,0.8,0.8,-86.8,,,,62,,1790252838000,2026-09-24T17:57:18.000+05:30,25006.377321462503,1790250400645,Default Profile,false
2026-09-24T12:27:22.000Z,12.872887076810002,75.04772007465363,-56.0,2.0,169.9,18.92,31,gps,0.4,0.8,0.8,-86.8,,,,61,,1790252842000,2026-09-24T17:57:22.000+05:30,25080.892757684902,1790250400645,Default Profile,false
2026-09-24T12:27:26.000Z,12.872209609486163,75.04787103272974,-57.0,2.5,165.2,19.43,30,gps,0.4,0.8,0.8,-86.8,,,,61,,1790252846000,2026-09-24T17:57:26.000+05:30,25157.980542502446,1790250400645,Default Profile,false
2026-09-24T12:27:29.000Z,12.871696846559644,75.04803892225027,-58.0,2.0,160.2,20.77,32,gps,0.4,0.6,0.8,-86.8,,,,61,,1790252849000,2026-09-24T17:57:29.000+05:30,25217.83129384165,1790250400645,Default Profile,false
2026-09-24T12:27:33.000Z,12.870993982069194,75.04834435880184,-60.0,2.0,155.1,22.13,32,gps,0.4,0.6,0.8,-86.8,,,,61,,1790252853000,2026-09-24T17:57:33.000+05:30,25302.710290443472,1790250400645,Default Profile,false
2026-09-24T12:27:37.000Z,12.870262702926993,75.04870469681919,-62.0,2.0,152.4,22.51,31,gps,0.4,0.8,0.8,-86.8,,,,61,,1790252857000,2026-09-24T17:57:37.000+05:30,25392.920160485177,1790250400645,Default Profile,false
2026-09-24T12:27:40.000Z,12.86971821449697,75.04899018444121,-64.0,2.5,153.2,22.42,32,gps,0.4,0.6,0.8,-86.8,,,,61,,1790252860000,2026-09-24T17:57:40.000+05:30,25460.91540110276,1790250400645,Default Profile,false
2026-09-24T12:27:44.000Z,12.868988821282983,75.04935001954436,-65.0,2.5,154.6,22.08,29,gps,0.4,0.8,0.8,-86.8,,,,61,,1790252864000,2026-09-24T17:57:44.000+05:30,25550.91273379253,1790250400645,Default Profile,false
2026-09-24T12:27:48.000Z,12.868279125541449,75.04970046691597,-66.0,2.5,155.2,21.47,30,gps,0.4,0.8,0.8,-86.8,,,,61,,1790252868000,2026-09-24T17:57:48.000+05:30,25638.495207327313,1790250400645,Default Profile,false
2026-09-24T12:27:52.000Z,12.867583888582885,75.05003641359508,-65.0,2.0,154.9,20.81,30,gps,0.4,0.8,0.8,-86.8,,,,61,,1790252872000,2026-09-24T17:57:52.000+05:30,25723.950301900204,1790250400645,Default Profile,false
2026-09-24T12:27:55.000Z,12.867061360739172,75.05028636194766,-64.0,2.0,155.0,20.89,30,gps,0.4,0.8,0.8,-86.8,,,,61,,1790252875000,2026-09-24T17:57:55.000+05:30,25788.05986817423,1790250400645,Default Profile,false
2026-09-24T12:27:59.000Z,12.866384270600975,75.05061618983746,-62.0,2.0,152.9,20.33,30,gps,0.4,0.8,0.8,-86.8,,,,61,,1790252879000,2026-09-24T17:57:59.000+05:30,25871.407343722003,1790250400645,Default Profile,false
2026-09-24T12:28:03.000Z,12.865771050564945,75.05103553645313,-59.0,2.5,139.7,20.55,32,gps,0.4,0.6,0.8,-86.8,,,,61,,1790252883000,2026-09-24T17:58:03.000+05:30,25953.358163369092,1790250400645,Default Profile,false
2026-09-24T12:28:06.000Z,12.86537236534059,75.05141473375261,-58.0,2.5,133.9,20.439999,32,gps,0.4,0.6,0.8,-86.8,,,,61,,1790252886000,2026-09-24T17:58:06.000+05:30,26013.815024617645,1790250400645,Default Profile,false
2026-09-24T12:28:10.000Z,12.864861404523253,75.05195125937462,-58.0,2.5,137.6,20.32,32,gps,0.4,0.8,0.8,-86.8,,,,61,,1790252890000,2026-09-24T17:58:10.000+05:30,26095.121996971277,1790250400645,Default Profile,false
2026-09-24T12:28:14.000Z,12.864262224175036,75.05236960016191,-57.0,3.0,151.3,20.14,30,gps,0.4,0.8,0.8,-86.8,,,,61,,1790252894000,2026-09-24T17:58:14.000+05:30,26175.717273258542,1790250400645,Default Profile,false
2026-09-24T12:28:18.000Z,12.863571094349027,75.05263505503535,-55.0,2.5,161.8,20.4,30,gps,0.4,0.8,0.8,-86.8,,,,61,,1790252898000,2026-09-24T17:58:18.000+05:30,26257.778370678963,1790250400645,Default Profile,false
2026-09-24T12:28:22.000Z,12.862861943431199,75.05290704779327,-55.0,2.0,155.1,20.699999,32,gps,0.4,0.6,0.8,-86.8,,,,61,,1790252902000,2026-09-24T17:58:22.000+05:30,26341.96464495017,1790250400645,Default Profile,false
2026-09-24T12:28:26.000Z,12.862223284319043,75.05330636166036,-56.0,2.5,143.5,20.939999,29,gps,0.4,0.8,0.8,-86.8,,,,61,,1790252906000,2026-09-24T17:58:26.000+05:30,26425.1333339269,1790250400645,Default Profile,false
2026-09-24T12:28:30.000Z,12.861664295196533,75.05376929417253,-58.0,2.5,142.2,19.869999,30,gps,0.4,0.8,1.0,-86.8,,,,61,,1790252910000,2026-09-24T17:58:30.000+05:30,26505.020218218888,1790250400645,Default Profile,false
2026-09-24T12:28:34.000Z,12.861096044071019,75.05418260581791,-61.0,2.5,148.8,18.83,30,gps,0.4,0.8,0.8,-86.8,,,,61,,1790252914000,2026-09-24T17:58:34.000+05:30,26582.48021982184,1790250400645,Default Profile,false
2026-09-24T12:28:37.000Z,12.86063973326236,75.05442693829536,-61.0,3.0,154.2,19.51,31,gps,0.4,0.8,1.0,-86.8,,,,61,,1790252917000,2026-09-24T17:58:37.000+05:30,26639.71701647774,1790250400645,Default Profile,false
2026-09-24T12:28:41.000Z,12.859994200989604,75.05472105927765,-61.0,2.5,156.7,20.15,32,gps,0.4,0.8,0.8,-86.8,,,,61,,1790252921000,2026-09-24T17:58:41.000+05:30,26718.259805945243,1790250400645,Default Profile,false
2026-09-24T12:28:45.000Z,12.85931191407144,75.05503789521754,-59.0,2.5,152.4,20.6,32,gps,0.4,0.8,0.8,-86.8,,,,61,,1790252925000,2026-09-24T17:58:45.000+05:30,26801.539381351904,1790250400645,Default Profile,false
2026-09-24T12:28:49.000Z,12.858694628812373,75.05542706698179,-58.0,2.5,144.7,20.35,32,gps,0.4,0.8,0.8,-86.8,,,,61,,1790252929000,2026-09-24T17:58:49.000+05:30,26882.107319312123,1790250400645,Default Profile,false
2026-09-24T12:28:52.000Z,12.8582615358755,75.05577508360147,-57.0,2.5,137.3,20.189999,31,gps,0.4,0.8,0.8,-86.8,,,,61,,1790252932000,2026-09-24T17:58:52.000+05:30,26943.283401794517,1790250400645,Default Profile,false
2026-09-24T12:28:55.000Z,12.857882087118924,75.05616853013635,-59.0,3.0,134.0,19.88,29,gps,0.4,0.8,1.0,-86.8,,,,61,,1790252935000,2026-09-24T17:58:55.000+05:30,27003.27875067714,1790250400645,Default Profile,false
2026-09-24T12:28:59.000Z,12.857377412728965,75.0567271001637,-58.0,2.5,131.9,20.949999,31,gps,0.4,0.8,0.8,-86.8,,,,61,,1790252939000,2026-09-24T17:58:59.000+05:30,27085.836523422324,1790250400645,Default Profile,false
2026-09-24T12:29:03.000Z,12.856872822158039,75.05725080147386,-57.0,3.0,134.5,19.17,28,gps,0.4,0.8,1.0,-86.8,,,,61,,1790252943000,2026-09-24T17:59:03.000+05:30,27165.656704047942,1790250400645,Default Profile,false
2026-09-24T12:29:06.000Z,12.856510221026838,75.05763955414295,-56.0,3.0,132.3,18.46,29,gps,0.4,0.8,1.0,-86.8,,,,61,,1790252946000,2026-09-24T17:59:06.000+05:30,27223.981121076864,1790250400645,Default Profile,false
2026-09-24T12:29:10.000Z,12.856047498062253,75.05812654271722,-55.0,2.5,134.0,17.859999,32,gps,0.4,0.6,0.8,-86.8,,,,61,,1790252950000,2026-09-24T17:59:10.000+05:30,27297.699999614113,1790250400645,Default Profile,false
2026-09-24T12:29:14.000Z,12.855600365437567,75.05858377553523,-53.0,2.5,135.5,17.34,31,gps,0.4,0.8,0.8,-86.8,,,,61,,1790252954000,2026-09-24T17:59:14.000+05:30,27367.906164487897,1790250400645,Default Profile,false
2026-09-24T12:29:18.000Z,12.855166643857956,75.0590327102691,-51.0,2.5,135.5,17.0,30,gps,0.4,0.8,0.8,-86.8,,,,61,,1790252958000,2026-09-24T17:59:18.000+05:30,27436.422453856845,1790250400645,Default Profile,false
2026-09-24T12:29:22.000Z,12.854744112119079,75.0594674795866,-50.0,2.5,134.4,16.88,31,gps,0.4,0.8,0.8,-86.8,,,,61,,1790252962000,2026-09-24T17:59:22.000+05:30,27502.97249321731,1790250400645,Default Profile,false
2026-09-24T12:29:26.000Z,12.854344798251987,75.05989780649543,-51.0,2.5,132.7,15.29,31,gps,0.4,0.8,0.8,-86.8,,,,61,,1790252966000,2026-09-24T17:59:26.000+05:30,27567.376063136955,1790250400645,Default Profile,false
2026-09-24T12:29:30.000Z,12.853988944552839,75.06030357442796,-53.0,2.0,134.4,15.36,32,gps,0.4,0.8,0.8,-86.8,,,,61,,1790252970000,2026-09-24T17:59:30.000+05:30,27626.542899334992,1790250400645,Default Profile,false
2026-09-24T12:29:34.000Z,12.853565784171224,75.06073080003262,-54.0,2.5,135.7,17.31,29,gps,0.4,0.8,1.0,-86.8,,,,61,,1790252974000,2026-09-24T17:59:34.000+05:30,27692.566230564837,1790250400645,Default Profile,false
2026-09-24T12:29:38.000Z,12.853078041225672,75.0611768849194,-55.0,2.5,141.2,18.8,30,gps,0.4,0.8,0.8,-86.8,,,,61,,1790252978000,2026-09-24T17:59:38.000+05:30,27765.230007428952,1790250400645,Default Profile,false
2026-09-24T12:29:41.000Z,12.852686648257077,75.06152372807264,-54.0,2.5,138.4,19.82,32,gps,0.4,0.8,0.8,-86.8,,,,61,,1790252981000,2026-09-24T17:59:41.000+05:30,27822.744316585304,1790250400645,Default Profile,false
2026-09-24T12:29:45.000Z,12.852135705761611,75.06200158037245,-55.0,2.5,140.2,20.65,31,gps,0.4,0.8,1.0,-86.8,,,,61,,1790252985000,2026-09-24T17:59:45.000+05:30,27902.972986536617,1790250400645,Default Profile,false
2026-09-24T12:29:49.000Z,12.851538956165314,75.06247088313103,-54.0,2.5,143.8,21.14,31,gps,0.4,0.8,0.8,-86.8,,,,61,,1790252989000,2026-09-24T17:59:49.000+05:30,27986.58820346241,1790250400645,Default Profile,false
2026-09-24T12:29:52.000Z,12.851068102754653,75.06280230358243,-54.0,2.5,145.0,21.14,31,gps,0.4,0.8,0.8,-86.8,,,,61,,1790252992000,2026-09-24T17:59:52.000+05:30,28050.087082526516,1790250400645,Default Profile,false
2026-09-24T12:29:55.000Z,12.850591423921287,75.06312299519777,-52.0,2.5,147.2,20.85,31,gps,0.4,0.8,0.8,-86.8,,,,61,,1790252995000,2026-09-24T17:59:55.000+05:30,28113.47583762805,1790250400645,Default Profile,false
2026-09-24T12:29:59.000Z,12.849962026812136,75.06355944089592,-50.0,2.5,144.8,20.85,31,gps,0.4,0.8,0.8,-86.8,,,,61,,1790252999000,2026-09-24T17:59:59.000+05:30,28197.954971497962,1790250400645,Default Profile,false
2026-09-24T12:30:03.000Z,12.849351027980447,75.06401298567653,-48.0,2.0,141.7,20.539999,31,gps,0.4,0.8,0.8,-86.8,,,,61,,1790253003000,2026-09-24T18:00:03.000+05:30,28281.82046778468,1790250400645,Default Profile,false
2026-09-24T12:30:07.000Z,12.848820118233562,75.0645412132144,-45.0,2.5,129.3,20.33,32,gps,0.4,0.6,0.8,-86.8,,,,61,,1790253007000,2026-09-24T18:00:07.000+05:30,28364.06642222093,1790250400645,Default Profile,false
2026-09-24T12:30:11.000Z,12.848367537371814,75.06514965556562,-44.0,2.0,122.4,20.22,32,gps,0.4,0.6,0.8,-86.8,,,,61,,1790253011000,2026-09-24T18:00:11.000+05:30,28447.033391708697,1790250400645,Default Profile,false
2026-09-24T12:30:14.000Z,12.848096340894699,75.06564284674823,-43.0,2.0,116.5,20.27,31,gps,0.4,0.8,0.8,-86.8,,,,61,,1790253014000,2026-09-24T18:00:14.000+05:30,28508.418373006098,1790250400645,Default Profile,false
2026-09-24T12:30:18.000Z,12.847776864655316,75.06631876341999,-38.0,2.5,116.4,20.17,31,gps,0.4,0.6,0.8,-86.8,,,,61,,1790253018000,2026-09-24T18:00:18.000+05:30,28589.852120643613,1790250400645,Default Profile,false
2026-09-24T12:30:22.000Z,12.847454538568854,75.06699233315885,-35.0,2.5,115.3,20.27,31,gps,0.4,0.8,0.8,-86.8,,,,61,,1790253022000,2026-09-24T18:00:22.000+05:30,28671.196206376233,1790250400645,Default Profile,false
2026-09-24T12:30:26.000Z,12.847141977399588,75.06766590289772,-32.0,2.0,115.0,20.74,32,gps,0.4,0.6,0.8,-86.8,,,,61,,1790253026000,2026-09-24T18:00:26.000+05:30,28752.0678312318,1790250400645,Default Profile,false
2026-09-24T12:30:30.000Z,12.846773969940841,75.06834961473942,-32.0,2.5,122.6,21.189999,31,gps,0.4,0.8,0.8,-86.8,,,,61,,1790253030000,2026-09-24T18:00:30.000+05:30,28836.735358673446,1790250400645,Default Profile,false
2026-09-24T12:30:34.000Z,12.846302236430347,75.06897616200149,-32.0,2.0,130.4,21.67,32,gps,0.4,0.6,0.8,-86.8,,,,61,,1790253034000,2026-09-24T18:00:34.000+05:30,28922.55649242686,1790250400645,Default Profile,false
2026-09-24T12:30:37.000Z,12.845915034413338,75.06942409090698,-32.0,2.0,131.8,22.0,30,gps,0.4,0.8,0.8,-86.8,,,,61,,1790253037000,2026-09-24T18:00:37.000+05:30,28987.455442242885,1790250400645,Default Profile,false
2026-09-24T12:30:40.000Z,12.845517229288816,75.06987419910729,-32.0,2.0,131.6,22.18,31,gps,0.4,,,-86.8,,,,61,,1790253040000,2026-09-24T18:00:40.000+05:30,29053.31740049638,1790250400645,Default Profile,false
2026-09-24T12:30:44.000Z,12.844982002861798,75.07047182880342,-34.0,3.5,135.0,22.33,27,gps,0.4,0.8,0.8,-86.8,,,,61,,1790253044000,2026-09-24T18:00:44.000+05:30,29141.293298336976,1790250400645,Default Profile,false
2026-09-24T12:30:48.000Z,12.844410231336951,75.0710286386311,-28.0,5.0,137.8,23.98,31,gps,0.4,0.8,0.8,-86.8,,,,61,,1790253048000,2026-09-24T18:00:48.000+05:30,29228.96381008628,1790250400645,Default Profile,false
2026-09-24T12:30:52.000Z,12.843847260810435,75.07157731801271,-23.0,4.0,130.7,21.939999,30,gps,0.4,0.8,0.8,-86.8,,,,61,,1790253052000,2026-09-24T18:00:52.000+05:30,29315.317815726718,1790250400645,Default Profile,false
2026-09-24T12:30:56.000Z,12.843374395743012,75.07221534848213,-23.0,3.5,118.5,21.539999,29,gps,0.4,0.8,0.8,-86.8,,,,60,,1790253056000,2026-09-24T18:00:56.000+05:30,29402.20432521745,1790250400645,Default Profile,false
2026-09-24T12:31:04.015Z,12.842897465452552,75.0738144479692,-7.0,8.0,99.9,22.09,19,gps,0.6,1.8,1.8,-87.0,,,,60,,1790253064015,2026-09-24T18:01:04.015+05:30,29583.497604538734,1790250400645,Default Profile,false
2026-09-24T12:31:07.007Z,12.842857483774424,75.07445289753377,-23.0,22.0,100.3,20.869999,21,gps,0.4,1.4,1.4,-87.0,,,,60,,1790253067007,2026-09-24T18:01:07.007+05:30,29652.856589974897,1790250400645,Default Profile,false
2026-09-24T12:31:10.000Z,12.842665915377438,75.07497039623559,-32.0,4.0,103.2,21.32,30,gps,0.4,0.8,1.0,-87.0,,,,60,,1790253070000,2026-09-24T18:01:10.000+05:30,29712.868070080698,1790250400645,Default Profile,false
2026-09-24T12:31:14.000Z,12.84251625649631,75.07575427182019,-33.0,3.0,99.6,21.279999,31,gps,0.4,0.8,1.0,-87.0,,,,60,,1790253074000,2026-09-24T18:01:14.000+05:30,29799.464649171216,1790250400645,Default Profile,false
2026-09-24T12:31:17.000Z,12.842414248734713,75.0763542484492,-33.0,2.5,99.7,21.63,31,gps,0.4,0.6,0.8,-87.0,,,,60,,1790253077000,2026-09-24T18:01:17.000+05:30,29865.491716564084,1790250400645,Default Profile,false
2026-09-24T12:31:21.000Z,12.842285335063934,75.07717517204583,-35.0,2.5,99.2,22.289999,30,gps,0.4,0.8,0.8,-87.0,,,,60,,1790253081000,2026-09-24T18:01:21.000+05:30,29955.637850947118,1790250400645,Default Profile,false
2026-09-24T12:31:24.000Z,12.842195103876293,75.07776902988553,-35.0,2.0,97.4,21.789999,31,gps,0.4,0.6,0.8,-87.0,,,,60,,1790253084000,2026-09-24T18:01:24.000+05:30,30020.797135488017,1790250400645,Default Profile,false
2026-09-24T12:31:28.000Z,12.842101058922708,75.07858442142606,-38.0,2.0,95.9,22.21,32,gps,0.4,0.6,0.8,-87.0,,,,60,,1790253088000,2026-09-24T18:01:28.000+05:30,30109.812975875397,1790250400645,Default Profile,false
2026-09-24T12:31:32.000Z,12.842009235173464,75.07940165698528,-41.0,2.5,98.9,22.15,28,gps,0.4,,,-87.0,,,,60,,1790253092000,2026-09-24T18:01:32.000+05:30,30198.99877072982,1790250400645,Default Profile,false
2026-09-24T12:31:36.000Z,12.841836190782487,75.08021168410778,-41.0,3.0,105.8,21.689999,30,gps,0.4,0.6,0.8,-87.0,,,,60,,1790253096000,2026-09-24T18:01:36.000+05:30,30288.900026789448,1790250400645,Default Profile,false
2026-09-24T12:31:39.000Z,12.841657740063965,75.08082800544798,-40.0,3.0,108.1,22.189999,31,gps,0.4,0.6,0.8,-87.0,,,,60,,1790253099000,2026-09-24T18:01:39.000+05:30,30358.601804317896,1790250400645,Default Profile,false
2026-09-24T12:31:43.000Z,12.841453263536096,75.08159729652107,-38.0,2.5,103.9,20.93,29,gps,0.4,0.8,0.8,-87.0,,,,60,,1790253103000,2026-09-24T18:01:43.000+05:30,30445.04722309958,1790250400645,Default Profile,false
2026-09-24T12:31:47.000Z,12.841339646838605,75.08236004970968,-34.0,2.5,96.8,21.41,30,gps,0.4,0.8,0.8,-87.0,,,,60,,1790253107000,2026-09-24T18:01:47.000+05:30,30528.699716570864,1790250400645,Default Profile,false
2026-09-24T12:31:50.000Z,12.841289355419576,75.08294594474137,-31.0,2.5,93.7,21.14,28,gps,0.4,0.8,0.8,-87.0,,,,60,,1790253110000,2026-09-24T18:01:50.000+05:30,30592.464551811452,1790250400645,Default Profile,false
2026-09-24T12:31:54.000Z,12.841289942152798,75.08371691219509,-26.0,2.5,88.1,20.82,31,gps,0.4,0.8,0.8,-87.0,,,,60,,1790253114000,2026-09-24T18:01:54.000+05:30,30676.04815008598,1790250400645,Default Profile,false
2026-09-24T12:31:58.000Z,12.841315548866987,75.08449056185782,-23.0,2.0,88.8,20.699999,30,gps,0.4,0.8,1.0,-87.0,,,,60,,1790253118000,2026-09-24T18:01:58.000+05:30,30759.970823481424,1790250400645,Default Profile,false
2026-09-24T12:32:02.000Z,12.841329546645284,75.08523663505912,-23.0,2.0,91.7,20.64,31,gps,0.4,0.8,0.8,-87.0,,,,60,,1790253122000,2026-09-24T18:02:02.000+05:30,30840.870477696808,1790250400645,Default Profile,false
2026-09-24T12:32:05.000Z,12.841301467269659,75.08580048568547,-23.0,2.0,94.2,20.619999,30,gps,0.4,0.8,0.8,-87.0,,,,60,,1790253125000,2026-09-24T18:02:05.000+05:30,30902.07939157635,1790250400645,Default Profile,false
2026-09-24T12:32:09.000Z,12.841239357367158,75.0865532644093,-22.0,2.5,95.4,20.57,30,gps,0.4,0.8,1.0,-87.0,,,,60,,1790253129000,2026-09-24T18:02:09.000+05:30,30983.982758194423,1790250400645,Default Profile,false
2026-09-24T12:32:13.000Z,12.841181019321084,75.08731962181628,-22.0,2.5,95.2,21.039999,31,gps,0.4,0.8,1.0,-87.0,,,,60,,1790253133000,2026-09-24T18:02:13.000+05:30,31067.319416556962,1790250400645,Default Profile,false
2026-09-24T12:32:17.000Z,12.84108948893845,75.0881027430296,-24.0,2.5,97.5,22.039999,28,gps,0.4,0.8,1.0,-87.0,,,,60,,1790253137000,2026-09-24T18:02:17.000+05:30,31152.82853898532,1790250400645,Default Profile,false
2026-09-24T12:32:21.000Z,12.840977716259658,75.08892551064491,-24.0,2.5,95.3,22.39,30,gps,0.4,0.8,1.0,-87.0,,,,60,,1790253141000,2026-09-24T18:02:21.000+05:30,31242.889759124835,1790250400645,Default Profile,false
2026-09-24T12:32:25.000Z,12.840955462306738,75.08972313255072,-22.0,3.0,86.4,21.039999,26,gps,0.4,1.0,1.0,-87.0,,,,60,,1790253145000,2026-09-24T18:02:25.000+05:30,31329.398553981217,1790250400645,Default Profile,false
2026-09-24T12:32:29.000Z,12.84105478785932,75.09049971587956,-19.0,3.0,81.2,21.22,26,gps,0.4,1.0,1.2,-87.0,,,,60,,1790253149000,2026-09-24T18:02:29.000+05:30,31414.312387649374,1790250400645,Default Profile,false
2026-09-24T12:32:33.000Z,12.841176283545792,75.09126883931458,-15.0,3.0,80.0,20.89,28,gps,0.4,1.0,1.0,-87.0,,,,60,,1790253153000,2026-09-24T18:02:33.000+05:30,31498.78342264312,1790250400645,Default Profile,false
2026-09-24T12:32:37.000Z,12.841304400935769,75.09202413260937,-11.0,3.0,82.1,20.58,27,gps,0.4,1.2,1.2,-87.0,,,,60,,1790253157000,2026-09-24T18:02:37.000+05:30,31581.89771732758,1790250400645,Default Profile,false
2026-09-24T12:32:41.000Z,12.841389351524413,75.09277707897127,-13.0,3.5,86.1,20.64,27,gps,0.4,1.0,1.2,-87.0,,,,60,,1790253161000,2026-09-24T18:02:41.000+05:30,31664.07226002825,1790250400645,Default Profile,false
2026-09-24T12:32:45.000Z,12.841435326263309,75.09353564120829,-15.0,3.5,87.8,20.58,27,gps,0.4,1.0,1.2,-87.0,,,,60,,1790253165000,2026-09-24T18:02:45.000+05:30,31746.469634033303,1790250400645,Default Profile,false
2026-09-24T12:32:49.000Z,12.84141973592341,75.09430979378521,-15.0,3.5,91.3,21.49,29,gps,0.4,0.8,1.0,-87.0,,,,60,,1790253169000,2026-09-24T18:02:49.000+05:30,31830.41637404041,1790250400645,Default Profile,false
2026-09-24T12:32:53.000Z,12.841376820579171,75.09510741569102,-16.0,3.0,93.3,21.609999,29,gps,0.4,0.8,0.8,-87.0,,,,60,,1790253173000,2026-09-24T18:02:53.000+05:30,31917.021190904037,1790250400645,Default Profile,false
2026-09-24T12:32:56.000Z,12.841323637403548,75.0956750381738,-17.0,3.0,94.8,19.529999,31,gps,0.4,0.8,0.8,-87.0,,,,60,,1790253176000,2026-09-24T18:02:56.000+05:30,31978.842826332642,1790250400645,Default Profile,false
2026-09-24T12:32:59.000Z,12.841276531107724,75.09617988020182,-17.0,3.0,94.0,17.18,31,gps,0.4,0.8,0.8,-87.0,,,,60,,1790253179000,2026-09-24T18:02:59.000+05:30,32033.824779778453,1790250400645,Default Profile,false
2026-09-24T12:33:03.000Z,12.84120503347367,75.09674264118075,-15.0,3.5,96.1,13.809999,30,gps,0.4,0.8,0.8,-87.0,,,,60,,1790253183000,2026-09-24T18:03:03.000+05:30,32095.351693998455,1790250400645,Default Profile,false
2026-09-24T12:33:07.000Z,12.841175571084023,75.09716550819576,-14.0,3.5,89.2,8.83,29,gps,0.4,0.8,0.8,-87.0,,,,60,,1790253187000,2026-09-24T18:03:07.000+05:30,32141.31327097914,1790250400645,Default Profile,false
2026-09-24T12:33:11.000Z,12.841165596619248,75.09730774909258,-13.0,3.5,102.5,0.06,28,gps,0.4,0.8,0.8,-87.0,,,,60,,1790253191000,2026-09-24T18:03:11.000+05:30,32156.77399931775,1790250400645,Default Profile,false
2026-09-24T12:33:15.000Z,12.84117033239454,75.09731101803482,-13.0,3.5,102.5,0.32999998,29,gps,0.4,0.8,0.8,-87.0,,,,60,,1790253195000,2026-09-24T18:03:15.000+05:30,32157.40874336426,1790250400645,Default Profile,false
2026-09-24T12:33:18.000Z,12.841171924956143,75.09737505577505,-12.0,3.5,99.7,3.72,31,gps,0.4,0.8,0.8,-87.0,,,,60,,1790253198000,2026-09-24T18:03:18.000+05:30,32164.353584593446,1790250400645,Default Profile,false
2026-09-24T12:33:22.000Z,12.841139025986195,75.09752048179507,-12.0,3.0,100.3,5.39,29,gps,0.4,0.8,1.0,-87.0,,,,60,,1790253202000,2026-09-24T18:03:22.000+05:30,32180.538630604628,1790250400645,Default Profile,false
2026-09-24T12:33:25.000Z,12.841110778972507,75.09767630137503,-10.0,2.5,97.7,5.22,31,gps,0.4,0.6,0.8,-87.0,,,,60,,1790253205000,2026-09-24T18:03:25.000+05:30,32197.72116261593,1790250400645,Default Profile,false
2026-09-24T12:33:29.000Z,12.84107431769371,75.09793949313462,-9.0,2.5,96.7,8.25,32,gps,0.4,0.6,0.8,-87.0,,,,60,,1790253209000,2026-09-24T18:03:29.000+05:30,32226.541421095404,1790250400645,Default Profile,false
2026-09-24T12:33:33.000Z,12.841046783141792,75.09828549809754,-9.0,2.5,95.9,9.5,30,gps,0.4,0.8,0.8,-87.0,,,,60,,1790253213000,2026-09-24T18:03:33.000+05:30,32264.177936051343,1790250400645,Default Profile,false
2026-09-24T12:33:37.000Z,12.841009399853647,75.09866737760603,-8.0,2.0,96.0,11.4,29,gps,0.4,0.6,0.8,-87.0,,,,60,,1790253217000,2026-09-24T18:03:37.000+05:30,32305.787176116282,1790250400645,Default Profile,false
2026-09-24T12:33:41.000Z,12.840963173657656,75.09911580942571,-8.0,2.5,95.0,13.38,29,gps,0.4,0.8,0.8,-87.0,,,,60,,1790253221000,2026-09-24T18:03:41.000+05:30,32354.67444102515,1790250400645,Default Profile,false
2026-09-24T12:33:45.000Z,12.840918665751815,75.09966029785573,-9.0,2.5,95.4,15.759999,30,gps,0.4,0.6,0.8,-87.0,,,,60,,1790253225000,2026-09-24T18:03:45.000+05:30,32413.91172555482,1790250400645,Default Profile,false
2026-09-24T12:33:48.000Z,12.840880611911416,75.10011124424636,-10.0,2.5,95.3,16.5,29,gps,0.4,0.6,0.8,-87.0,,,,60,,1790253228000,2026-09-24T18:03:48.000+05:30,32462.983423589132,1790250400645,Default Profile,false
2026-09-24T12:33:52.000Z,12.840821351855993,75.10075782425702,-11.0,2.5,95.8,17.88,32,gps,0.4,0.6,0.8,-87.0,,,,60,,1790253232000,2026-09-24T18:03:52.000+05:30,32533.390822912563,1790250400645,Default Profile,false
2026-09-24T12:33:56.000Z,12.840757356025279,75.10141706094146,-11.0,2.0,96.9,17.9,28,gps,0.4,0.8,0.8,-87.0,,,,60,,1790253236000,2026-09-24T18:03:56.000+05:30,32605.214753326614,1790250400645,Default Profile,false
2026-09-24T12:34:00.000Z,12.840698724612594,75.10208182968199,-11.0,2.5,94.2,18.63,30,gps,0.4,0.8,0.8,-87.0,,,,60,,1790253240000,2026-09-24T18:04:00.000+05:30,32677.579351100714,1790250400645,Default Profile,false
2026-09-24T12:34:04.000Z,12.840635860338807,75.10277132503688,-10.0,2.0,95.5,18.859999,30,gps,0.4,0.8,0.8,-87.0,,,,60,,1790253244000,2026-09-24T18:04:04.000+05:30,32752.656527682782,1790250400645,Default Profile,false
2026-09-24T12:34:08.000Z,12.840574295260012,75.1034701243043,-8.0,2.5,93.9,19.46,27,gps,0.4,0.8,1.0,-87.0,,,,58,,1790253248000,2026-09-24T18:04:08.000+05:30,32828.72493812879,1790250400645,Default Profile,false
2026-09-24T12:34:12.000Z,12.84055174794048,75.10422860272229,-8.0,2.0,89.6,21.279999,29,gps,0.4,0.8,0.8,-87.0,,,,58,,1790253252000,2026-09-24T18:04:12.000+05:30,32910.992975812915,1790250400645,Default Profile,false
2026-09-24T12:34:16.000Z,12.84054831136018,75.10502421297133,-10.0,2.0,91.0,21.52,28,gps,0.4,0.8,1.0,-87.0,,,,58,,1790253256000,2026-09-24T18:04:16.000+05:30,32997.24926993598,1790250400645,Default Profile,false
2026-09-24T12:34:20.000Z,12.840493451803923,75.10582971386611,-13.0,2.5,98.6,22.199999,31,gps,0.4,0.8,0.8,-87.0,,,,58,,1790253260000,2026-09-24T18:04:20.000+05:30,33084.789810171125,1790250400645,Default Profile,false
2026-09-24T12:34:23.000Z,12.840350288897753,75.10643036104739,-15.0,2.5,107.7,21.89,30,gps,0.4,0.8,0.8,-87.0,,,,58,,1790253263000,2026-09-24T18:04:23.000+05:30,33151.82607939315,1790250400645,Default Profile,false
2026-09-24T12:34:27.000Z,12.84004963003099,75.10718305595219,-16.0,3.0,114.6,22.109999,32,gps,0.4,0.8,0.8,-87.0,,,,58,,1790253267000,2026-09-24T18:04:27.000+05:30,33240.01178824965,1790250400645,Default Profile,false
2026-09-24T12:34:31.000Z,12.839713767170906,75.10792904533446,-19.0,3.0,115.1,22.15,29,gps,0.4,0.8,1.0,-87.0,,,,58,,1790253271000,2026-09-24T18:04:31.000+05:30,33329.094213904784,1790250400645,Default Profile,false
2026-09-24T12:34:35.000Z,12.839420232921839,75.10868391953409,-23.0,3.0,106.6,21.98,30,gps,0.4,0.8,0.8,-87.0,,,,58,,1790253275000,2026-09-24T18:04:35.000+05:30,33417.20224910003,1790250400645,Default Profile,false
2026-09-24T12:34:39.000Z,12.839274681173265,75.1094704773277,-25.0,2.5,99.3,21.439999,31,gps,0.4,0.8,0.8,-87.0,,,,58,,1790253279000,2026-09-24T18:04:39.000+05:30,33503.99897754189,1790250400645,Default Profile,false
2026-09-24T12:34:42.000Z,12.839191197417676,75.11005712673068,-24.0,2.5,98.5,20.89,28,gps,0.4,0.8,1.0,-87.0,,,,58,,1790253282000,2026-09-24T18:04:42.000+05:30,33568.27431511186,1790250400645,Default Profile,false
2026-09-24T12:34:46.000Z,12.839074772782624,75.11082826182246,-23.0,2.5,97.9,21.06,32,gps,0.4,0.6,0.8,-87.0,,,,58,,1790253286000,2026-09-24T18:04:46.000+05:30,33652.873171675674,1790250400645,Default Profile,false
2026-09-24T12:34:50.000Z,12.838967735879123,75.11159411631525,-21.0,2.5,98.0,20.9,32,gps,0.4,0.6,0.8,-87.0,,,,58,,1790253290000,2026-09-24T18:04:50.000+05:30,33736.75188522581,1790250400645,Default Profile,false
2026-09-24T12:34:54.000Z,12.83885302953422,75.11233608238399,-20.0,2.5,100.7,20.5,27,gps,0.4,0.8,0.8,-87.0,,,,58,,1790253294000,2026-09-24T18:04:54.000+05:30,33818.197000469074,1790250400645,Default Profile,false
2026-09-24T12:34:58.000Z,12.83866485580802,75.11306187137961,-21.0,3.0,108.9,20.21,25,gps,0.4,0.8,1.0,-87.0,,,,58,,1790253298000,2026-09-24T18:04:58.000+05:30,33899.61788666081,1790250400645,Default Profile,false
2026-09-24T12:35:02.000Z,12.838346092030406,75.11372555047274,-20.0,3.0,118.6,19.81,26,gps,0.4,0.8,1.0,-87.0,,,,58,,1790253302000,2026-09-24T18:05:02.000+05:30,33979.827303989696,1790250400645,Default Profile,false
2026-09-24T12:35:05.000Z,12.838088432326913,75.11417984962463,-19.0,3.5,120.9,18.15,26,gps,0.4,0.8,1.0,-87.0,,,,58,,1790253305000,2026-09-24T18:05:05.000+05:30,34036.80712545359,1790250400645,Default Profile,false
2026-09-24T12:35:09.000Z,12.837793556973338,75.11465476825833,-18.0,3.5,121.2,13.82,28,gps,0.4,0.8,1.0,-87.0,,,,58,,1790253309000,2026-09-24T18:05:09.000+05:30,34097.84937628614,1790250400645,Default Profile,false
2026-09-24T12:35:13.000Z,12.837513852864504,75.11503622867167,-18.0,4.0,127.3,12.96,28,gps,0.4,0.8,1.0,-87.0,,,,58,,1790253313000,2026-09-24T18:05:13.000+05:30,34149.595388413,1790250400645,Default Profile,false
2026-09-24T12:35:17.000Z,12.837271154858172,75.11543160304427,-17.0,4.0,117.7,12.849999,26,gps,0.4,1.0,1.0,-87.0,,,,58,,1790253317000,2026-09-24T18:05:17.000+05:30,34200.24785242082,1790250400645,Default Profile,false
2026-09-24T12:35:20.000Z,12.837136080488563,75.11569546535611,-17.0,4.0,116.4,10.07,28,gps,0.4,0.8,1.0,-87.0,,,,58,,1790253320000,2026-09-24T18:05:20.000+05:30,34232.55786692818,1790250400645,Default Profile,false
2026-09-24T12:35:24.000Z,12.837014878168702,75.11597181670368,-17.0,3.5,108.0,6.79,29,gps,0.4,0.8,1.0,-87.0,,,,58,,1790253324000,2026-09-24T18:05:24.000+05:30,34265.41030584397,1790250400645,Default Profile,false
2026-09-24T12:35:28.000Z,12.8369554085657,75.11626543477178,-17.0,3.5,103.3,9.73,29,gps,0.4,0.8,0.8,-87.0,,,,58,,1790253328000,2026-09-24T18:05:28.000+05:30,34297.92270971527,1790250400645,Default Profile,false
2026-09-24T12:35:31.000Z,12.836875235661864,75.11655360460281,-16.0,3.5,103.1,11.55,30,gps,0.4,0.8,0.8,-87.0,,,,58,,1790253331000,2026-09-24T18:05:31.000+05:30,34330.41187935871,1790250400645,Default Profile,false
2026-09-24T12:35:35.000Z,12.836802355013788,75.11705827899277,-17.0,3.5,91.6,14.639999,25,gps,0.4,0.8,1.0,-87.0,,,,58,,1790253335000,2026-09-24T18:05:35.000+05:30,34385.72345187508,1790250400645,Default Profile,false
2026-09-24T12:35:38.000Z,12.836782992817461,75.11749279685318,-18.0,3.5,93.3,15.46,27,gps,0.4,0.8,1.0,-87.0,,,,58,,1790253338000,2026-09-24T18:05:38.000+05:30,34432.88123411483,1790250400645,Default Profile,false
2026-09-24T12:35:42.000Z,12.836755919270217,75.11806905269623,-16.0,3.5,90.2,15.549999,27,gps,0.4,0.8,1.0,-87.0,,,,58,,1790253342000,2026-09-24T18:05:42.000+05:30,34495.4289778108,1790250400645,Default Profile,false
2026-09-24T12:35:46.000Z,12.836710824631155,75.11864480562508,-15.0,3.5,97.7,15.61,29,gps,0.4,0.8,1.0,-87.0,,,,58,,1790253346000,2026-09-24T18:05:46.000+05:30,34558.0507946817,1790250400645,Default Profile,false
2026-09-24T12:35:50.000Z,12.836603159084916,75.11923313140869,-15.0,4.0,103.0,16.32,28,gps,0.4,0.8,1.0,-87.0,,,,58,,1790253350000,2026-09-24T18:05:50.000+05:30,34622.94845099541,1790250400645,Default Profile,false
2026-09-24T12:35:54.000Z,12.836430785246193,75.1198246423155,-17.0,3.5,107.6,16.09,23,gps,0.4,0.8,1.0,-87.0,,,,58,,1790253354000,2026-09-24T18:05:54.000+05:30,34689.880753571946,1790250400645,Default Profile,false
2026-09-24T12:35:57.000Z,12.836298854090273,75.120217083022,-18.0,4.0,109.0,13.0,23,gps,0.4,1.0,1.0,-87.0,,,,58,,1790253357000,2026-09-24T18:05:57.000+05:30,34734.8857067345,1790250400645,Default Profile,false
2026-09-24T12:36:01.000Z,12.836209000088274,75.1205815281719,-19.0,4.0,102.2,7.46,26,gps,0.4,0.8,1.0,-87.0,,,,58,,1790253361000,2026-09-24T18:06:01.000+05:30,34775.64108697953,1790250400645,Default Profile,false
2026-09-24T12:36:05.000Z,12.83622614108026,75.12077095918357,-18.0,4.5,66.5,3.83,29,gps,0.4,0.8,1.0,-87.0,,,,58,,1790253365000,2026-09-24T18:06:05.000+05:30,34796.26670636155,1790250400645,Default Profile,false
2026-09-24T12:36:09.000Z,12.836237917654216,75.12085729278624,-16.0,4.5,95.2,3.08,28,gps,0.4,0.8,1.0,-87.0,,,,58,,1790253369000,2026-09-24T18:06:09.000+05:30,34805.717813457595,1790250400645,Default Profile,false
2026-09-24T12:36:13.000Z,12.836199067533016,75.12094488367438,-15.0,4.5,127.2,3.75,29,gps,0.4,0.8,1.0,-87.0,,,,58,,1790253373000,2026-09-24T18:06:13.000+05:30,34816.15049269394,1790250400645,Default Profile,false
2026-09-24T12:36:17.000Z,12.836090815253556,75.12096139602363,-14.0,4.5,186.5,2.9399998,22,gps,0.4,1.0,1.0,-87.0,,,,58,,1790253377000,2026-09-24T18:06:17.000+05:30,34828.319991918506,1790250400645,Default Profile,false
2026-09-24T12:36:20.000Z,12.836003936827183,75.12096407823265,-14.0,6.0,187.3,2.36,18,gps,0.6,1.0,1.2,-87.0,,,,58,,1790253380000,2026-09-24T18:06:20.000+05:30,34837.98480786929,1790250400645,Default Profile,false
2026-09-24T12:36:23.000Z,12.835915591567755,75.12097279541194,-13.0,5.5,169.0,2.73,24,gps,0.4,1.0,1.0,-87.0,,,,58,,1790253383000,2026-09-24T18:06:23.000+05:30,34847.85370911004,1790250400645,Default Profile,false
2026-09-24T12:36:27.000Z,12.835735632106662,75.12107254005969,-13.0,4.5,131.8,0.78,25,gps,0.4,0.8,1.0,-87.0,,,,58,,1790253387000,2026-09-24T18:06:27.000+05:30,34870.59935830979,1790250400645,Default Profile,false
2026-09-24T12:36:31.000Z,12.83571673091501,75.12108276598155,-14.0,4.0,124.8,0.099999994,27,gps,0.4,0.8,1.0,-87.0,,,,58,,1790253391000,2026-09-24T18:06:31.000+05:30,34872.975559428174,1790250400645,Default Profile,false
2026-09-24T12:36:35.000Z,12.835712749511003,75.12108293361962,-13.0,4.0,124.8,0.01,27,gps,0.4,0.8,0.8,-87.0,,,,58,,1790253395000,2026-09-24T18:06:35.000+05:30,34873.41864426134,1790250400645,Default Profile,false
2026-09-24T12:36:39.000Z,12.83569963183254,75.12107505463064,-13.0,4.0,124.8,0.19,30,gps,0.4,0.8,0.8,-87.0,,,,58,,1790253399000,2026-09-24T18:06:39.000+05:30,34875.108983347345,1790250400645,Default Profile,false
2026-09-24T12:36:43.000Z,12.835657722316682,75.12109089642763,-13.0,4.0,150.5,2.8999999,29,gps,0.4,0.8,0.8,-87.0,,,,58,,1790253403000,2026-09-24T18:06:43.000+05:30,34880.07553217397,1790250400645,Default Profile,false
2026-09-24T12:36:47.000Z,12.835549763403833,75.12114831246436,-13.0,3.5,155.7,3.01,31,gps,0.4,0.6,0.8,-87.0,,,,58,,1790253407000,2026-09-24T18:06:47.000+05:30,34893.5979656024,1790250400645,Default Profile,false
2026-09-24T12:36:51.000Z,12.835363894701004,75.12120363302529,-13.0,3.0,154.7,4.68,32,gps,0.4,0.6,0.8,-87.0,,,,58,,1790253411000,2026-09-24T18:06:51.000+05:30,34915.11827953083,1790250400645,Default Profile,false
2026-09-24T12:36:55.000Z,12.835168805904686,75.12132450006902,-10.0,2.5,149.9,6.18,31,gps,0.4,0.8,0.8,-87.0,,,,58,,1790253415000,2026-09-24T18:06:55.000+05:30,34940.46182903117,1790250400645,Default Profile,false
2026-09-24T12:36:59.000Z,12.83494861330837,75.12147721834481,-7.0,2.5,141.5,7.2599998,30,gps,0.4,0.8,0.8,-87.0,,,,58,,1790253419000,2026-09-24T18:06:59.000+05:30,34970.01891793942,1790250400645,Default Profile,false
2026-09-24T12:37:03.000Z,12.834723684936762,75.12167159467936,-5.0,2.5,129.8,8.99,30,gps,0.4,0.8,0.8,-87.0,,,,58,,1790253423000,2026-09-24T18:07:03.000+05:30,35002.72431253974,1790250400645,Default Profile,false
2026-09-24T12:37:07.000Z,12.834539073519409,75.12194308452308,-3.0,2.5,122.1,9.08,32,gps,0.4,0.8,0.8,-87.0,,,,58,,1790253427000,2026-09-24T18:07:07.000+05:30,35038.60962789049,1790250400645,Default Profile,false
2026-09-24T12:37:11.000Z,12.834349810145795,75.12223972007632,-3.0,2.5,121.0,10.28,28,gps,0.4,0.8,1.0,-87.0,,,,58,,1790253431000,2026-09-24T18:07:11.000+05:30,35077.04374573542,1790250400645,Default Profile,false
2026-09-24T12:37:14.000Z,12.834180789068341,75.12248363345861,-2.0,3.5,124.5,11.21,29,gps,0.4,0.8,1.0,-87.0,,,,58,,1790253434000,2026-09-24T18:07:14.000+05:30,35109.48643437717,1790250400645,Default Profile,false
2026-09-24T12:37:18.000Z,12.833922877907753,75.12288780882955,-6.0,7.0,125.0,13.44,27,gps,0.4,1.0,1.0,-87.0,,,,58,,1790253438000,2026-09-24T18:07:18.000+05:30,35161.85625685388,1790250400645,Default Profile,false
2026-09-24T12:37:22.000Z,12.833488276228309,75.1232492364943,-18.0,7.0,144.6,14.63,29,gps,0.4,1.0,1.0,-87.0,,,,58,,1790253442000,2026-09-24T18:07:22.000+05:30,35224.072131136345,1790250400645,Default Profile,false
2026-09-24T12:37:25.000Z,12.833149395883083,75.12349222786725,-22.0,7.0,147.3,15.599999,26,gps,0.4,1.0,1.0,-87.0,,,,58,,1790253445000,2026-09-24T18:07:25.000+05:30,35270.0498150223,1790250400645,Default Profile,false
2026-09-24T12:37:29.000Z,12.832773174159229,75.12395088560879,-17.0,5.5,126.3,14.92,26,gps,0.4,1.2,1.2,-87.0,,,,58,,1790253449000,2026-09-24T18:07:29.000+05:30,35335.0329293522,1790250400645,Default Profile,false
2026-09-24T12:37:32.000Z,12.832633825019002,75.1243285741657,-16.0,5.0,112.9,13.96,30,gps,0.4,0.8,0.8,-87.0,,,,58,,1790253452000,2026-09-24T18:07:32.000+05:30,35378.814634752765,1790250400645,Default Profile,false
2026-09-24T12:37:36.000Z,12.832217956893146,75.12472042813897,-19.0,5.0,148.6,15.559999,26,gps,0.4,1.0,1.2,-87.0,,,,58,,1790253456000,2026-09-24T18:07:36.000+05:30,35441.60989178732,1790250400645,Default Profile,false
2026-09-24T12:37:39.000Z,12.831847644411027,75.1249623298645,-19.0,4.5,147.8,14.96,25,gps,0.4,1.0,1.2,-87.0,,,,58,,1790253459000,2026-09-24T18:07:39.000+05:30,35490.42958348304,1790250400645,Default Profile,false
2026-09-24T12:37:43.000Z,12.831396823748946,75.12530766427517,-15.0,5.0,139.9,14.63,28,gps,0.4,1.0,1.0,-87.0,,,,58,,1790253463000,2026-09-24T18:07:43.000+05:30,35552.99717433001,1790250400645,Default Profile,false
2026-09-24T12:37:47.000Z,12.830917714163661,75.12566758319736,-14.0,5.5,139.3,14.48,27,gps,0.4,1.0,1.2,-87.0,,,,58,,1790253467000,2026-09-24T18:07:47.000+05:30,35619.03411456773,1790250400645,Default Profile,false
2026-09-24T12:37:50.000Z,12.83055854961276,75.12592985294759,-11.0,4.0,153.1,14.799999,29,gps,0.4,1.0,1.0,-87.0,,,,58,,1790253470000,2026-09-24T18:07:50.000+05:30,35668.05990454152,1790250400645,Default Profile,false
2026-09-24T12:37:54.000Z,12.830096706748009,75.12610821984708,-11.0,4.0,162.3,11.29,26,gps,0.4,1.0,1.2,-87.0,,,,58,,1790253474000,2026-09-24T18:07:54.000+05:30,35722.93487812879,1790250400645,Default Profile,false
2026-09-24T12:37:57.000Z,12.829812979325652,75.12619430199265,-10.0,3.0,161.7,10.309999,28,gps,0.4,1.0,1.0,-87.0,,,,58,,1790253477000,2026-09-24T18:07:57.000+05:30,35755.835424435594,1790250400645,Default Profile,false
2026-09-24T12:38:01.000Z,12.829451132565737,75.12631961144507,-9.0,2.5,160.0,10.21,28,gps,0.4,0.8,1.0,-87.0,,,,58,,1790253481000,2026-09-24T18:08:01.000+05:30,35798.30275819741,1790250400645,Default Profile,false
2026-09-24T12:38:05.000Z,12.82908161636442,75.12646495364606,-9.0,3.0,159.1,11.57,27,gps,0.4,0.8,1.0,-87.0,,,,58,,1790253485000,2026-09-24T18:08:05.000+05:30,35842.309131894326,1790250400645,Default Profile,false
2026-09-24T12:38:09.000Z,12.828667843714356,75.12662672437727,-9.0,3.0,156.4,10.91,28,gps,0.4,0.8,1.0,-87.0,,,,58,,1790253489000,2026-09-24T18:08:09.000+05:30,35891.548194146206,1790250400645,Default Profile,false
2026-09-24T12:38:13.000Z,12.82837975770235,75.12679226696491,-9.0,2.5,155.0,8.71,29,gps,0.4,0.8,0.8,-87.0,,,,58,,1790253493000,2026-09-24T18:08:13.000+05:30,35928.26725917954,1790250400645,Default Profile,false
2026-09-24T12:38:17.000Z,12.828056425787508,75.12692017480731,-9.0,3.0,164.9,10.34,30,gps,0.4,0.8,0.8,-87.0,,,,58,,1790253497000,2026-09-24T18:08:17.000+05:30,35966.801945289226,1790250400645,Default Profile,false
2026-09-24T12:38:21.000Z,12.82762702088803,75.12699770741165,-8.0,3.0,174.3,11.759999,30,gps,0.4,0.8,1.0,-87.0,,,,58,,1790253501000,2026-09-24T18:08:21.000+05:30,36015.283896267465,1790250400645,Default Profile,false
2026-09-24T12:38:25.000Z,12.82722879666835,75.12701195664704,-6.0,3.0,180.1,10.32,31,gps,0.4,0.8,0.8,-87.0,,,,58,,1790253505000,2026-09-24T18:08:25.000+05:30,36059.59135092714,1790250400645,Default Profile,false
2026-09-24T12:38:29.000Z,12.826845031231642,75.12697683647275,-7.0,2.5,188.7,10.61,31,gps,0.4,0.8,0.8,-87.0,,,,58,,1790253509000,2026-09-24T18:08:29.000+05:30,36102.43366730637,1790250400645,Default Profile,false
2026-09-24T12:38:33.000Z,12.826471030712128,75.12692268937826,-7.0,2.5,189.4,10.11,28,gps,0.4,0.8,1.0,-87.0,,,,58,,1790253513000,2026-09-24T18:08:33.000+05:30,36144.43294898645,1790250400645,Default Profile,false
2026-09-24T12:38:37.000Z,12.82613085117191,75.12685957364738,-5.0,2.5,192.1,9.78,30,gps,0.4,0.8,0.8,-87.0,,,,58,,1790253517000,2026-09-24T18:08:37.000+05:30,36182.873180583854,1790250400645,Default Profile,false
2026-09-24T12:38:40.000Z,12.82586577348411,75.12678572908044,-3.0,2.5,201.0,9.849999,28,gps,0.4,0.8,1.0,-87.0,,,,58,,1790253520000,2026-09-24T18:08:40.000+05:30,36213.41648103973,1790250400645,Default Profile,false
2026-09-24T12:38:44.000Z,12.825546045787632,75.12661783955991,-1.0,2.5,209.7,9.76,30,gps,0.4,0.8,0.8,-87.0,,,,58,,1790253524000,2026-09-24T18:08:44.000+05:30,36253.357553772534,1790250400645,Default Profile,false
2026-09-24T12:38:47.000Z,12.825316255912185,75.12645833194256,-2.0,2.5,214.9,9.889999,30,gps,0.4,0.8,1.0,-87.0,,,,58,,1790253527000,2026-09-24T18:08:47.000+05:30,36284.21136311578,1790250400645,Default Profile,false
2026-09-24T12:38:50.000Z,12.825093842111528,75.12626663781703,-3.0,2.5,220.4,10.33,30,gps,0.4,0.8,1.0,-87.0,,,,58,,1790253530000,2026-09-24T18:08:50.000+05:30,36316.516098358465,1790250400645,Default Profile,false
2026-09-24T12:38:54.000Z,12.824846575967968,75.12600579299033,-4.0,2.5,228.4,9.12,31,gps,0.4,0.8,1.0,-87.0,,,,58,,1790253534000,2026-09-24T18:08:54.000+05:30,36355.95944614733,1790250400645,Default Profile,false
2026-09-24T12:38:57.000Z,12.82468082383275,75.12582105584443,-5.0,3.0,226.2,8.79,29,gps,0.4,0.8,0.8,-87.0,,,,58,,1790253537000,2026-09-24T18:08:57.000+05:30,36383.17838426304,1790250400645,Default Profile,false
2026-09-24T12:39:00.000Z,12.824478023685515,75.12564361095428,-4.0,3.5,210.1,9.15,31,gps,0.4,0.8,0.8,-87.0,,,,58,,1790253540000,2026-09-24T18:09:00.000+05:30,36412.82038709702,1790250400645,Default Profile,false
2026-09-24T12:39:04.000Z,12.824148614890873,75.12558460235596,-3.0,3.0,169.7,8.17,32,gps,0.4,0.8,0.8,-87.0,,,,58,,1790253544000,2026-09-24T18:09:04.000+05:30,36450.00351490495,1790250400645,Default Profile,false
2026-09-24T12:39:08.000Z,12.823847201652825,75.12574913911521,0.0,3.0,135.7,9.8,31,gps,0.4,0.8,0.8,-87.0,,,,58,,1790253548000,2026-09-24T18:09:08.000+05:30,36487.9710986693,1790250400645,Default Profile,false
2026-09-24T12:39:12.000Z,12.82359876204282,75.12597779743373,0.0,3.0,136.7,9.389999,31,gps,0.4,0.8,0.8,-87.0,,,,58,,1790253552000,2026-09-24T18:09:12.000+05:30,36525.089420825345,1790250400645,Default Profile,false
2026-09-24T12:39:15.000Z,12.8234573174268,75.12613395228982,1.0,3.0,132.8,7.64,31,gps,0.4,0.8,0.8,-87.0,,,,58,,1790253555000,2026-09-24T18:09:15.000+05:30,36548.19810064785,1790250400645,Default Profile,false
2026-09-24T12:39:18.000Z,12.823335947468877,75.12625993229449,0.0,3.0,139.7,4.12,29,gps,0.4,0.8,1.0,-87.0,,,,58,,1790253558000,2026-09-24T18:09:18.000+05:30,36567.39970326921,1790250400645,Default Profile,false
2026-09-24T12:39:22.000Z,12.823305521160364,75.12629949487746,1.0,3.5,131.7,2.6599998,31,gps,0.4,0.8,1.0,-87.0,,,,58,,1790253562000,2026-09-24T18:09:22.000+05:30,36572.862823236814,1790250400645,Default Profile,false
2026-09-24T12:39:26.000Z,12.823202842846513,75.12642824091017,0.0,3.5,132.2,5.39,28,gps,0.4,0.8,1.0,-87.0,,,,58,,1790253566000,2026-09-24T18:09:26.000+05:30,36590.89625391771,1790250400645,Default Profile,false
2026-09-24T12:39:29.000Z,12.823074012994766,75.1265702303499,1.0,3.0,131.9,7.85,28,gps,0.4,0.8,1.0,-87.0,,,,58,,1790253569000,2026-09-24T18:09:29.000+05:30,36611.92504423892,1790250400645,Default Profile,false
2026-09-24T12:39:33.000Z,12.822850341908634,75.12681221589446,1.0,2.5,132.6,8.7,30,gps,0.4,,,-87.0,,,,58,,1790253573000,2026-09-24T18:09:33.000+05:30,36648.07646502122,1790250400645,Default Profile,false
2026-09-24T12:39:37.000Z,12.822624491527677,75.12712293304503,-2.0,4.5,127.0,10.51,31,gps,0.4,0.8,0.8,-87.0,,,,58,,1790253577000,2026-09-24T18:09:37.000+05:30,36690.09552231663,1790250400645,Default Profile,false
2026-09-24T12:39:41.000Z,12.82236058730632,75.12750531546772,-4.0,4.0,122.2,12.9,31,gps,0.4,0.8,0.8,-87.0,,,,58,,1790253581000,2026-09-24T18:09:41.000+05:30,36740.888616277734,1790250400645,Default Profile,false
2026-09-24T12:39:45.000Z,12.822139807976782,75.12793681584299,-1.0,3.5,116.6,12.73,28,gps,0.4,0.8,1.0,-87.0,,,,58,,1790253585000,2026-09-24T18:09:45.000+05:30,36793.722683099826,1790250400645,Default Profile,false
2026-09-24T12:39:49.000Z,12.821913412772119,75.12833889573812,0.0,3.0,117.8,12.09,29,gps,0.4,0.8,1.0,-87.0,,,,58,,1790253589000,2026-09-24T18:09:49.000+05:30,36844.063522623066,1790250400645,Default Profile,false
2026-09-24T12:39:51.000Z,12.821811740286648,75.12852556072176,0.0,2.5,119.1,11.19,29,gps,0.4,,,-87.0,,,,58,,1790253591000,2026-09-24T18:09:51.000+05:30,36867.245757196724,1790250400645,Default Profile,false
2026-09-24T12:39:56.000Z,12.821708391420543,75.12873653322458,-1.0,3.5,121.7,0.42,27,gps,0.4,0.8,1.0,-87.0,,,,58,,1790253596000,2026-09-24T18:09:56.000+05:30,36892.84436236966,1790250400645,Default Profile,false
2026-09-24T12:39:59.000Z,12.821683664806187,75.12876377440989,-2.0,3.5,124.5,3.27,25,gps,0.4,1.0,1.0,-87.0,,,,58,,1790253599000,2026-09-24T18:09:59.000+05:30,36896.87959233097,1790250400645,Default Profile,false
2026-09-24T12:40:03.000Z,12.821607640944421,75.12892093509436,-2.0,3.5,115.0,4.79,27,gps,0.4,0.8,1.0,-87.0,,,,58,,1790253603000,2026-09-24T18:10:03.000+05:30,36915.9009887245,1790250400645,Default Profile,false
2026-09-24T12:40:07.000Z,12.821493772789836,75.12916065752506,-2.0,4.0,108.7,8.46,29,gps,0.4,0.8,1.0,-87.0,,,,58,,1790253607000,2026-09-24T18:10:07.000+05:30,36944.81226113707,1790250400645,Default Profile,false
2026-09-24T12:40:10.000Z,12.821376132778823,75.12941990979016,-2.0,4.0,116.8,10.4,27,gps,0.4,1.0,1.0,-87.0,,,,58,,1790253610000,2026-09-24T18:10:10.000+05:30,36975.81571840669,1790250400645,Default Profile,false
2026-09-24T12:40:14.000Z,12.821163777261972,75.12981679290533,-4.0,3.5,119.7,12.09,28,gps,0.4,0.8,1.0,-87.0,,,,58,,1790253614000,2026-09-24T18:10:14.000+05:30,37024.89972128922,1790250400645,Default Profile,false
2026-09-24T12:40:17.000Z,12.820958252996206,75.13016045093536,-3.0,3.5,116.9,14.299999,29,gps,0.4,0.8,1.0,-87.0,,,,58,,1790253617000,2026-09-24T18:10:17.000+05:30,37068.610143253616,1790250400645,Default Profile,false
2026-09-24T12:40:20.000Z,12.82076567877084,75.13052833266556,-3.0,3.0,119.7,14.849999,30,gps,0.4,0.8,0.8,-87.0,,,,57,,1790253620000,2026-09-24T18:10:20.000+05:30,37113.88131752341,1790250400645,Default Profile,false
2026-09-24T12:40:24.000Z,12.8204690432176,75.13103066012263,-3.0,2.5,118.7,16.15,32,gps,0.4,0.8,0.8,-87.0,,,,57,,1790253624000,2026-09-24T18:10:24.000+05:30,37177.55445141583,1790250400645,Default Profile,false
2026-09-24T12:40:28.000Z,12.820164444856346,75.13156031258404,-2.0,2.5,122.7,16.76,30,gps,0.4,0.8,0.8,-87.0,,,,57,,1790253628000,2026-09-24T18:10:28.000+05:30,37244.22499818702,1790250400645,Default Profile,false
2026-09-24T12:40:31.000Z,12.819906156510115,75.13195493258536,-1.0,2.5,123.5,16.789999,30,gps,0.4,0.8,0.8,-87.0,,,,57,,1790253631000,2026-09-24T18:10:31.000+05:30,37295.75646398393,1790250400645,Default Profile,false
2026-09-24T12:40:35.000Z,12.819576412439346,75.13245223090053,-1.0,3.0,124.9,15.299999,30,gps,0.4,0.8,0.8,-87.0,,,,57,,1790253635000,2026-09-24T18:10:35.000+05:30,37360.96081613754,1790250400645,Default Profile,false
2026-09-24T12:40:39.000Z,12.819243986159563,75.13288448564708,-1.0,3.0,128.2,14.08,32,gps,0.4,0.6,0.8,-87.0,,,,57,,1790253639000,2026-09-24T18:10:39.000+05:30,37420.650126220295,1790250400645,Default Profile,false
2026-09-24T12:40:43.000Z,12.818975849077106,75.13325932435691,-2.0,3.0,128.6,11.99,28,gps,0.4,0.8,0.8,-87.0,,,,57,,1790253643000,2026-09-24T18:10:43.000+05:30,37471.05526927489,1790250400645,Default Profile,false
2026-09-24T12:40:46.000Z,12.818792494945228,75.13351899571717,-4.0,3.5,124.1,10.62,26,gps,0.4,,,-87.0,,,,57,,1790253646000,2026-09-24T18:10:46.000+05:30,37505.8165651039,1790250400645,Default Profile,false
2026-09-24T12:40:50.000Z,12.818589275702834,75.1338438782841,-5.0,3.5,121.4,9.88,28,gps,0.4,,,-87.0,,,,57,,1790253650000,2026-09-24T18:10:50.000+05:30,37547.666520216706,1790250400645,Default Profile,false
2026-09-24T12:40:54.000Z,12.818375872448087,75.1341647375375,-4.0,3.5,124.0,10.58,30,gps,0.4,0.8,0.8,-87.0,,,,57,,1790253654000,2026-09-24T18:10:54.000+05:30,37589.77755947587,1790250400645,Default Profile,false
2026-09-24T12:40:58.000Z,12.8181031672284,75.13450571335852,-4.0,3.0,132.1,12.179999,28,gps,0.4,,,-87.0,,,,57,,1790253658000,2026-09-24T18:10:58.000+05:30,37637.592664145894,1790250400645,Default Profile,false
2026-09-24T12:41:02.000Z,12.817752342671156,75.13481425121427,-3.0,3.0,141.1,12.71,26,gps,0.4,0.8,1.0,-87.0,,,,57,,1790253662000,2026-09-24T18:11:02.000+05:30,37688.982051641266,1790250400645,Default Profile,false
2026-09-24T12:41:05.000Z,12.817476661875844,75.13503679074347,-3.0,3.0,142.0,12.679999,26,gps,0.4,,,-87.0,,,,57,,1790253665000,2026-09-24T18:11:05.000+05:30,37727.99330560986,1790250400645,Default Profile,false
2026-09-24T12:41:09.000Z,12.817124077118933,75.1353009045124,-3.0,4.0,142.2,11.42,25,gps,0.4,1.0,1.2,-87.0,,,,57,,1790253669000,2026-09-24T18:11:09.000+05:30,37776.5434985104,1790250400645,Default Profile,false
2026-09-24T12:41:13.000Z,12.816735869273543,75.13556577265263,-3.0,4.5,147.5,13.33,26,gps,0.4,,,-87.0,,,,57,,1790253673000,2026-09-24T18:11:13.000+05:30,37828.39039409667,1790250400645,Default Profile,false
2026-09-24T12:41:17.000Z,12.816359605640173,75.1358535233885,-3.0,4.5,142.3,11.32,29,gps,0.4,0.8,1.0,-87.0,,,,57,,1790253677000,2026-09-24T18:11:17.000+05:30,37880.581022770464,1790250400645,Default Profile,false
2026-09-24T12:41:21.000Z,12.816049307584763,75.13611839152873,-4.0,4.5,148.8,11.509999,28,gps,0.4,0.8,1.0,-87.0,,,,57,,1790253681000,2026-09-24T18:11:21.000+05:30,37925.47237996415,1790250400645,Default Profile,false
2026-09-24T12:41:25.000Z,12.81572983134538,75.13632819056511,-4.0,3.5,140.4,8.82,29,gps,0.4,0.8,1.0,-87.0,,,,57,,1790253685000,2026-09-24T18:11:25.000+05:30,37967.65542866699,1790250400645,Default Profile,false
2026-09-24T12:41:28.000Z,12.815646179951727,75.13643153943121,-1.0,3.5,141.9,2.1,28,gps,0.4,1.0,1.0,-87.0,,,,57,,1790253688000,2026-09-24T18:11:28.000+05:30,37982.21857544526,1790250400645,Default Profile,false
2026-09-24T12:41:32.000Z,12.815666338428855,75.13644478283823,-2.0,3.0,53.1,0.88,29,gps,0.4,0.8,1.0,-87.0,,,,57,,1790253692000,2026-09-24T18:11:32.000+05:30,37984.88057971243,1790250400645,Default Profile,false
2026-09-24T12:41:36.000Z,12.815590985119343,75.13652684167027,-1.0,3.0,133.6,5.92,29,gps,0.4,0.8,1.0,-87.0,,,,57,,1790253696000,2026-09-24T18:11:36.000+05:30,37997.10214470267,1790250400645,Default Profile,false
2026-09-24T12:41:39.000Z,12.815446020103991,75.13667721301317,0.0,3.0,134.2,7.96,27,gps,0.4,1.0,1.0,-87.0,,,,57,,1790253699000,2026-09-24T18:11:39.000+05:30,38020.02931167923,1790250400645,Default Profile,false
2026-09-24T12:41:43.000Z,12.815211578272283,75.13693696819246,0.0,2.5,131.2,9.95,30,gps,0.4,0.8,1.0,-87.0,,,,57,,1790253703000,2026-09-24T18:11:43.000+05:30,38058.40624058019,1790250400645,Default Profile,false
2026-09-24T12:41:46.000Z,12.814987781457603,75.13718130066991,-1.0,3.0,134.1,12.33,29,gps,0.4,0.8,1.0,-87.0,,,,57,,1790253706000,2026-09-24T18:11:46.000+05:30,38094.752927094,1790250400645,Default Profile,false
2026-09-24T12:41:49.000Z,12.814694079570472,75.13743502087891,0.0,3.0,143.7,14.48,30,gps,0.4,0.8,1.0,-87.0,,,,57,,1790253709000,2026-09-24T18:11:49.000+05:30,38137.45349033389,1790250400645,Default Profile,false
2026-09-24T12:41:53.000Z,12.81423730775714,75.1377185806632,2.0,3.0,154.1,15.299999,27,gps,0.4,1.0,1.0,-87.0,,,,57,,1790253713000,2026-09-24T18:11:53.000+05:30,38196.824837264496,1790250400645,Default Profile,false
2026-09-24T12:41:57.000Z,12.813722994178534,75.13797749765217,2.0,2.5,154.4,16.05,30,gps,0.4,0.8,1.0,-87.0,,,,57,,1790253717000,2026-09-24T18:11:57.000+05:30,38260.53272981211,1790250400645,Default Profile,false
2026-09-24T12:42:01.000Z,12.813171590678394,75.13824404217303,3.0,2.0,154.9,16.51,28,gps,0.4,0.8,1.0,-87.0,,,,57,,1790253721000,2026-09-24T18:12:01.000+05:30,38328.31581009931,1790250400645,Default Profile,false
2026-09-24T12:42:04.000Z,12.812783592380583,75.1384250074625,4.0,2.5,156.2,14.099999,31,gps,0.4,0.8,0.8,-87.0,,,,57,,1790253724000,2026-09-24T18:12:04.000+05:30,38375.7115298071,1790250400645,Default Profile,false
2026-09-24T12:42:07.000Z,12.812487124465406,75.13857831247151,6.0,3.0,150.8,11.599999,31,gps,0.4,0.8,0.8,-87.0,,,,57,,1790253727000,2026-09-24T18:12:07.000+05:30,38412.63089513348,1790250400645,Default Profile,false
2026-09-24T12:42:10.000Z,12.812244803644717,75.13875701464713,8.0,3.0,139.8,10.91,29,gps,0.4,,,-87.0,,,,57,,1790253730000,2026-09-24T18:12:10.000+05:30,38445.819070609265,1790250400645,Default Profile,false
2026-09-24T12:42:14.000Z,12.811963339336216,75.13901031576097,5.0,3.5,133.7,11.86,30,gps,0.4,0.8,0.8,-87.0,,,,57,,1790253734000,2026-09-24T18:12:14.000+05:30,38487.45833680588,1790250400645,Default Profile,false
2026-09-24T12:42:17.000Z,12.811748594976962,75.1392939593643,4.0,3.0,128.2,13.2,31,gps,0.4,0.8,0.8,-87.0,,,,57,,1790253737000,2026-09-24T18:12:17.000+05:30,38526.39445450408,1790250400645,Default Profile,false
2026-09-24T12:42:21.000Z,12.811424718238413,75.13976686634123,3.0,3.0,129.7,16.43,31,gps,0.4,0.8,0.8,-87.0,,,,56,,1790253741000,2026-09-24T18:12:21.000+05:30,38589.053606142035,1790250400645,Default Profile,false
2026-09-24T12:42:25.000Z,12.811013711616397,75.14022208750248,1.0,3.5,132.8,15.86,27,gps,0.4,0.8,1.0,-87.0,,,,56,,1790253745000,2026-09-24T18:12:25.000+05:30,38656.32090946061,1790250400645,Default Profile,false
2026-09-24T12:42:28.000Z,12.81069964170456,75.14054621569812,2.0,3.5,134.4,15.29,30,gps,0.4,,,-87.0,,,,56,,1790253748000,2026-09-24T18:12:28.000+05:30,38705.8661669715,1790250400645,Default Profile,false
2026-09-24T12:42:29.000Z,12.810601321980357,75.1406473852694,2.0,3.5,137.4,15.13,32,gps,0.4,0.8,0.8,-87.0,,,,56,,1790253749000,2026-09-24T18:12:29.000+05:30,38721.35336586602,1790250400645,Default Profile,false
2026-09-24T12:42:36.000Z,12.809762293472886,75.14114275574684,1.0,4.0,165.5,14.759999,30,gps,0.4,0.8,0.8,-87.0,,,,56,,1790253756000,2026-09-24T18:12:36.000+05:30,38829.00574191288,1790250400645,Default Profile,false
2026-09-24T12:42:39.000Z,12.809373079799116,75.141227748245,1.0,3.0,173.0,14.38,31,gps,0.4,0.8,0.8,-87.0,,,,56,,1790253759000,2026-09-24T18:12:39.000+05:30,38873.25460578187,1790250400645,Default Profile,false
2026-09-24T12:42:43.000Z,12.808856796473265,75.14129740186036,5.0,2.5,172.5,14.389999,32,gps,0.4,0.8,0.8,-87.0,,,,56,,1790253763000,2026-09-24T18:12:43.000+05:30,38931.15734239134,1790250400645,Default Profile,false
2026-09-24T12:42:46.000Z,12.808476006612182,75.14134819619358,7.0,3.0,169.6,14.219999,30,gps,0.4,,,-87.0,,,,56,,1790253766000,2026-09-24T18:12:46.000+05:30,38973.85592994851,1790250400645,Default Profile,false
2026-09-24T12:42:51.000Z,12.807874605059624,75.14155866578221,11.0,3.0,152.5,14.549999,31,gps,0.4,0.8,0.8,-87.0,,,,56,,1790253771000,2026-09-24T18:12:51.000+05:30,39044.51540722549,1790250400645,Default Profile,false
2026-09-24T12:42:54.000Z,12.807527552358806,75.14174776151776,10.0,3.0,149.6,14.16,28,gps,0.4,0.8,0.8,-87.0,,,,56,,1790253774000,2026-09-24T18:12:54.000+05:30,39088.2145324356,1790250400645,Default Profile,false
2026-09-24T12:42:58.000Z,12.807097937911749,75.14202428050339,9.0,3.0,146.3,14.29,32,gps,0.4,,,-87.0,,,,56,,1790253778000,2026-09-24T18:12:58.000+05:30,39144.61503125882,1790250400645,Default Profile,false
2026-09-24T12:43:02.000Z,12.806676202453673,75.14231999404728,8.0,3.5,146.1,13.679999,27,gps,0.4,0.8,1.0,-87.0,,,,56,,1790253782000,2026-09-24T18:13:02.000+05:30,39201.423620698755,1790250400645,Default Profile,false
2026-09-24T12:43:06.000Z,12.80621892772615,75.14254513196647,8.0,4.5,162.0,13.28,26,gps,0.4,0.8,1.0,-87.0,,,,56,,1790253786000,2026-09-24T18:13:06.000+05:30,39257.82662467779,1790250400645,Default Profile,false
2026-09-24T12:43:10.000Z,12.80578428413719,75.14244806952775,7.0,4.5,201.0,11.45,28,gps,0.4,0.8,1.0,-87.0,,,,56,,1790253790000,2026-09-24T18:13:10.000+05:30,39307.28941232974,1790250400645,Default Profile,false
2026-09-24T12:43:13.000Z,12.805496114306152,75.14222008176148,7.0,4.0,216.4,13.2,29,gps,0.4,0.8,1.0,-87.0,,,,56,,1790253793000,2026-09-24T18:13:13.000+05:30,39347.75990026286,1790250400645,Default Profile,false
2026-09-24T12:43:17.000Z,12.805074085481465,75.1419479213655,9.0,4.0,201.4,12.7,28,gps,0.4,0.8,1.0,-87.0,,,,56,,1790253797000,2026-09-24T18:13:17.000+05:30,39403.194888550825,1790250400645,Default Profile,false
2026-09-24T12:43:21.000Z,12.804641579277813,75.14179545454681,10.0,3.5,196.4,13.059999,26,gps,0.4,1.0,1.2,-87.0,,,,56,,1790253801000,2026-09-24T18:13:21.000+05:30,39454.049507239884,1790250400645,Default Profile,false
2026-09-24T12:43:24.000Z,12.804288575425744,75.1417306624353,11.0,3.5,180.8,12.88,29,gps,0.4,0.8,1.0,-87.0,,,,56,,1790253804000,2026-09-24T18:13:24.000+05:30,39493.925493427894,1790250400645,Default Profile,false
2026-09-24T12:43:28.000Z,12.80382128432393,75.14185714535415,13.0,2.5,159.9,14.25,28,gps,0.4,0.8,1.0,-87.0,,,,56,,1790253808000,2026-09-24T18:13:28.000+05:30,39547.66534405573,1790250400645,Default Profile,false
2026-09-24T12:43:31.000Z,12.803446822799742,75.14201908372343,12.0,2.5,153.7,14.91,29,gps,0.4,0.8,1.0,-87.0,,,,56,,1790253811000,2026-09-24T18:13:31.000+05:30,39592.85449930906,1790250400645,Default Profile,false
2026-09-24T12:43:35.000Z,12.80293045565486,75.1422899030149,11.0,3.5,150.9,16.59,10,gps,0.8,2.0,2.2,-87.0,,,,56,,1790253815000,2026-09-24T18:13:35.000+05:30,39657.34529450426,1790250400645,Default Profile,false
2026-09-24T12:43:38.555Z,12.802506457082927,75.14280807226896,-49.0,9.0,147.4,17.289999,10,gps,0.6,1.8,1.8,-87.2,,,,56,,1790253818555,2026-09-24T18:13:38.555+05:30,39730.69094714998,1790250400645,Default Profile,false
2026-09-24T12:43:41.994Z,12.80194298364222,75.14289055019617,15.0,7.5,162.2,17.539999,22,gps,0.4,1.2,1.2,-87.2,,,,56,,1790253821994,2026-09-24T18:13:41.994+05:30,39793.98136808335,1790250400645,Default Profile,false
2026-09-24T12:43:46.000Z,12.801359393633902,75.14298249967396,3.0,5.0,169.6,16.279999,31,gps,0.4,0.8,1.0,-87.2,,,,56,,1790253826000,2026-09-24T18:13:46.000+05:30,39859.635066746225,1790250400645,Default Profile,false
2026-09-24T12:43:49.000Z,12.800932335667312,75.14307335950434,5.0,4.0,167.5,15.299999,28,gps,0.4,1.0,1.0,-87.2,,,,55,,1790253829000,2026-09-24T18:13:49.000+05:30,39908.13297754479,1790250400645,Default Profile,false
2026-09-24T12:43:53.000Z,12.800545552745461,75.14324678108096,2.0,3.5,153.9,9.2,29,gps,0.4,0.8,0.8,-87.2,,,,55,,1790253833000,2026-09-24T18:13:53.000+05:30,39955.07247845888,1790250400645,Default Profile,false
2026-09-24T12:43:56.000Z,12.800444718450308,75.14330629259348,10.0,3.5,140.3,0.82,32,gps,0.4,,,-87.2,,,,55,,1790253836000,2026-09-24T18:13:56.000+05:30,39968.009054130685,1790250400645,Default Profile,false
2026-09-24T12:44:00.000Z,12.800427074544132,75.1433105673641,9.0,3.5,129.1,1.26,31,gps,0.4,,,-87.2,,,,55,,1790253840000,2026-09-24T18:14:00.000+05:30,39970.024978864785,1790250400645,Default Profile,false
2026-09-24T12:44:04.000Z,12.800342752598226,75.14334032312036,9.0,3.5,162.6,4.19,30,gps,0.4,0.8,0.8,-87.2,,,,55,,1790253844000,2026-09-24T18:14:04.000+05:30,39979.940757400575,1790250400645,Default Profile,false
2026-09-24T12:44:08.000Z,12.80012063216418,75.14339539222419,12.0,2.5,167.4,7.49,31,gps,0.4,0.8,0.8,-87.2,,,,55,,1790253848000,2026-09-24T18:14:08.000+05:30,40005.35098458836,1790250400645,Default Profile,false
2026-09-24T12:44:12.000Z,12.799785188399255,75.14342590235174,13.0,2.5,174.8,10.49,32,gps,0.4,0.8,0.8,-87.2,,,,55,,1790253852000,2026-09-24T18:14:12.000+05:30,40042.797054051596,1790250400645,Default Profile,false
2026-09-24T12:44:16.000Z,12.799346689134836,75.14342908747494,10.0,2.5,187.9,11.8,28,gps,0.4,0.8,1.0,-87.2,,,,55,,1790253856000,2026-09-24T18:14:16.000+05:30,40091.557170734435,1790250400645,Default Profile,false
2026-09-24T12:44:19.000Z,12.799037983641028,75.14327284879982,8.0,3.0,217.6,13.2699995,31,gps,0.4,0.8,0.8,-87.2,,,,55,,1790253859000,2026-09-24T18:14:19.000+05:30,40129.836594651955,1790250400645,Default Profile,false
2026-09-24T12:44:23.000Z,12.798631000332534,75.14298962429166,6.0,3.0,208.3,13.67,28,gps,0.4,0.8,0.8,-87.2,,,,55,,1790253863000,2026-09-24T18:14:23.000+05:30,40184.527651000615,1790250400645,Default Profile,false
2026-09-24T12:44:27.000Z,12.798178000375628,75.14285274781287,5.0,3.5,184.0,11.82,26,gps,0.4,1.0,1.0,-87.2,,,,55,,1790253867000,2026-09-24T18:14:27.000+05:30,40237.04000868321,1790250400645,Default Profile,false
2026-09-24T12:44:31.000Z,12.797786900773644,75.14300068840384,6.0,4.5,144.2,12.07,25,gps,0.4,1.0,1.2,-87.2,,,,55,,1790253871000,2026-09-24T18:14:31.000+05:30,40283.39260887749,1790250400645,Default Profile,false
2026-09-24T12:44:34.000Z,12.797496090643108,75.14324208721519,6.0,5.0,139.4,14.07,23,gps,0.4,,,-87.2,,,,55,,1790253874000,2026-09-24T18:14:34.000+05:30,40324.99566412092,1790250400645,Default Profile,false
2026-09-24T12:44:38.000Z,12.797073894180357,75.14355791732669,6.0,4.5,149.3,13.79,29,gps,0.4,0.8,1.0,-87.2,,,,55,,1790253878000,2026-09-24T18:14:38.000+05:30,40383.10546868402,1790250400645,Default Profile,false
2026-09-24T12:44:42.000Z,12.796635730192065,75.14382094144821,6.0,4.0,154.9,13.95,29,gps,0.4,0.8,1.0,-87.1,,,,55,,1790253882000,2026-09-24T18:14:42.000+05:30,40439.560887686224,1790250400645,Default Profile,false
2026-09-24T12:44:46.000Z,12.796186963096261,75.14401665888727,8.0,4.0,166.0,12.429999,29,gps,0.4,0.8,1.0,-87.2,,,,55,,1790253886000,2026-09-24T18:14:46.000+05:30,40493.78686858242,1790250400645,Default Profile,false
2026-09-24T12:44:50.000Z,12.795759695582092,75.14411414042115,9.0,4.0,173.6,10.849999,30,gps,0.4,0.8,0.8,-87.2,,,,55,,1790253890000,2026-09-24T18:14:50.000+05:30,40542.4585076145,1790250400645,Default Profile,false
2026-09-24T12:44:54.000Z,12.795418677851558,75.14419452287257,8.0,4.0,171.9,11.65,29,gps,0.4,0.8,1.0,-87.2,,,,55,,1790253894000,2026-09-24T18:14:54.000+05:30,40581.366802441735,1790250400645,Default Profile,false
2026-09-24T12:44:57.000Z,12.795064626261592,75.14424506574869,8.0,4.0,171.4,13.5199995,31,gps,0.4,0.8,0.8,-87.1,,,,55,,1790253897000,2026-09-24T18:14:57.000+05:30,40621.11518829585,1790250400645,Default Profile,false
2026-09-24T12:45:01.000Z,12.794570387341082,75.14434824697673,8.0,3.0,170.3,14.28,26,gps,0.4,1.0,1.0,-87.2,,,,55,,1790253901000,2026-09-24T18:15:01.000+05:30,40677.19937064282,1790250400645,Default Profile,false
2026-09-24T12:45:04.000Z,12.794198859483004,75.14440398663282,7.0,3.0,172.2,12.96,28,gps,0.4,0.8,1.0,-87.2,,,,55,,1790253904000,2026-09-24T18:15:04.000+05:30,40718.95117648738,1790250400645,Default Profile,false
2026-09-24T12:45:08.000Z,12.793731400743127,75.14452728442848,7.0,3.5,158.0,12.61,30,gps,0.4,0.8,1.0,-87.2,,,,55,,1790253908000,2026-09-24T18:15:08.000+05:30,40772.62211491075,1790250400645,Default Profile,false
2026-09-24T12:45:12.000Z,12.793423868715763,75.14487186446786,7.0,4.0,107.9,12.429999,27,gps,0.4,0.8,1.0,-87.2,,,,55,,1790253912000,2026-09-24T18:15:12.000+05:30,40823.27248706555,1790250400645,Default Profile,false
2026-09-24T12:45:15.000Z,12.793338289484382,75.1452205516398,7.0,4.5,107.4,12.719999,27,gps,0.4,0.8,1.0,-87.2,,,,55,,1790253915000,2026-09-24T18:15:15.000+05:30,40862.26131659865,1790250400645,Default Profile,false
2026-09-24T12:45:19.000Z,12.793134693056345,75.14566353522241,5.0,5.0,121.7,12.9,26,gps,0.4,1.0,1.0,-87.2,,,,55,,1790253919000,2026-09-24T18:15:19.000+05:30,40915.36362312556,1790250400645,Default Profile,false
2026-09-24T12:45:23.000Z,12.792850378900766,75.14608388766646,3.0,4.5,130.5,12.889999,30,gps,0.4,0.8,1.0,-87.2,,,,55,,1790253923000,2026-09-24T18:15:23.000+05:30,40970.834975451646,1790250400645,Default Profile,false
2026-09-24T12:45:27.000Z,12.79238363262266,75.14630030840635,1.0,4.5,168.9,13.63,31,gps,0.4,0.8,1.0,-87.2,,,,55,,1790253927000,2026-09-24T18:15:27.000+05:30,41027.79388073776,1790250400645,Default Profile,false
2026-09-24T12:45:31.000Z,12.791888429783285,75.14640223234892,1.0,3.5,160.5,12.82,25,gps,0.4,1.0,1.0,-87.2,,,,55,,1790253931000,2026-09-24T18:15:31.000+05:30,41083.956131266525,1790250400645,Default Profile,false
2026-09-24T12:45:35.000Z,12.791503993794322,75.14664597809315,0.0,4.5,142.6,12.08,26,gps,0.4,0.8,1.0,-87.2,,,,55,,1790253935000,2026-09-24T18:15:35.000+05:30,41134.21458669157,1790250400645,Default Profile,false
2026-09-24T12:45:38.000Z,12.791278101503849,75.1469056494534,0.0,4.5,129.7,12.24,26,gps,0.4,1.0,1.0,-87.1,,,,55,,1790253938000,2026-09-24T18:15:38.000+05:30,41171.94740839827,1790250400645,Default Profile,false
2026-09-24T12:45:42.000Z,12.790986285544932,75.14722106046975,0.0,4.0,144.9,11.11,29,gps,0.4,0.8,1.0,-87.2,,,,55,,1790253942000,2026-09-24T18:15:42.000+05:30,41219.09251812856,1790250400645,Default Profile,false
2026-09-24T12:45:46.000Z,12.790696020238101,75.14748081564903,2.0,4.0,125.5,10.05,25,gps,0.4,1.0,1.2,-87.2,,,,55,,1790253946000,2026-09-24T18:15:46.000+05:30,41261.930649784736,1790250400645,Default Profile,false
2026-09-24T12:45:49.000Z,12.790632233954966,75.14771492220461,2.0,5.0,95.9,8.559999,22,gps,0.4,1.0,1.2,-87.2,,,,55,,1790253949000,2026-09-24T18:15:49.000+05:30,41288.288386109634,1790250400645,Default Profile,false
2026-09-24T12:45:53.000Z,12.790635502897203,75.14806855469942,2.0,5.5,95.0,9.15,27,gps,0.4,0.8,1.0,-87.2,,,,55,,1790253953000,2026-09-24T18:15:53.000+05:30,41326.63649121664,1790250400645,Default Profile,false
2026-09-24T12:45:57.000Z,12.79055034276098,75.14845127239823,5.0,4.5,109.2,9.87,23,gps,0.4,1.0,1.0,-87.2,,,,55,,1790253957000,2026-09-24T18:15:57.000+05:30,41369.203390415125,1790250400645,Default Profile,false
2026-09-24T12:46:00.000Z,12.790365270338953,75.14874304644763,5.0,4.0,125.6,11.63,23,gps,0.4,1.0,1.2,-87.2,,,,55,,1790253960000,2026-09-24T18:16:00.000+05:30,41406.94607061892,1790250400645,Default Profile,false
2026-09-24T12:46:04.000Z,12.790128691121936,75.14915216714144,8.0,4.0,113.3,11.96,26,gps,0.4,1.0,1.2,-87.2,,,,55,,1790253964000,2026-09-24T18:16:04.000+05:30,41458.52255827104,1790250400645,Default Profile,false
2026-09-24T12:46:08.000Z,12.789914072491229,75.14954460784793,9.0,4.0,120.3,11.33,25,gps,0.4,1.0,1.2,-87.2,,,,55,,1790253968000,2026-09-24T18:16:08.000+05:30,41507.312058670745,1790250400645,Default Profile,false
2026-09-24T12:46:12.000Z,12.789724222384393,75.14993017539382,11.0,3.5,112.4,10.45,25,gps,0.4,1.0,1.2,-87.2,,,,55,,1790253972000,2026-09-24T18:16:12.000+05:30,41554.14874275804,1790250400645,Default Profile,false
2026-09-24T12:46:16.000Z,12.789465431123972,75.15026746317744,11.0,4.0,139.8,10.84,26,gps,0.4,0.8,1.0,-87.2,,,,55,,1790253976000,2026-09-24T18:16:16.000+05:30,41600.686306878466,1790250400645,Default Profile,false
2026-09-24T12:46:19.000Z,12.789216320961714,75.15042973682284,13.0,3.5,152.5,11.63,28,gps,0.4,1.0,1.0,-87.1,,,,55,,1790253979000,2026-09-24T18:16:19.000+05:30,41633.50260601624,1790250400645,Default Profile,false
2026-09-24T12:46:22.000Z,12.78893489856273,75.15058664605021,14.0,3.5,139.0,11.389999,29,gps,0.4,1.0,1.0,-87.1,,,,54,,1790253982000,2026-09-24T18:16:22.000+05:30,41669.121906752225,1790250400645,Default Profile,false
2026-09-24T12:46:26.000Z,12.788704647682607,75.1509518455714,15.0,3.0,106.2,11.92,28,gps,0.4,0.8,1.0,-87.2,,,,54,,1790253986000,2026-09-24T18:16:26.000+05:30,41716.2783978125,1790250400645,Default Profile,false
2026-09-24T12:46:29.000Z,12.788692745380104,75.15128284692764,16.0,3.0,81.7,12.389999,30,gps,0.4,0.8,1.0,-87.2,,,,54,,1790253989000,2026-09-24T18:16:29.000+05:30,41752.195424412654,1790250400645,Default Profile,false
2026-09-24T12:46:32.000Z,12.788729374296963,75.15163119882345,16.0,3.0,86.8,12.469999,32,gps,0.4,0.8,0.8,-87.2,,,,54,,1790253992000,2026-09-24T18:16:32.000+05:30,41790.18843544722,1790250400645,Default Profile,false
2026-09-24T12:46:36.000Z,12.788617056794465,75.15212547965348,16.0,3.0,114.7,14.12,31,gps,0.4,0.8,0.8,-87.2,,,,54,,1790253996000,2026-09-24T18:16:36.000+05:30,41845.222375756304,1790250400645,Default Profile,false
2026-09-24T12:46:40.000Z,12.788390242494643,75.15261833555996,18.0,2.5,112.5,14.33,32,gps,0.4,0.8,0.8,-87.2,,,,54,,1790254000000,2026-09-24T18:16:40.000+05:30,41904.31805340485,1790250400645,Default Profile,false
2026-09-24T12:46:44.000Z,12.788187903352082,75.15315008349717,20.0,2.5,110.7,15.349999,29,gps,0.4,0.8,1.0,-87.2,,,,54,,1790254004000,2026-09-24T18:16:44.000+05:30,41966.21311337562,1790250400645,Default Profile,false
2026-09-24T12:46:48.000Z,12.788015990518034,75.1536475494504,20.0,2.5,109.9,13.13,30,gps,0.4,0.8,1.0,-87.2,,,,54,,1790254008000,2026-09-24T18:16:48.000+05:30,42023.44359024833,1790250400645,Default Profile,false
2026-09-24T12:46:52.000Z,12.787860464304686,75.15408106148243,20.0,2.5,109.4,11.469999,29,gps,0.4,0.8,1.0,-87.2,,,,54,,1790254012000,2026-09-24T18:16:52.000+05:30,42073.53239793516,1790250400645,Default Profile,false
2026-09-24T12:46:56.000Z,12.78768134303391,75.15449521131814,18.0,3.0,112.5,12.929999,31,gps,0.4,0.8,0.8,-87.2,,,,54,,1790254016000,2026-09-24T18:16:56.000+05:30,42122.66010855211,1790250400645,Default Profile,false
2026-09-24T12:47:00.000Z,12.787539018318057,75.1548889093101,17.0,3.5,108.8,10.82,30,gps,0.4,0.8,0.8,-87.2,,,,54,,1790254020000,2026-09-24T18:17:00.000+05:30,42168.19046272121,1790250400645,Default Profile,false
2026-09-24T12:47:03.000Z,12.78740939218551,75.15518194064498,15.0,3.0,116.8,11.98,30,gps,0.4,0.8,1.0,-87.2,,,,54,,1790254023000,2026-09-24T18:17:03.000+05:30,42203.08223897213,1790250400645,Default Profile,false
2026-09-24T12:47:07.000Z,12.787163970060647,75.15554470941424,16.0,3.0,129.5,11.389999,27,gps,0.4,1.0,1.0,-87.2,,,,54,,1790254027000,2026-09-24T18:17:07.000+05:30,42250.958897266,1790250400645,Default Profile,false
2026-09-24T12:47:10.000Z,12.786967204883695,75.15575274825096,16.0,3.5,133.3,10.349999,31,gps,0.4,0.8,0.8,-87.1,,,,54,,1790254030000,2026-09-24T18:17:10.000+05:30,42282.38529841753,1790250400645,Default Profile,false
2026-09-24T12:47:14.000Z,12.786678532138467,75.15603077597916,16.0,3.5,134.4,11.17,26,gps,0.4,1.0,1.0,-87.2,,,,54,,1790254034000,2026-09-24T18:17:14.000+05:30,42326.422547375216,1790250400645,Default Profile,false
2026-09-24T12:47:17.000Z,12.78648838866502,75.15625624917448,18.0,3.0,129.5,11.03,29,gps,0.4,0.8,1.0,-87.2,,,,54,,1790254037000,2026-09-24T18:17:17.000+05:30,42358.74615260585,1790250400645,Default Profile,false
2026-09-24T12:47:21.000Z,12.786267441697419,75.15653612092137,20.0,2.5,129.5,9.24,30,gps,0.4,0.8,1.0,-87.2,,,,54,,1790254041000,2026-09-24T18:17:21.000+05:30,42397.79270023691,1790250400645,Default Profile,false
2026-09-24T12:47:25.000Z,12.786096869967878,75.1567954570055,21.0,2.5,126.3,6.18,30,gps,0.4,0.8,0.8,-87.2,,,,54,,1790254045000,2026-09-24T18:17:25.000+05:30,42431.71276454878,1790250400645,Default Profile,false
2026-09-24T12:47:29.000Z,12.786050224676728,75.15687877312303,22.0,2.5,124.4,0.34,31,gps,0.4,0.8,0.8,-87.1,,,,54,,1790254049000,2026-09-24T18:17:29.000+05:30,42442.130351801046,1790250400645,Default Profile,false
2026-09-24T12:47:32.000Z,12.78604930266738,75.15688288025558,22.0,2.5,124.4,0.17999999,30,gps,0.4,0.8,0.8,-87.2,,,,54,,1790254052000,2026-09-24T18:17:32.000+05:30,42442.58736757464,1790250400645,Default Profile,false
2026-09-24T12:47:35.000Z,12.786034508608282,75.15689997933805,22.0,2.5,124.4,1.67,30,gps,0.4,0.8,0.8,-87.2,,,,54,,1790254055000,2026-09-24T18:17:35.000+05:30,42445.06609811168,1790250400645,Default Profile,false
2026-09-24T12:47:39.000Z,12.785935099236667,75.15702906064689,22.0,2.5,128.0,5.39,28,gps,0.4,0.8,1.0,-87.2,,,,54,,1790254059000,2026-09-24T18:17:39.000+05:30,42462.90175573637,1790250400645,Default Profile,false
2026-09-24T12:47:43.000Z,12.7857771422714,75.1572254486382,25.0,3.0,131.5,8.21,30,gps,0.4,0.8,1.0,-87.2,,,,54,,1790254063000,2026-09-24T18:17:43.000+05:30,42490.5062594692,1790250400645,Default Profile,false
2026-09-24T12:47:47.000Z,12.785551878623664,75.15747497789562,25.0,3.0,135.4,9.99,31,gps,0.4,0.8,0.8,-87.2,,,,54,,1790254067000,2026-09-24T18:17:47.000+05:30,42527.37858728368,1790250400645,Default Profile,false
2026-09-24T12:47:50.000Z,12.785329800099134,75.15770179219544,25.0,2.5,129.4,12.34,32,gps,0.4,0.8,1.0,-87.2,,,,54,,1790254070000,2026-09-24T18:17:50.000+05:30,42562.231438181465,1790250400645,Default Profile,false
2026-09-24T12:47:54.000Z,12.785031236708164,75.15807822346687,25.0,2.5,127.6,13.33,30,gps,0.4,0.8,1.0,-87.2,,,,54,,1790254074000,2026-09-24T18:17:54.000+05:30,42614.84687983178,1790250400645,Default Profile,false
2026-09-24T12:47:58.000Z,12.784731416031718,75.158506706357,25.0,2.5,123.3,14.349999,31,gps,0.4,0.8,1.0,-87.2,,,,54,,1790254078000,2026-09-24T18:17:58.000+05:30,42672.03386855396,1790250400645,Default Profile,false
2026-09-24T12:48:02.000Z,12.784431260079145,75.15898413956165,25.0,3.0,124.1,15.49,30,gps,0.4,0.8,1.0,-87.2,,,,54,,1790254082000,2026-09-24T18:18:02.000+05:30,42733.63167114369,1790250400645,Default Profile,false
2026-09-24T12:48:06.000Z,12.784089781343937,75.15943123027682,25.0,2.5,126.7,14.62,30,gps,0.4,0.8,1.0,-87.2,,,,54,,1790254086000,2026-09-24T18:18:06.000+05:30,42795.213003024975,1790250400645,Default Profile,false
2026-09-24T12:48:10.000Z,12.783784721978009,75.15985686331987,24.0,3.0,122.2,13.34,30,gps,0.4,0.8,0.8,-87.2,,,,54,,1790254090000,2026-09-24T18:18:10.000+05:30,42852.49236406218,1790250400645,Default Profile,false
2026-09-24T12:48:14.000Z,12.783741094172,75.16033664345741,25.0,4.0,81.8,13.74,29,gps,0.4,0.8,1.0,-87.2,,,,54,,1790254094000,2026-09-24T18:18:14.000+05:30,42904.74475198878,1790250400645,Default Profile,false
2026-09-24T12:48:17.000Z,12.783793397247791,75.16074358485639,25.0,4.0,87.9,14.63,29,gps,0.4,0.8,1.0,-87.2,,,,54,,1790254097000,2026-09-24T18:18:17.000+05:30,42949.25451908095,1790250400645,Default Profile,false
2026-09-24T12:48:20.000Z,12.783763809129596,75.16117902472615,23.0,3.5,99.4,14.83,29,gps,0.4,1.0,1.0,-87.1,,,,54,,1790254100000,2026-09-24T18:18:20.000+05:30,42996.58750426826,1790250400645,Default Profile,false
2026-09-24T12:48:23.000Z,12.78366046026349,75.16157247126102,21.0,3.0,106.8,15.15,30,gps,0.4,1.0,1.0,-87.2,,,,54,,1790254103000,2026-09-24T18:18:23.000+05:30,43040.77290341863,1790250400645,Default Profile,false
2026-09-24T12:48:27.000Z,12.783504012040794,75.16214545816183,20.0,3.0,106.1,16.01,30,gps,0.4,0.8,1.0,-87.2,,,,54,,1790254107000,2026-09-24T18:18:27.000+05:30,43105.29622393055,1790250400645,Default Profile,false
2026-09-24T12:48:31.000Z,12.783381678164005,75.16271593049169,23.0,3.0,102.6,15.429999,31,gps,0.4,0.8,1.0,-87.2,,,,54,,1790254111000,2026-09-24T18:18:31.000+05:30,43168.63548567391,1790250400645,Default Profile,false
2026-09-24T12:48:34.000Z,12.783322460018098,75.16313695348799,25.0,3.5,85.6,14.42,31,gps,0.4,0.8,1.0,-87.2,,,,54,,1790254114000,2026-09-24T18:18:34.000+05:30,43214.7631289014,1790250400645,Default Profile,false
2026-09-24T12:48:38.000Z,12.783568343147635,75.16358379274607,23.0,2.5,46.1,14.5199995,31,gps,0.4,0.8,1.0,-87.2,,,,54,,1790254118000,2026-09-24T18:18:38.000+05:30,43270.39932212557,1790250400645,Default Profile,false
2026-09-24T12:48:42.000Z,12.783882999792695,75.16397614963353,23.0,2.5,61.1,13.92,32,gps,0.4,0.8,1.0,-87.2,,,,54,,1790254122000,2026-09-24T18:18:42.000+05:30,43325.484650267834,1790250400645,Default Profile,false
2026-09-24T12:48:46.000Z,12.784018702805042,75.16447193920612,27.0,2.0,87.9,13.86,31,gps,0.4,0.8,1.0,-87.2,,,,54,,1790254126000,2026-09-24T18:18:46.000+05:30,43381.324789521794,1790250400645,Default Profile,false
2026-09-24T12:48:50.000Z,12.783948294818401,75.16495054587722,27.0,2.5,103.2,12.96,30,gps,0.4,0.8,1.0,-87.2,,,,54,,1790254130000,2026-09-24T18:18:50.000+05:30,43433.811380077175,1790250400645,Default Profile,false
2026-09-24T12:48:54.000Z,12.78383832424879,75.16540786251426,27.0,2.5,103.9,11.78,32,gps,0.4,0.8,0.8,-87.2,,,,52,,1790254134000,2026-09-24T18:18:54.000+05:30,43484.887522837686,1790250400645,Default Profile,false
2026-09-24T12:48:58.000Z,12.783736945129931,75.16582461073995,28.0,2.5,105.1,11.37,32,gps,0.4,0.6,0.8,-87.2,,,,52,,1790254138000,2026-09-24T18:18:58.000+05:30,43531.46389253744,1790250400645,Default Profile,false
2026-09-24T12:49:02.000Z,12.783656436949968,75.16617866232991,27.0,3.0,100.6,8.63,30,gps,0.4,0.8,0.8,-87.2,,,,52,,1790254142000,2026-09-24T18:19:02.000+05:30,43570.88664639347,1790250400645,Default Profile,false
2026-09-24T12:49:06.000Z,12.78362253215164,75.16651318408549,28.0,2.5,90.4,8.099999,31,gps,0.4,0.8,0.8,-87.2,,,,52,,1790254146000,2026-09-24T18:19:06.000+05:30,43607.35713013911,1790250400645,Default Profile,false
2026-09-24T12:49:09.000Z,12.783632003702223,75.16675567254424,29.0,2.5,88.8,7.73,32,gps,0.4,0.8,0.8,-87.2,,,,52,,1790254149000,2026-09-24T18:19:09.000+05:30,43633.67334545407,1790250400645,Default Profile,false
2026-09-24T12:49:12.000Z,12.78363376390189,75.166982319206,30.0,2.5,84.4,8.49,32,gps,0.4,0.6,0.8,-87.2,,,,52,,1790254152000,2026-09-24T18:19:12.000+05:30,43658.25139273159,1790250400645,Default Profile,false
2026-09-24T12:49:16.000Z,12.78367382939905,75.16739579848945,29.0,2.5,84.1,11.96,32,gps,0.4,0.8,0.8,-87.1,,,,52,,1790254156000,2026-09-24T18:19:16.000+05:30,43703.30933020267,1790250400645,Default Profile,false
2026-09-24T12:49:20.000Z,12.783724623732269,75.16783920116723,27.0,2.5,87.4,12.009999,30,gps,0.4,0.8,1.0,-87.2,,,,52,,1790254160000,2026-09-24T18:19:20.000+05:30,43751.72192070463,1790250400645,Default Profile,false
2026-09-24T12:49:24.000Z,12.783593069761992,75.1682363357395,27.0,3.0,133.6,11.0,30,gps,0.4,0.8,1.0,-87.2,,,,52,,1790254164000,2026-09-24T18:19:24.000+05:30,43797.203290347854,1790250400645,Default Profile,false
2026-09-24T12:49:27.000Z,12.783363154157996,75.16843590885401,28.0,3.0,146.5,10.99,27,gps,0.4,0.8,1.0,-87.2,,,,52,,1790254167000,2026-09-24T18:19:27.000+05:30,43830.698737908,1790250400645,Default Profile,false
2026-09-24T12:49:31.000Z,12.783043887466192,75.16862349584699,29.0,3.5,147.3,9.309999,28,gps,0.4,0.8,0.8,-87.2,,,,52,,1790254171000,2026-09-24T18:19:31.000+05:30,43871.61444492595,1790250400645,Default Profile,false
2026-09-24T12:49:35.000Z,12.782810619100928,75.16888928599656,29.0,4.5,125.9,10.07,32,gps,0.4,0.8,0.8,-87.1,,,,52,,1790254175000,2026-09-24T18:19:35.000+05:30,43910.38946189926,1790250400645,Default Profile,false
2026-09-24T12:49:38.000Z,12.782672108151019,75.16924392431974,27.0,4.0,113.4,12.57,28,gps,0.4,,,-87.2,,,,52,,1790254178000,2026-09-24T18:19:38.000+05:30,43951.81562425215,1790250400645,Default Profile,false
2026-09-24T12:49:42.000Z,12.782457112334669,75.16968372277915,27.0,3.5,124.2,13.42,29,gps,0.4,0.8,1.0,-87.1,,,,52,,1790254182000,2026-09-24T18:19:42.000+05:30,44005.16339878971,1790250400645,Default Profile,false
2026-09-24T12:49:46.000Z,12.782111736014485,75.1700765825808,28.0,3.5,135.9,14.33,28,gps,0.4,1.0,1.0,-87.2,,,,52,,1790254186000,2026-09-24T18:19:46.000+05:30,44062.51979704627,1790250400645,Default Profile,false
2026-09-24T12:49:50.000Z,12.781753661110997,75.17047145403922,29.0,4.0,129.1,13.63,26,gps,0.4,0.8,1.0,-87.2,,,,52,,1790254190000,2026-09-24T18:19:50.000+05:30,44120.9906772464,1790250400645,Default Profile,false
2026-09-24T12:49:54.000Z,12.781509412452579,75.17088552005589,31.0,4.5,115.5,11.79,30,gps,0.4,0.8,1.0,-87.2,,,,52,,1790254194000,2026-09-24T18:19:54.000+05:30,44173.46671553786,1790250400645,Default Profile,false
2026-09-24T12:49:58.000Z,12.78137534391135,75.17126178368926,30.0,4.0,111.5,9.679999,28,gps,0.4,1.0,1.2,-87.2,,,,52,,1790254198000,2026-09-24T18:19:58.000+05:30,44216.906732269716,1790250400645,Default Profile,false
2026-09-24T12:50:02.000Z,12.781263780780137,75.17162622883916,29.0,5.0,110.2,9.929999,26,gps,0.4,0.8,1.0,-87.2,,,,52,,1790254202000,2026-09-24T18:20:02.000+05:30,44258.328295092164,1790250400645,Default Profile,false
2026-09-24T12:50:05.000Z,12.781169819645584,75.171905932948,29.0,5.5,107.9,9.889999,29,gps,0.4,0.8,1.0,-87.2,,,,52,,1790254205000,2026-09-24T18:20:05.000+05:30,44290.40839208741,1790250400645,Default Profile,false
2026-09-24T12:50:09.000Z,12.781058046966791,75.1722423825413,28.0,5.0,110.2,7.6099997,24,gps,0.4,0.8,1.0,-87.1,,,,52,,1790254209000,2026-09-24T18:20:09.000+05:30,44328.95173199582,1790250400645,Default Profile,false
2026-09-24T12:50:13.000Z,12.780953356996179,75.17251261509955,25.0,5.5,112.5,8.46,25,gps,0.4,1.0,1.2,-87.2,,,,52,,1790254213000,2026-09-24T18:20:13.000+05:30,44360.48323080209,1790250400645,Default Profile,false
2026-09-24T12:50:17.000Z,12.7807951066643,75.17281997948885,24.0,4.5,116.4,7.8599997,20,gps,0.4,1.2,1.4,-87.2,,,,52,,1790254217000,2026-09-24T18:20:17.000+05:30,44398.173648107,1790250400645,Default Profile,false
2026-09-24T12:50:21.000Z,12.780673359520733,75.1730814948678,22.0,4.5,121.9,7.1099997,25,gps,0.4,1.0,1.2,-87.2,,,,52,,1790254221000,2026-09-24T18:20:21.000+05:30,44429.59792037486,1790250400645,Default Profile,false
2026-09-24T12:50:25.000Z,12.780555258505046,75.1732939761132,21.0,4.5,121.9,5.44,28,gps,0.4,1.0,1.2,-87.1,,,,52,,1790254225000,2026-09-24T18:20:25.000+05:30,44456.11894281928,1790250400645,Default Profile,false
2026-09-24T12:50:29.000Z,12.780450778082013,75.1734911184758,23.0,4.5,118.1,5.37,27,gps,0.4,1.0,1.0,-87.2,,,,52,,1790254229000,2026-09-24T18:20:29.000+05:30,44480.44989076323,1790250400645,Default Profile,false
2026-09-24T12:50:33.000Z,12.78037928044796,75.17361500300467,24.0,4.5,111.8,1.0799999,27,gps,0.4,1.0,1.0,-87.2,,,,52,,1790254233000,2026-09-24T18:20:33.000+05:30,44496.06010875368,1790250400645,Default Profile,false
2026-09-24T12:50:37.000Z,12.780376262962818,75.17362657003105,24.0,4.5,106.1,0.049999997,29,gps,0.4,0.8,1.0,-87.2,,,,52,,1790254237000,2026-09-24T18:20:37.000+05:30,44497.358539334535,1790250400645,Default Profile,false
2026-09-24T12:50:41.000Z,12.7803685516119,75.1736274920404,25.0,4.5,,0.0,29,gps,0.4,0.8,0.8,-87.2,,,,52,,1790254241000,2026-09-24T18:20:41.000+05:30,44498.221811900745,1790250400645,Default Profile,false
2026-09-24T12:50:45.000Z,12.780368803068995,75.17363428138196,25.0,4.5,106.1,0.19999999,32,gps,0.4,0.8,0.8,-87.2,,,,52,,1790254245000,2026-09-24T18:20:45.000+05:30,44498.95857950198,1790250400645,Default Profile,false
2026-09-24T12:50:49.000Z,12.7803487284109,75.1736652944237,26.0,4.5,106.1,1.41,31,gps,0.4,0.8,0.8,-87.2,,,,52,,1790254249000,2026-09-24T18:20:49.000+05:30,44502.99502249874,1790250400645,Default Profile,false
2026-09-24T12:50:53.000Z,12.780304723419249,75.17375246621668,27.0,4.0,115.7,2.09,29,gps,0.4,0.8,0.8,-87.1,,,,52,,1790254253000,2026-09-24T18:20:53.000+05:30,44513.639289437604,1790250400645,Default Profile,false
2026-09-24T12:50:56.000Z,12.780246092006564,75.17382245510817,27.0,4.0,125.3,3.85,27,gps,0.4,0.8,1.0,-87.2,,,,52,,1790254256000,2026-09-24T18:20:56.000+05:30,44523.64459733316,1790250400645,Default Profile,false
2026-09-24T12:51:00.000Z,12.780151376500726,75.17396176233888,27.0,4.0,123.4,4.58,28,gps,0.4,0.8,0.8,-87.2,,,,52,,1790254260000,2026-09-24T18:21:00.000+05:30,44542.05999586411,1790250400645,Default Profile,false
2026-09-24T12:51:04.000Z,12.780076442286372,75.1741090323776,28.0,3.5,120.9,3.32,31,gps,0.4,0.8,0.8,-87.2,,,,52,,1790254264000,2026-09-24T18:21:04.000+05:30,44560.07299058145,1790250400645,Default Profile,false
2026-09-24T12:51:08.000Z,12.780049913562834,75.17416485585272,30.0,3.5,120.3,0.08,29,gps,0.4,0.8,1.0,-87.2,,,,52,,1790254268000,2026-09-24T18:21:08.000+05:30,44566.806983277726,1790250400645,Default Profile,false
2026-09-24T12:51:12.000Z,12.780049578286707,75.17417415976524,32.0,3.5,120.6,0.41,29,gps,0.4,0.8,0.8,-87.2,,,,52,,1790254272000,2026-09-24T18:21:12.000+05:30,44567.8165902707,1790250400645,Default Profile,false
2026-09-24T12:51:15.000Z,12.780022420920432,75.17422260716558,32.0,3.5,120.1,2.9099998,31,gps,0.4,0.8,0.8,-87.1,,,,52,,1790254275000,2026-09-24T18:21:15.000+05:30,44573.87627442237,1790250400645,Default Profile,false
2026-09-24T12:51:19.000Z,12.779956287704408,75.17434841953218,33.0,3.5,114.9,4.71,31,gps,0.4,0.8,1.0,-87.2,,,,52,,1790254279000,2026-09-24T18:21:19.000+05:30,44589.37503099871,1790250400645,Default Profile,false
2026-09-24T12:51:22.000Z,12.779905451461673,75.17447389662266,32.0,3.0,108.0,6.17,28,gps,0.4,1.0,1.0,-87.2,,,,52,,1790254282000,2026-09-24T18:21:22.000+05:30,44604.109263440216,1790250400645,Default Profile,false
2026-09-24T12:51:26.000Z,12.77981320861727,75.17474136315286,30.0,3.0,109.3,8.73,32,gps,0.4,0.8,0.8,-87.2,,,,52,,1790254286000,2026-09-24T18:21:26.000+05:30,44634.87362141272,1790250400645,Default Profile,false
2026-09-24T12:51:30.000Z,12.77971648145467,75.17507244832814,28.0,3.0,105.7,9.679999,31,gps,0.4,0.8,0.8,-87.2,,,,52,,1790254290000,2026-09-24T18:21:30.000+05:30,44672.35304567977,1790250400645,Default Profile,false
2026-09-24T12:51:34.000Z,12.779629016295075,75.17543261870742,29.0,2.5,106.3,10.07,29,gps,0.4,1.0,1.0,-87.2,,,,52,,1790254294000,2026-09-24T18:21:34.000+05:30,44712.602760392954,1790250400645,Default Profile,false
2026-09-24T12:51:38.000Z,12.779530948027968,75.17576202750206,30.0,2.5,106.9,9.09,32,gps,0.4,0.8,0.8,-87.2,,,,52,,1790254298000,2026-09-24T18:21:38.000+05:30,44749.951372225594,1790250400645,Default Profile,false
2026-09-24T12:51:42.000Z,12.77942449785769,75.17610493116081,31.0,2.5,109.3,9.82,31,gps,0.4,0.8,1.0,-87.2,,,,52,,1790254302000,2026-09-24T18:21:42.000+05:30,44788.974507824554,1790250400645,Default Profile,false
2026-09-24T12:51:46.000Z,12.779329949989915,75.17649628221989,31.0,3.0,101.6,10.91,28,gps,0.4,0.8,1.0,-87.2,,,,52,,1790254306000,2026-09-24T18:21:46.000+05:30,44832.69565452592,1790250400645,Default Profile,false
2026-09-24T12:51:50.000Z,12.779228235594928,75.1769535150379,30.0,3.0,102.3,12.929999,29,gps,0.4,0.8,1.0,-87.2,,,,52,,1790254310000,2026-09-24T18:21:50.000+05:30,44883.5518397891,1790250400645,Default Profile,false
2026-09-24T12:51:54.000Z,12.77913331054151,75.17744461074471,31.0,3.5,101.6,13.92,26,gps,0.4,0.8,1.0,-87.2,,,,52,,1790254314000,2026-09-24T18:21:54.000+05:30,44937.84250804529,1790250400645,Default Profile,false
2026-09-24T12:51:58.000Z,12.779032937251031,75.17795297317207,29.0,3.5,102.9,13.46,30,gps,0.4,0.8,1.0,-87.1,,,,52,,1790254318000,2026-09-24T18:21:58.000+05:30,44994.088136069375,1790250400645,Default Profile,false
2026-09-24T12:52:02.000Z,12.778929462656379,75.17845806665719,30.0,3.0,100.5,13.2699995,31,gps,0.4,0.8,0.8,-87.1,,,,52,,1790254322000,2026-09-24T18:22:02.000+05:30,45050.05626781367,1790250400645,Default Profile,false
2026-09-24T12:52:06.000Z,12.778802393004298,75.17895880155265,28.0,3.0,110.2,13.21,28,gps,0.4,0.8,1.0,-87.2,,,,52,,1790254326000,2026-09-24T18:22:06.000+05:30,45106.16455249722,1790250400645,Default Profile,false
2026-09-24T12:52:09.000Z,12.778665265068412,75.17928812652826,30.0,3.0,115.7,12.62,31,gps,0.4,0.8,0.8,-87.2,,,,52,,1790254329000,2026-09-24T18:22:09.000+05:30,45144.995791362846,1790250400645,Default Profile,false
2026-09-24T12:52:13.000Z,12.778447377495468,75.17966967076063,33.0,2.5,122.7,11.25,31,gps,0.4,0.8,0.8,-87.2,,,,52,,1790254333000,2026-09-24T18:22:13.000+05:30,45192.942484762505,1790250400645,Default Profile,false
2026-09-24T12:52:16.000Z,12.778293527662754,75.1799166854471,36.0,2.5,123.7,10.19,29,gps,0.4,0.8,1.0,-87.2,,,,52,,1790254336000,2026-09-24T18:22:16.000+05:30,45224.725773445985,1790250400645,Default Profile,false
2026-09-24T12:52:19.000Z,12.778150825761259,75.18014936707914,36.0,2.0,124.3,9.12,32,gps,0.4,0.8,0.8,-87.2,,,,52,,1790254339000,2026-09-24T18:22:19.000+05:30,45254.53265763266,1790250400645,Default Profile,false
2026-09-24T12:52:22.000Z,12.778016673400998,75.18037123605609,35.0,2.0,123.7,8.8,30,gps,0.4,0.8,1.0,-87.2,,,,52,,1790254342000,2026-09-24T18:22:22.000+05:30,45282.84146209338,1790250400645,Default Profile,false
2026-09-24T12:52:26.000Z,12.777841072529554,75.18063048832119,35.0,2.5,123.1,8.99,29,gps,0.4,0.8,1.0,-87.2,,,,52,,1790254346000,2026-09-24T18:22:26.000+05:30,45317.070644945234,1790250400645,Default Profile,false
2026-09-24T12:52:30.000Z,12.777677667327225,75.18088907003403,37.0,2.0,118.8,6.73,32,gps,0.4,0.8,0.8,-87.2,,,,52,,1790254350000,2026-09-24T18:22:30.000+05:30,45350.48375060717,1790250400645,Default Profile,false
2026-09-24T12:52:34.000Z,12.777617443352938,75.18101831898093,37.0,2.5,115.3,1.06,32,gps,0.4,0.8,0.8,-87.2,,,,52,,1790254354000,2026-09-24T18:22:34.000+05:30,45366.017277091116,1790250400645,Default Profile,false
2026-09-24T12:52:38.000Z,12.77759657241404,75.18105209805071,38.0,2.0,119.3,1.14,30,gps,0.4,0.8,1.0,-87.2,,,,52,,1790254358000,2026-09-24T18:22:38.000+05:30,45370.35360605073,1790250400645,Default Profile,false
2026-09-24T12:52:42.000Z,12.777565810829401,75.18107908777893,39.0,2.0,116.2,0.69,29,gps,0.4,0.8,1.0,-87.2,,,,52,,1790254362000,2026-09-24T18:22:42.000+05:30,45374.85540616124,1790250400645,Default Profile,false
2026-09-24T12:52:46.000Z,12.777537731453776,75.18112066201866,41.0,2.0,134.3,1.01,29,gps,0.4,0.8,1.0,-87.2,,,,52,,1790254366000,2026-09-24T18:22:46.000+05:30,45380.33938383836,1790250400645,Default Profile,false
2026-09-24T12:52:50.000Z,12.777513759210706,75.18115653656423,42.0,2.0,128.1,0.7,31,gps,0.4,0.8,1.0,-87.2,,,,52,,1790254370000,2026-09-24T18:22:50.000+05:30,45385.05528045561,1790250400645,Default Profile,false
2026-09-24T12:52:54.000Z,12.77748224325478,75.18116408027709,43.0,2.0,108.8,1.03,32,gps,0.4,0.8,1.0,-87.2,,,,52,,1790254374000,2026-09-24T18:22:54.000+05:30,45388.653908878696,1790250400645,Default Profile,false
2026-09-24T12:52:58.000Z,12.777469377033412,75.18118721432984,42.0,2.0,139.1,1.03,32,gps,0.4,0.8,1.0,-87.2,,,,52,,1790254378000,2026-09-24T18:22:58.000+05:30,45391.541866185005,1790250400645,Default Profile,false
2026-09-24T12:53:02.000Z,12.777467239648104,75.18122208304703,43.0,1.5,124.8,0.77,31,gps,0.4,0.8,1.0,-87.2,,,,52,,1790254382000,2026-09-24T18:23:02.000+05:30,45395.330538461705,1790250400645,Default Profile,false
2026-09-24T12:53:05.000Z,12.77746535371989,75.18125376664102,44.0,2.0,107.0,1.24,31,gps,0.4,0.8,1.0,-87.2,,,,52,,1790254385000,2026-09-24T18:23:05.000+05:30,45398.77274365808,1790250400645,Default Profile,false
2026-09-24T12:53:09.000Z,12.777453954331577,75.181296011433,45.0,2.0,119.8,1.35,31,gps,0.4,0.8,1.0,-87.2,,,,52,,1790254389000,2026-09-24T18:23:09.000+05:30,45403.52595373189,1790250400645,Default Profile,false
2026-09-24T12:53:13.000Z,12.777428138069808,75.18133364617825,44.0,2.0,135.3,0.94,31,gps,0.4,0.8,1.0,-87.2,,,,52,,1790254393000,2026-09-24T18:23:13.000+05:30,45408.51558772002,1790250400645,Default Profile,false
2026-09-24T12:53:16.000Z,12.777410326525569,75.18135292455554,43.0,2.0,123.7,0.9,31,gps,0.4,0.8,1.0,-87.2,,,,52,,1790254396000,2026-09-24T18:23:16.000+05:30,45411.39536011813,1790250400645,Default Profile,false
2026-09-24T12:53:20.000Z,12.777391131967306,75.18138988874853,43.0,2.0,121.4,0.91999996,32,gps,0.4,0.8,1.0,-87.2,,,,52,,1790254400000,2026-09-24T18:23:20.000+05:30,45415.93662090672,1790250400645,Default Profile,false
2026-09-24T12:53:24.000Z,12.777368207462132,75.1814225781709,43.0,2.0,137.0,0.85999995,30,gps,0.4,0.8,0.8,-87.2,,,,52,,1790254404000,2026-09-24T18:23:24.000+05:30,45420.30286299213,1790250400645,Default Profile,false
2026-09-24T12:53:28.000Z,12.777323867194355,75.18144026398659,42.0,2.0,138.7,0.97999996,32,gps,0.4,0.8,0.8,-87.2,,,,52,,1790254408000,2026-09-24T18:23:28.000+05:30,45425.59315723261,1790250400645,Default Profile,false
2026-09-24T12:53:32.000Z,12.777292476966977,75.18147764727473,41.0,1.5,121.3,1.1,31,gps,0.4,0.8,0.8,-87.2,,,,52,,1790254412000,2026-09-24T18:23:32.000+05:30,45430.942662451154,1790250400645,Default Profile,false
2026-09-24T12:53:36.000Z,12.777275713160634,75.18151578493416,40.0,2.0,118.7,0.97999996,30,gps,0.4,0.8,0.8,-87.2,,,,52,,1790254416000,2026-09-24T18:23:36.000+05:30,45435.479039154045,1790250400645,Default Profile,false
2026-09-24T12:53:40.000Z,12.777266157791018,75.18153917044401,41.0,2.0,107.5,0.38,29,gps,0.4,0.8,0.8,-87.2,,,,52,,1790254420000,2026-09-24T18:23:40.000+05:30,45438.22858595682,1790250400645,Default Profile,false
2026-09-24T12:53:44.000Z,12.777282209135592,75.18159063532948,40.0,2.0,100.3,0.39,32,gps,0.4,0.8,0.8,-87.2,,,,52,,1790254424000,2026-09-24T18:23:44.000+05:30,45444.08796648283,1790250400645,Default Profile,false
2026-09-24T12:53:47.000Z,12.77728728018701,75.18160932697356,40.0,2.0,93.1,0.29999998,32,gps,0.4,0.8,0.8,-87.2,,,,52,,1790254427000,2026-09-24T18:23:47.000+05:30,45446.19188546482,1790250400645,Default Profile,false
2026-09-24T12:53:51.000Z,12.777291932143271,75.18162843771279,37.0,2.0,93.1,0.17999999,32,gps,0.4,0.8,0.8,-87.2,,,,52,,1790254431000,2026-09-24T18:23:51.000+05:30,45448.32786206208,1790250400645,Default Profile,false
2026-09-24T12:53:55.000Z,12.777307815849781,75.18164369277656,38.0,1.5,93.1,0.17,30,gps,0.4,0.8,0.8,-87.2,,,,52,,1790254435000,2026-09-24T18:23:55.000+05:30,45450.74779245108,1790250400645,Default Profile,false
2026-09-24T12:53:59.000Z,12.777294823899865,75.18164771609008,40.0,1.5,93.1,0.31,31,gps,0.4,0.8,0.8,-87.2,,,,52,,1790254439000,2026-09-24T18:23:59.000+05:30,45452.25687624011,1790250400645,Default Profile,false
2026-09-24T12:54:03.000Z,12.777309115044773,75.1816160324961,42.0,1.5,269.8,1.78,32,gps,0.4,0.6,0.8,-87.2,,,,52,,1790254443000,2026-09-24T18:24:03.000+05:30,45456.04238324054,1790250400645,Default Profile,false
2026-09-24T12:54:06.000Z,12.77733027935028,75.18150379881263,45.0,1.5,298.4,4.37,29,gps,0.4,0.8,0.8,-87.2,,,,52,,1790254446000,2026-09-24T18:24:06.000+05:30,45468.43859886752,1790250400645,Default Profile,false
2026-09-24T12:54:10.000Z,12.777417073957622,75.18135342746973,48.0,1.0,316.6,3.81,32,gps,0.4,0.8,0.8,-87.2,,,,52,,1790254450000,2026-09-24T18:24:10.000+05:30,45487.38708902618,1790250400645,Default Profile,false
2026-09-24T12:54:14.000Z,12.777477423660457,75.18130171112716,49.0,1.5,332.5,1.12,30,gps,0.4,0.8,0.8,-87.2,,,,52,,1790254454000,2026-09-24T18:24:14.000+05:30,45496.13258439066,1790250400645,Default Profile,false
2026-09-24T12:54:18.000Z,12.777545903809369,75.18126642331481,47.0,1.5,330.6,1.4599999,31,gps,0.4,0.6,0.8,-87.2,,,,52,,1790254458000,2026-09-24T18:24:18.000+05:30,45504.654680636166,1790250400645,Default Profile,false
2026-09-24T12:54:22.000Z,12.77763269841671,75.18123113550246,47.0,1.5,352.8,2.47,32,gps,0.4,0.8,0.8,-87.2,,,,52,,1790254462000,2026-09-24T18:24:22.000+05:30,45515.03675230201,1790250400645,Default Profile,false
2026-09-24T12:54:26.000Z,12.777808089740574,75.18125368282199,45.0,1.5,8.2,5.27,31,gps,0.4,0.8,0.8,-87.1,,,,52,,1790254466000,2026-09-24T18:24:26.000+05:30,45534.69204958307,1790250400645,Default Profile,false
2026-09-24T12:54:29.000Z,12.777963783591986,75.18129886128008,43.0,1.0,14.2,5.39,30,gps,0.4,0.8,0.8,-87.2,,,,52,,1790254469000,2026-09-24T18:24:29.000+05:30,45552.68427663151,1790250400645,Default Profile,false
2026-09-24T12:54:33.000Z,12.778132343664765,75.1813581213355,41.0,1.5,16.3,5.1099997,31,gps,0.4,0.8,0.8,-87.1,,,,52,,1790254473000,2026-09-24T18:24:33.000+05:30,45572.49834618761,1790250400645,Default Profile,false
2026-09-24T12:54:36.000Z,12.778260209597647,75.18141067586839,39.0,1.0,20.0,3.6699998,31,gps,0.4,0.8,0.8,-87.2,,,,52,,1790254476000,2026-09-24T18:24:36.000+05:30,45587.81605223753,1790250400645,Default Profile,false
2026-09-24T12:54:40.000Z,12.778336317278445,75.18143909052014,38.0,1.5,19.5,1.8199999,28,gps,0.4,0.8,1.0,-87.2,,,,52,,1790254480000,2026-09-24T18:24:40.000+05:30,45596.82234276211,1790250400645,Default Profile,false
2026-09-24T12:54:44.000Z,12.778419717215002,75.18146314658225,38.0,1.5,19.6,3.1499999,30,gps,0.4,0.8,0.8,-87.2,,,,52,,1790254484000,2026-09-24T18:24:44.000+05:30,45606.455914255814,1790250400645,Default Profile,false
2026-09-24T12:54:48.000Z,12.778620631434023,75.18155853264034,37.0,1.5,28.1,9.429999,30,gps,0.4,0.8,0.8,-87.2,,,,52,,1790254488000,2026-09-24T18:24:48.000+05:30,45631.07496013179,1790250400645,Default Profile,false
2026-09-24T12:54:52.000Z,12.778953267261386,75.18174201250076,37.0,2.0,43.3,10.21,28,gps,0.4,0.8,1.0,-87.2,,,,52,,1790254492000,2026-09-24T18:24:52.000+05:30,45673.074335964666,1790250400645,Default Profile,false
2026-09-24T12:54:55.000Z,12.779149236157537,75.18196388147771,38.0,2.0,47.5,11.04,24,gps,0.4,1.0,1.2,-87.2,,,,52,,1790254495000,2026-09-24T18:24:55.000+05:30,45705.535110722034,1790250400645,Default Profile,false
2026-09-24T12:54:59.000Z,12.779403417371213,75.18230276182294,40.0,2.0,52.2,11.84,28,gps,0.4,0.8,0.8,-87.2,,,,52,,1790254499000,2026-09-24T18:24:59.000+05:30,45751.895413607075,1790250400645,Default Profile,false
2026-09-24T12:55:03.000Z,12.77967247646302,75.18270576372743,37.0,2.0,56.0,12.41,29,gps,0.4,0.8,1.0,-87.2,,,,52,,1790254503000,2026-09-24T18:25:03.000+05:30,45804.85696967089,1790250400645,Default Profile,false
2026-09-24T12:55:07.000Z,12.779808011837304,75.18294347450137,39.0,1.5,65.3,8.21,30,gps,0.4,0.8,0.8,-87.2,,,,52,,1790254507000,2026-09-24T18:25:07.000+05:30,45834.71675822628,1790250400645,Default Profile,false
2026-09-24T12:55:10.000Z,12.779851723462343,75.1831541955471,40.0,1.5,88.9,9.71,30,gps,0.4,0.8,0.8,-87.2,,,,52,,1790254510000,2026-09-24T18:25:10.000+05:30,45858.07863281707,1790250400645,Default Profile,false
2026-09-24T12:55:14.000Z,12.779895393177867,75.18360019661486,40.0,1.5,84.6,13.88,29,gps,0.4,0.8,0.8,-87.1,,,,52,,1790254514000,2026-09-24T18:25:14.000+05:30,45906.68628117772,1790250400645,Default Profile,false
2026-09-24T12:55:18.000Z,12.779952683486044,75.1840852573514,41.0,1.5,86.1,10.849999,31,gps,0.4,0.8,0.8,-87.2,,,,52,,1790254518000,2026-09-24T18:25:18.000+05:30,45959.67076049494,1790250400645,Default Profile,false
2026-09-24T12:55:22.000Z,12.779928417876363,75.18444618210196,43.0,1.5,103.5,9.0,30,gps,0.4,0.8,0.8,-87.2,,,,52,,1790254522000,2026-09-24T18:25:22.000+05:30,45998.90243781259,1790250400645,Default Profile,false
2026-09-24T12:55:26.000Z,12.779786135070026,75.18472186289728,46.0,1.0,129.6,9.65,31,gps,0.4,0.8,0.8,-87.2,,,,52,,1790254526000,2026-09-24T18:25:26.000+05:30,46032.725711050574,1790250400645,Default Profile,false
2026-09-24T12:55:30.000Z,12.779503329657018,75.18489209935069,47.0,1.5,167.4,10.219999,30,gps,0.4,0.8,1.0,-87.2,,,,52,,1790254530000,2026-09-24T18:25:30.000+05:30,46069.19041322489,1790250400645,Default Profile,false
2026-09-24T12:55:34.000Z,12.779152798466384,75.18500257283449,47.0,1.5,165.9,8.58,31,gps,0.4,0.8,1.0,-87.2,,,,52,,1790254534000,2026-09-24T18:25:34.000+05:30,46109.9671817702,1790250400645,Default Profile,false
2026-09-24T12:55:38.000Z,12.778924978338182,75.18508982844651,45.0,1.5,157.9,4.65,29,gps,0.4,0.8,1.0,-87.2,,,,52,,1790254538000,2026-09-24T18:25:38.000+05:30,46137.00905960876,1790250400645,Default Profile,false
2026-09-24T12:55:42.000Z,12.778789275325835,75.18518228083849,43.0,1.5,137.4,3.6699998,30,gps,0.4,1.0,1.0,-87.2,,,,52,,1790254542000,2026-09-24T18:25:42.000+05:30,46155.12549917035,1790250400645,Default Profile,false
2026-09-24T12:55:46.000Z,12.77870210353285,75.18534153699875,42.0,1.5,113.0,4.87,31,gps,0.4,0.8,1.0,-87.2,,,,52,,1790254546000,2026-09-24T18:25:46.000+05:30,46174.92963111009,1790250400645,Default Profile,false
2026-09-24T12:55:50.000Z,12.778648543171585,75.18551093526185,41.0,1.5,113.2,6.5499997,30,gps,0.4,1.0,1.0,-87.2,,,,52,,1790254550000,2026-09-24T18:25:50.000+05:30,46194.24063965869,1790250400645,Default Profile,false
2026-09-24T12:55:53.000Z,12.77855671942234,75.18572693690658,38.0,2.5,102.1,10.98,31,gps,0.4,0.8,1.0,-87.1,,,,52,,1790254553000,2026-09-24T18:25:53.000+05:30,46219.79267942126,1790250400645,Default Profile,false
2026-09-24T12:55:57.000Z,12.778512295335531,75.18597152084112,36.0,2.0,112.8,4.3399997,31,gps,0.4,0.8,1.0,-87.2,,,,52,,1790254557000,2026-09-24T18:25:57.000+05:30,46246.77165397478,1790250400645,Default Profile,false
2026-09-24T12:56:01.000Z,12.778426129370928,75.18616346642375,32.0,3.0,108.0,8.11,29,gps,0.4,0.8,1.0,-87.2,,,,52,,1790254561000,2026-09-24T18:26:01.000+05:30,46269.68570459271,1790250400645,Default Profile,false
2026-09-24T12:56:05.000Z,12.778429063037038,75.18654559738934,30.0,2.5,80.1,13.15,31,gps,0.4,0.8,0.8,-87.2,,,,52,,1790254565000,2026-09-24T18:26:05.000+05:30,46311.1256252899,1790250400645,Default Profile,false
2026-09-24T12:56:09.000Z,12.778509948402643,75.18701582215726,30.0,1.5,81.1,11.46,29,gps,0.4,0.8,1.0,-87.2,,,,52,,1790254569000,2026-09-24T18:26:09.000+05:30,46362.904349419405,1790250400645,Default Profile,false
2026-09-24T12:56:13.000Z,12.778500518761575,75.1873734779656,31.0,1.5,104.6,10.69,30,gps,0.4,0.8,1.0,-87.2,,,,52,,1790254573000,2026-09-24T18:26:13.000+05:30,46401.70303620521,1790250400645,Default Profile,false
2026-09-24T12:56:16.000Z,12.778452155180275,75.18772535026073,30.0,1.5,98.3,13.59,31,gps,0.4,0.8,1.0,-87.2,,,,52,,1790254576000,2026-09-24T18:26:16.000+05:30,46440.237488454964,1790250400645,Default Profile,false
2026-09-24T12:56:19.000Z,12.778326258994639,75.1881018653512,31.0,1.5,111.8,15.7,31,gps,0.4,0.8,1.0,-87.2,,,,52,,1790254579000,2026-09-24T18:26:19.000+05:30,46483.40035423295,1790250400645,Default Profile,false
2026-09-24T12:56:23.000Z,12.778149987570941,75.18856253474951,29.0,1.5,114.4,10.29,30,gps,0.4,0.8,1.0,-87.2,,,,52,,1790254583000,2026-09-24T18:26:23.000+05:30,46537.063438317855,1790250400645,Default Profile,false
2026-09-24T12:56:26.000Z,12.778032347559929,75.18886294215918,29.0,1.5,110.8,12.11,30,gps,0.4,0.8,1.0,-87.1,,,,52,,1790254586000,2026-09-24T18:26:26.000+05:30,46572.1681432825,1790250400645,Default Profile,false
2026-09-24T12:56:30.000Z,12.777861105278134,75.18929276615381,30.0,1.0,113.2,13.28,31,gps,0.4,0.8,0.8,-87.2,,,,52,,1790254590000,2026-09-24T18:26:30.000+05:30,46622.51810135666,1790250400645,Default Profile,false
2026-09-24T12:56:33.000Z,12.777714631520212,75.18963919021189,31.0,1.5,110.9,13.549999,32,gps,0.4,0.8,0.8,-87.2,,,,52,,1790254593000,2026-09-24T18:26:33.000+05:30,46663.463472953,1790250400645,Default Profile,false
2026-09-24T12:56:37.000Z,12.777575240470469,75.190012101084,31.0,1.5,111.6,8.59,32,gps,0.4,0.8,0.8,-87.2,,,,52,,1790254597000,2026-09-24T18:26:37.000+05:30,46706.77102059312,1790250400645,Default Profile,false
2026-09-24T12:56:41.000Z,12.777532786130905,75.19034243188798,32.0,1.5,86.3,10.7,32,gps,0.4,0.8,0.8,-87.2,,,,52,,1790254601000,2026-09-24T18:26:41.000+05:30,46742.90224188926,1790250400645,Default Profile,false
2026-09-24T12:56:44.000Z,12.777594602666795,75.19066412933171,33.0,1.5,74.7,11.98,31,gps,0.4,0.8,0.8,-87.2,,,,51,,1790254604000,2026-09-24T18:26:44.000+05:30,46778.45826701917,1790250400645,Default Profile,false
2026-09-24T12:56:48.000Z,12.77771919965744,75.19107501022518,36.0,1.5,72.4,12.34,30,gps,0.4,0.8,1.0,-87.2,,,,51,,1790254608000,2026-09-24T18:26:48.000+05:30,46825.119012066556,1790250400645,Default Profile,false
2026-09-24T12:56:51.000Z,12.777832732535899,75.19140307791531,38.0,2.0,71.0,12.48,30,gps,0.4,,,-87.1,,,,51,,1790254611000,2026-09-24T18:26:51.000+05:30,46862.868558543174,1790250400645,Default Profile,false
2026-09-24T12:56:55.000Z,12.777973422780633,75.19181286916137,39.0,4.0,71.5,10.349999,28,gps,0.4,0.8,1.0,-87.2,,,,51,,1790254615000,2026-09-24T18:26:55.000+05:30,46909.98005191223,1790250400645,Default Profile,false
2026-09-24T12:56:59.000Z,12.778104390017688,75.19200280308723,36.0,3.0,44.0,1.9599999,31,gps,0.4,0.8,1.0,-87.2,,,,51,,1790254619000,2026-09-24T18:26:59.000+05:30,46935.20503029818,1790250400645,Default Profile,false
2026-09-24T12:57:03.000Z,12.778235273435712,75.1921287830919,36.0,2.0,48.0,7.49,29,gps,0.4,1.0,1.0,-87.2,,,,51,,1790254623000,2026-09-24T18:27:03.000+05:30,46955.1660017577,1790250400645,Default Profile,false
2026-09-24T12:57:07.000Z,12.778356140479445,75.1923121791333,35.0,2.5,55.0,7.91,32,gps,0.4,0.8,1.0,-87.2,,,,51,,1790254627000,2026-09-24T18:27:07.000+05:30,46979.169059872496,1790250400645,Default Profile,false
2026-09-24T12:57:11.000Z,12.778571220114827,75.192607389763,34.0,2.0,65.8,10.58,32,gps,0.4,0.8,1.0,-87.2,,,,51,,1790254631000,2026-09-24T18:27:11.000+05:30,47019.128917265094,1790250400645,Default Profile,false
2026-09-24T12:57:14.000Z,12.77863291092217,75.19293922930956,32.0,2.0,96.2,13.9,29,gps,0.4,1.0,1.0,-87.2,,,,51,,1790254634000,2026-09-24T18:27:14.000+05:30,47055.76186914408,1790250400645,Default Profile,false
2026-09-24T12:57:17.000Z,12.778553911484778,75.19335840828717,33.0,1.5,102.5,15.219999,31,gps,0.4,0.8,1.0,-87.2,,,,51,,1790254637000,2026-09-24T18:27:17.000+05:30,47102.058997767985,1790250400645,Default Profile,false
2026-09-24T12:57:21.000Z,12.778436439111829,75.1939282938838,35.0,1.5,104.8,16.029999,31,gps,0.4,0.8,1.0,-87.2,,,,51,,1790254641000,2026-09-24T18:27:21.000+05:30,47165.22330247816,1790250400645,Default Profile,false
2026-09-24T12:57:25.000Z,12.778305220417678,75.19446121528745,36.0,1.5,102.6,11.25,32,gps,0.4,0.8,1.0,-87.2,,,,51,,1790254645000,2026-09-24T18:27:25.000+05:30,47224.82729097216,1790250400645,Default Profile,false
2026-09-24T12:57:28.000Z,12.778233890421689,75.19478023052216,34.0,2.0,101.3,11.469999,32,gps,0.4,0.8,1.0,-87.2,,,,51,,1790254648000,2026-09-24T18:27:28.000+05:30,47260.3192180698,1790250400645,Default Profile,false
2026-09-24T12:57:31.000Z,12.778192316181958,75.19504635594785,34.0,1.5,95.8,6.77,30,gps,0.4,0.8,1.0,-87.2,,,,51,,1790254651000,2026-09-24T18:27:31.000+05:30,47289.546047157426,1790250400645,Default Profile,false
2026-09-24T12:57:35.000Z,12.778204008936882,75.19518675282598,34.0,2.0,35.5,3.31,32,gps,0.4,0.8,1.0,-87.2,,,,51,,1790254655000,2026-09-24T18:27:35.000+05:30,47304.8262445272,1790250400645,Default Profile,false
2026-09-24T12:57:38.000Z,12.778332000598311,75.19515154883265,33.0,2.0,350.5,6.06,30,gps,0.4,0.8,1.0,-87.2,,,,51,,1790254658000,2026-09-24T18:27:38.000+05:30,47319.561380258565,1790250400645,Default Profile,false
2026-09-24T12:57:42.000Z,12.778622726909816,75.19497402012348,33.0,2.0,331.7,9.9,31,gps,0.4,1.0,1.0,-87.2,,,,51,,1790254662000,2026-09-24T18:27:42.000+05:30,47357.186759290926,1790250400645,Default Profile,false
2026-09-24T12:57:46.000Z,12.778891869820654,75.19482272677124,30.0,2.0,329.3,8.42,30,gps,0.4,1.0,1.0,-87.2,,,,51,,1790254666000,2026-09-24T18:27:46.000+05:30,47391.31612843261,1790250400645,Default Profile,false
2026-09-24T12:57:50.000Z,12.779192654415965,75.19468367099762,29.0,2.0,339.8,8.4,30,gps,0.4,0.8,0.8,-87.2,,,,51,,1790254670000,2026-09-24T18:27:50.000+05:30,47428.00402232501,1790250400645,Default Profile,false
2026-09-24T12:57:54.000Z,12.779450775124133,75.19458903931081,28.0,2.0,332.4,6.7,30,gps,0.4,0.8,1.0,-87.2,,,,51,,1790254674000,2026-09-24T18:27:54.000+05:30,47458.48508484405,1790250400645,Default Profile,false
2026-09-24T12:57:58.000Z,12.779633961617947,75.19445199519396,27.0,2.0,326.0,5.49,32,gps,0.4,0.8,0.8,-87.1,,,,51,,1790254678000,2026-09-24T18:27:58.000+05:30,47483.699482908436,1790250400645,Default Profile,false
2026-09-24T12:58:02.000Z,12.779832822270691,75.1943136099726,27.0,2.5,332.1,6.7799997,30,gps,0.4,0.8,1.0,-87.1,,,,51,,1790254682000,2026-09-24T18:28:02.000+05:30,47510.42306788004,1790250400645,Default Profile,false
2026-09-24T12:58:06.000Z,12.780134486965835,75.19420078955591,25.0,2.5,354.6,9.599999,31,gps,0.4,0.8,0.8,-87.2,,,,51,,1790254686000,2026-09-24T18:28:06.000+05:30,47546.12810251312,1790250400645,Default Profile,false
2026-09-24T12:58:09.000Z,12.780449814163148,75.19416072405875,24.0,2.0,338.8,12.679999,30,gps,0.4,1.0,1.0,-87.2,,,,51,,1790254689000,2026-09-24T18:28:09.000+05:30,47581.45904287191,1790250400645,Default Profile,false
2026-09-24T12:58:13.000Z,12.780895186588168,75.19385419785976,20.0,2.5,324.9,13.24,31,gps,0.4,0.8,1.0,-87.2,,,,51,,1790254693000,2026-09-24T18:28:13.000+05:30,47641.10315241035,1790250400645,Default Profile,false
2026-09-24T12:58:17.000Z,12.781203556805849,75.1936605758965,18.0,2.5,345.0,6.5,31,gps,0.4,0.8,1.0,-87.2,,,,51,,1790254697000,2026-09-24T18:28:17.000+05:30,47681.31005808478,1790250400645,Default Profile,false
2026-09-24T12:58:21.000Z,12.781349695287645,75.1937089394778,18.0,2.0,59.2,4.8599997,32,gps,0.4,0.8,1.0,-87.2,,,,51,,1790254701000,2026-09-24T18:28:21.000+05:30,47698.38527400143,1790250400645,Default Profile,false
2026-09-24T12:58:25.000Z,12.781404345296323,75.19379099830985,19.0,2.0,34.1,1.52,32,gps,0.4,0.8,1.0,-87.1,,,,51,,1790254705000,2026-09-24T18:28:25.000+05:30,47709.16069214224,1790250400645,Default Profile,false
2026-09-24T12:58:29.000Z,12.781592141836882,75.1938091032207,20.0,2.0,359.5,7.72,30,gps,0.4,0.8,1.0,-87.2,,,,51,,1790254709000,2026-09-24T18:28:29.000+05:30,47730.134804076115,1790250400645,Default Profile,false
2026-09-24T12:58:32.000Z,12.781809149309993,75.19382880069315,23.0,2.0,11.7,5.25,32,gps,0.4,0.8,1.0,-87.2,,,,51,,1790254712000,2026-09-24T18:28:32.000+05:30,47754.35928768904,1790250400645,Default Profile,false
2026-09-24T12:58:36.000Z,12.781996275298297,75.1938577182591,22.0,2.0,351.2,4.2599998,30,gps,0.4,0.8,1.0,-87.2,,,,51,,1790254716000,2026-09-24T18:28:36.000+05:30,47775.40171351128,1790250400645,Default Profile,false
2026-09-24T12:58:39.000Z,12.782112574204803,75.19382159225643,21.0,2.0,336.4,4.4,31,gps,0.4,0.8,1.0,-87.2,,,,51,,1790254719000,2026-09-24T18:28:39.000+05:30,47788.913906525326,1790250400645,Default Profile,false
2026-09-24T12:58:43.000Z,12.78225879650563,75.19373517483473,19.0,2.0,332.1,4.0699997,32,gps,0.4,0.8,1.0,-87.2,,,,51,,1790254723000,2026-09-24T18:28:43.000+05:30,47807.68029598532,1790250400645,Default Profile,false
2026-09-24T12:58:47.000Z,12.782407281920314,75.19365462474525,17.0,2.0,332.3,4.33,32,gps,0.4,0.8,1.0,-87.2,,,,51,,1790254727000,2026-09-24T18:28:47.000+05:30,47826.35926589623,1790250400645,Default Profile,false
2026-09-24T12:58:51.000Z,12.782546170055866,75.19360089674592,15.0,2.0,336.2,1.78,32,gps,0.4,0.8,1.0,-87.2,,,,51,,1790254731000,2026-09-24T18:28:51.000+05:30,47842.86536659022,1790250400645,Default Profile,false
2026-09-24T12:58:55.000Z,12.782536279410124,75.1936005614698,15.0,2.0,335.6,0.01,29,gps,0.4,1.0,1.0,-87.2,,,,51,,1790254735000,2026-09-24T18:28:55.000+05:30,47843.96575700338,1790250400645,Default Profile,false
2026-09-24T12:58:59.000Z,12.782534854486585,75.19357885234058,16.0,2.5,335.6,0.83,30,gps,0.4,0.8,1.0,-87.2,,,,51,,1790254739000,2026-09-24T18:28:59.000+05:30,47846.325202875705,1790250400645,Default Profile,false
2026-09-24T12:59:02.000Z,12.782521275803447,75.19359569996595,17.0,2.0,335.6,0.69,31,gps,0.4,0.8,1.0,-87.2,,,,51,,1790254742000,2026-09-24T18:29:02.000+05:30,47848.69532069634,1790250400645,Default Profile,false
2026-09-24T12:59:06.000Z,12.78248523361981,75.19360567443073,19.0,2.0,239.5,0.35999998,28,gps,0.4,1.0,1.2,-87.2,,,,51,,1790254746000,2026-09-24T18:29:06.000+05:30,47852.84642066541,1790250400645,Default Profile,false
2026-09-24T12:59:10.000Z,12.782458746805787,75.19360609352589,19.0,2.5,216.2,0.45,29,gps,0.4,0.8,1.0,-87.2,,,,51,,1790254750000,2026-09-24T18:29:10.000+05:30,47855.79197062006,1790250400645,Default Profile,false
2026-09-24T12:59:14.000Z,12.78243959415704,75.19359754398465,19.0,2.5,164.7,0.19,29,gps,0.4,1.0,1.0,-87.2,,,,51,,1790254754000,2026-09-24T18:29:14.000+05:30,47858.11469535362,1790250400645,Default Profile,false
2026-09-24T12:59:18.000Z,12.782428236678243,75.19359041936696,19.0,2.5,164.7,0.42999998,31,gps,0.4,0.8,0.8,-87.2,,,,51,,1790254758000,2026-09-24T18:29:18.000+05:30,47859.59516601536,1790250400645,Default Profile,false
2026-09-24T12:59:22.000Z,12.782464949414134,75.19360760226846,18.0,2.5,34.2,0.84,30,gps,0.4,0.8,1.0,-87.2,,,,51,,1790254762000,2026-09-24T18:29:22.000+05:30,47864.0825723464,1790250400645,Default Profile,false
2026-09-24T12:59:25.000Z,12.78249483089894,75.19360668025911,18.0,2.5,357.7,0.96999997,30,gps,0.4,0.8,1.0,-87.2,,,,51,,1790254765000,2026-09-24T18:29:25.000+05:30,47867.40674578794,1790250400645,Default Profile,false
2026-09-24T12:59:29.000Z,12.782520814798772,75.19359259866178,20.0,2.5,259.7,0.57,31,gps,0.4,0.8,0.8,-87.2,,,,51,,1790254769000,2026-09-24T18:29:29.000+05:30,47870.67471850965,1790250400645,Default Profile,false
2026-09-24T12:59:33.000Z,12.78253703378141,75.1935915928334,20.0,3.0,198.4,0.32999998,29,gps,0.4,0.8,1.0,-87.2,,,,51,,1790254773000,2026-09-24T18:29:33.000+05:30,47872.48148231838,1790250400645,Default Profile,false
2026-09-24T12:59:36.000Z,12.782528609968722,75.19359813071787,20.0,3.0,198.4,0.24,30,gps,0.4,0.8,1.0,-87.2,,,,51,,1790254776000,2026-09-24T18:29:36.000+05:30,47873.656219478245,1790250400645,Default Profile,false
2026-09-24T12:59:40.000Z,12.78253095690161,75.19358958117664,20.0,3.5,219.4,0.29999998,25,gps,0.4,0.8,1.0,-87.2,,,,51,,1790254780000,2026-09-24T18:29:40.000+05:30,47874.61935379873,1790250400645,Default Profile,false
2026-09-24T12:59:44.000Z,12.782530579715967,75.19358463585377,20.0,4.0,219.4,0.75,26,gps,0.4,0.8,1.0,-87.2,,,,51,,1790254784000,2026-09-24T18:29:44.000+05:30,47875.1572580877,1790250400645,Default Profile,false
2026-09-24T12:59:48.000Z,12.782517839223146,75.19360726699233,21.0,5.5,219.4,1.05,18,gps,0.6,1.0,1.2,-87.2,,,,51,,1790254788000,2026-09-24T18:29:48.000+05:30,47877.99091174491,1790250400645,Default Profile,false
2026-09-24T12:59:52.000Z,12.782517084851861,75.19359301775694,20.0,6.5,219.4,0.21,27,gps,0.4,1.0,1.0,-87.2,,,,51,,1790254792000,2026-09-24T18:29:52.000+05:30,47879.53836220751,1790250400645,Default Profile,false
2026-09-24T12:59:55.000Z,12.782530495896935,75.19359276629984,19.0,6.5,219.4,0.82,26,gps,0.4,0.8,1.0,-87.2,,,,51,,1790254795000,2026-09-24T18:29:55.000+05:30,47881.029851660125,1790250400645,Default Profile,false
2026-09-24T12:59:59.000Z,12.782539506442845,75.1936103682965,18.0,6.0,219.4,0.25,22,gps,0.4,1.0,1.0,-87.2,,,,51,,1790254799000,2026-09-24T18:29:59.000+05:30,47883.1855808441,1790250400645,Default Profile,false
2026-09-24T13:00:03.000Z,12.782541266642511,75.1936122123152,18.0,6.0,,0.0,23,gps,0.4,1.0,1.0,-87.2,,,,51,,1790254803000,2026-09-24T18:30:03.000+05:30,47883.46539135366,1790250400645,Default Profile,false
2026-09-24T13:00:07.000Z,12.782541811466217,75.19361187703907,18.0,6.0,,0.0,23,gps,0.4,1.0,1.0,-87.2,,,,51,,1790254807000,2026-09-24T18:30:07.000+05:30,47883.536045229164,1790250400645,Default Profile,false
2026-09-24T13:00:11.000Z,12.782539799809456,75.19360735081136,18.0,5.5,219.4,0.38,21,gps,0.4,1.0,1.0,-87.2,,,,51,,1790254811000,2026-09-24T18:30:11.000+05:30,47884.07543381603,1790250400645,Default Profile,false
2026-09-24T13:00:14.000Z,12.78254118282348,75.19358186982572,17.0,7.5,219.4,0.48,22,gps,0.4,1.0,1.2,-87.2,,,,51,,1790254814000,2026-09-24T18:30:14.000+05:30,47886.842846735606,1790250400645,Default Profile,false
2026-09-24T13:00:18.000Z,12.782560922205448,75.1935503538698,15.0,8.5,336.2,1.89,17,gps,0.6,1.2,1.4,-87.2,,,,51,,1790254818000,2026-09-24T18:30:18.000+05:30,47890.90454734728,1790250400645,Default Profile,false
2026-09-24T13:00:22.000Z,12.782631958834827,75.19344784319401,14.0,9.0,314.4,2.72,16,gps,0.6,1.2,1.4,-87.2,,,,51,,1790254822000,2026-09-24T18:30:22.000+05:30,47904.541337492155,1790250400645,Default Profile,false
2026-09-24T13:00:25.000Z,12.78264285530895,75.19344013184309,13.0,10.0,306.6,0.57,19,gps,0.6,1.4,1.6,-87.2,,,,51,,1790254825000,2026-09-24T18:30:25.000+05:30,47906.013514234495,1790250400645,Default Profile,false
2026-09-24T13:00:29.000Z,12.7826609602198,75.19347307272255,13.0,10.0,38.1,1.37,16,gps,0.8,1.2,1.6,-87.2,,,,51,,1790254829000,2026-09-24T18:30:29.000+05:30,47910.113834308366,1790250400645,Default Profile,false
2026-09-24T13:00:33.000Z,12.782647339627147,75.19351422786713,12.0,9.5,70.3,1.28,18,gps,0.6,1.0,1.2,-87.2,,,,51,,1790254833000,2026-09-24T18:30:33.000+05:30,47914.82665324971,1790250400645,Default Profile,false
2026-09-24T13:00:37.000Z,12.782651949673891,75.19351623952389,12.0,10.0,54.0,1.09,14,gps,0.6,1.4,1.4,-87.2,,,,51,,1790254837000,2026-09-24T18:30:37.000+05:30,47915.383751959474,1790250400645,Default Profile,false
2026-09-24T13:00:41.000Z,12.782676676288247,75.19347357563674,12.0,10.5,350.2,1.25,13,gps,1.0,1.8,2.2,-87.2,,,,51,,1790254841000,2026-09-24T18:30:41.000+05:30,47920.76552663215,1790250400645,Default Profile,false
2026-09-24T13:00:44.000Z,12.782649351283908,75.19346510991454,12.0,9.0,339.8,0.099999994,16,gps,0.6,1.2,1.4,-87.1,,,,51,,1790254844000,2026-09-24T18:30:44.000+05:30,47923.9395836676,1790250400645,Default Profile,false
2026-09-24T13:00:48.000Z,12.782644615508616,75.19345974549651,12.0,9.5,,0.0,17,gps,0.6,1.2,1.2,-87.2,,,,51,,1790254848000,2026-09-24T18:30:48.000+05:30,47924.724243572375,1790250400645,Default Profile,false
2026-09-24T13:00:52.000Z,12.782644028775394,75.19345966167748,12.0,10.0,,0.0,16,gps,0.8,1.4,1.6,-87.2,,,,51,,1790254852000,2026-09-24T18:30:52.000+05:30,47924.7901154299,1790250400645,Default Profile,false
2026-09-24T13:00:56.000Z,12.782643274404109,75.19345949403942,12.0,10.0,,0.0,17,gps,0.6,1.0,1.2,-87.1,,,,51,,1790254856000,2026-09-24T18:30:56.000+05:30,47924.87594486675,1790250400645,Default Profile,false
2026-09-24T13:01:00.000Z,12.782643022947013,75.19345974549651,12.0,10.0,,0.0,17,gps,0.6,1.0,1.2,-87.2,,,,51,,1790254860000,2026-09-24T18:31:00.000+05:30,47924.915000415196,1790250400645,Default Profile,false
2026-09-24T13:01:03.000Z,12.782618547789752,75.19345790147781,12.0,9.0,339.8,0.63,19,gps,0.6,0.8,1.0,-87.2,,,,51,,1790254863000,2026-09-24T18:31:03.000+05:30,47927.64385003375,1790250400645,Default Profile,false
2026-09-24T13:01:07.000Z,12.782619930803776,75.19345630891621,12.0,9.5,339.8,0.02,20,gps,0.4,0.8,1.0,-87.2,,,,51,,1790254867000,2026-09-24T18:31:07.000+05:30,47927.8750933442,1790250400645,Default Profile,false
2026-09-24T13:01:10.000Z,12.782619805075228,75.19345588982105,12.0,9.5,339.8,0.01,19,gps,0.6,0.8,1.0,-87.2,,,,51,,1790254870000,2026-09-24T18:31:10.000+05:30,47927.922641408026,1790250400645,Default Profile,false
2026-09-24T13:01:14.000Z,12.782619218342006,75.19345563836396,12.0,9.5,,0.0,18,gps,0.6,0.8,1.0,-87.1,,,,51,,1790254874000,2026-09-24T18:31:14.000+05:30,47927.99335222201,1790250400645,Default Profile,false
2026-09-24T13:01:18.000Z,12.782619050703943,75.1934554707259,12.0,9.0,,0.0,18,gps,0.6,1.0,1.2,-87.2,,,,51,,1790254878000,2026-09-24T18:31:18.000+05:30,47928.01938925552,1790250400645,Default Profile,false
2026-09-24T13:01:22.000Z,12.782618631608784,75.19345488399267,12.0,9.0,,0.0,21,gps,0.4,1.0,1.2,-87.2,,,,51,,1790254882000,2026-09-24T18:31:22.000+05:30,47928.098254946584,1790250400645,Default Profile,false
2026-09-24T13:01:26.000Z,12.782618044875562,75.19345438107848,12.0,9.5,,0.0,19,gps,0.6,1.0,1.2,-87.2,,,,51,,1790254886000,2026-09-24T18:31:26.000+05:30,47928.18328797597,1790250400645,Default Profile,false
2026-09-24T13:01:30.000Z,12.782617290504277,75.19345396198332,12.0,9.5,,0.0,20,gps,0.4,0.8,1.0,-87.2,,,,50,,1790254890000,2026-09-24T18:31:30.000+05:30,47928.27869028715,1790250400645,Default Profile,false
2026-09-24T13:01:34.000Z,12.782616997137666,75.19345387816429,12.0,9.0,,0.0,20,gps,0.4,1.0,1.2,-87.2,,,,50,,1790254894000,2026-09-24T18:31:34.000+05:30,47928.312553784206,1790250400645,Default Profile,false
2026-09-24T13:01:38.000Z,12.782616829499602,75.19345412962139,12.0,9.0,,0.0,19,gps,0.6,1.2,1.4,-87.2,,,,50,,1790254898000,2026-09-24T18:31:38.000+05:30,47928.345584082694,1790250400645,Default Profile,false
2026-09-24T13:01:41.000Z,12.782616368494928,75.19345404580235,12.0,9.0,,0.0,21,gps,0.4,1.0,1.2,-87.2,,,,50,,1790254901000,2026-09-24T18:31:41.000+05:30,47928.39764504578,1790250400645,Default Profile,false
2026-09-24T13:01:45.000Z,12.782615697942674,75.19345404580235,12.0,8.5,,0.0,21,gps,0.4,1.0,1.2,-87.2,,,,50,,1790254905000,2026-09-24T18:31:45.000+05:30,47928.472207054445,1790250400645,Default Profile,false
2026-09-24T13:01:49.000Z,12.782615153118968,75.19345429725945,12.0,8.5,,0.0,23,gps,0.4,0.8,1.0,-87.2,,,,50,,1790254909000,2026-09-24T18:31:49.000+05:30,47928.5386424851,1790250400645,Default Profile,false
2026-09-24T13:01:53.000Z,12.78261452447623,75.19345438107848,12.0,8.5,,0.0,24,gps,0.4,0.8,1.0,-87.2,,,,50,,1790254913000,2026-09-24T18:31:53.000+05:30,47928.60913282462,1790250400645,Default Profile,false
2026-09-24T13:01:57.000Z,12.782614817842841,75.19345371052623,12.0,8.5,,0.0,23,gps,0.4,1.0,1.2,-87.2,,,,50,,1790254917000,2026-09-24T18:31:57.000+05:30,47928.688828888546,1790250400645,Default Profile,false
2026-09-24T13:02:00.000Z,12.782614775933325,75.19345345906913,12.0,9.5,,0.0,25,gps,0.4,0.8,1.0,-87.2,,,,50,,1790254920000,2026-09-24T18:32:00.000+05:30,47928.716492024294,1790250400645,Default Profile,false
2026-09-24T13:02:03.000Z,12.782614692114294,75.19345329143107,12.0,5.5,,0.0,24,gps,0.4,0.8,1.0,-87.1,,,,50,,1790254923000,2026-09-24T18:32:03.000+05:30,47928.73692057991,1790250400645,Default Profile,false
2026-09-24T13:02:07.000Z,12.782614650204778,75.1934533752501,12.0,5.5,,0.0,21,gps,0.4,1.0,1.0,-87.2,,,,50,,1790254927000,2026-09-24T18:32:07.000+05:30,47928.747134857724,1790250400645,Default Profile,false
2026-09-24T13:02:11.000Z,12.782614608295262,75.1934533752501,12.0,5.0,,0.0,20,gps,0.4,1.0,1.2,-87.2,,,,50,,1790254931000,2026-09-24T18:32:11.000+05:30,47928.75179498326,1790250400645,Default Profile,false
2026-09-24T13:02:14.000Z,12.782614608295262,75.1934533752501,12.0,6.0,,0.0,19,gps,0.6,1.2,1.2,-87.2,,,,50,,1790254934000,2026-09-24T18:32:14.000+05:30,47928.75179498326,1790250400645,Default Profile,false
2026-09-24T13:02:18.000Z,12.782614566385746,75.19345345906913,12.0,6.0,,0.0,19,gps,0.6,1.2,1.2,-87.2,,,,50,,1790254938000,2026-09-24T18:32:18.000+05:30,47928.762009261074,1790250400645,Default Profile,false
2026-09-24T13:02:22.000Z,12.78261452447623,75.19345345906913,12.0,6.0,,0.0,21,gps,0.4,1.0,1.2,-87.2,,,,50,,1790254942000,2026-09-24T18:32:22.000+05:30,47928.76666938661,1790250400645,Default Profile,false
2026-09-24T13:02:26.000Z,12.78261452447623,75.19345345906913,12.0,6.0,,0.0,22,gps,0.4,1.0,1.0,-87.2,,,,50,,1790254946000,2026-09-24T18:32:26.000+05:30,47928.76666938661,1790250400645,Default Profile,false
2026-09-24T13:02:30.000Z,12.78261452447623,75.19345345906913,12.0,6.0,,0.0,22,gps,0.4,0.8,1.0,-87.2,,,,50,,1790254950000,2026-09-24T18:32:30.000+05:30,47928.76666938661,1790250400645,Default Profile,false
2026-09-24T13:02:33.000Z,12.782614566385746,75.19345345906913,12.0,6.0,,0.0,22,gps,0.4,1.0,1.2,-87.2,,,,50,,1790254953000,2026-09-24T18:32:33.000+05:30,47928.77132951215,1790250400645,Default Profile,false
2026-09-24T13:02:37.000Z,12.782614566385746,75.1934533752501,12.0,6.0,,0.0,21,gps,0.4,1.0,1.2,-87.2,,,,50,,1790254957000,2026-09-24T18:32:37.000+05:30,47928.78041877511,1790250400645,Default Profile,false
2026-09-24T13:02:41.000Z,12.78261452447623,75.1934533752501,12.0,6.0,,0.0,23,gps,0.4,0.8,1.0,-87.2,,,,50,,1790254961000,2026-09-24T18:32:41.000+05:30,47928.78507890065,1790250400645,Default Profile,false
2026-09-24T13:02:45.000Z,12.782614482566714,75.1934533752501,12.0,6.0,,0.0,17,gps,0.6,1.0,1.2,-87.2,,,,50,,1790254965000,2026-09-24T18:32:45.000+05:30,47928.789739026186,1790250400645,Default Profile,false
2026-09-24T13:02:49.000Z,12.78261431492865,75.193453123793,12.0,6.0,,0.0,18,gps,0.6,1.0,1.2,-87.2,,,,50,,1790254969000,2026-09-24T18:32:49.000+05:30,47928.82276932489,1790250400645,Default Profile,false
2026-09-24T13:02:53.000Z,12.782614273019135,75.19345295615494,12.0,6.0,,0.0,16,gps,0.6,1.6,1.8,-87.1,,,,50,,1790254973000,2026-09-24T18:32:53.000+05:30,47928.841535666455,1790250400645,Default Profile,false
2026-09-24T13:02:56.000Z,12.78261431492865,75.19345262087882,12.0,6.0,,0.0,14,gps,0.8,1.4,1.6,-87.2,,,,50,,1790254976000,2026-09-24T18:32:56.000+05:30,47928.8781901613,1790250400645,Default Profile,false
2026-09-24T13:02:59.000Z,12.782614273019135,75.19345228560269,12.0,6.0,,0.0,20,gps,0.6,1.2,1.4,-87.2,,,,50,,1790254979000,2026-09-24T18:32:59.000+05:30,47928.91484465614,1790250400645,Default Profile,false
2026-09-24T13:03:03.000Z,12.782614189200103,75.19345195032656,12.0,6.0,,0.0,19,gps,0.6,1.2,1.4,-87.2,,,,50,,1790254983000,2026-09-24T18:33:03.000+05:30,47928.952377339265,1790250400645,Default Profile,false
2026-09-24T13:03:06.000Z,12.78261423110962,75.19345186650753,12.0,6.0,,0.0,18,gps,0.6,1.0,1.2,-87.2,,,,50,,1790254986000,2026-09-24T18:33:06.000+05:30,47928.96259161709,1790250400645,Default Profile,false
2026-09-24T13:03:10.000Z,12.782614063471556,75.19345169886947,12.0,6.0,,0.0,13,gps,0.8,2.2,2.4,-87.1,,,,50,,1790254990000,2026-09-24T18:33:10.000+05:30,47928.98862865085,1790250400645,Default Profile,false
2026-09-24T13:03:14.000Z,12.782613979652524,75.19345161505044,12.0,6.0,,0.0,18,gps,0.6,1.0,1.2,-87.1,,,,50,,1790254994000,2026-09-24T18:33:14.000+05:30,47929.00164716773,1790250400645,Default Profile,false
2026-09-24T13:03:17.000Z,12.782613937743008,75.19345161505044,12.0,6.0,,0.0,16,gps,0.6,1.2,1.4,-87.1,,,,50,,1790254997000,2026-09-24T18:33:17.000+05:30,47929.00630729327,1790250400645,Default Profile,false
2026-09-24T13:03:21.000Z,12.782613895833492,75.1934515312314,12.0,6.0,,0.0,15,gps,0.6,1.2,1.4,-87.2,,,,50,,1790255001000,2026-09-24T18:33:21.000+05:30,47929.0165215711,1790250400645,Default Profile,false
2026-09-24T13:03:25.000Z,12.782613770104945,75.1934515312314,12.0,5.5,,0.0,15,gps,0.8,1.6,1.8,-87.2,,,,50,,1790255005000,2026-09-24T18:33:25.000+05:30,47929.030501947724,1790250400645,Default Profile,false
2026-09-24T13:03:28.000Z,12.782613728195429,75.19345144741237,12.0,6.0,,0.0,16,gps,0.8,1.4,1.6,-87.2,,,,50,,1790255008000,2026-09-24T18:33:28.000+05:30,47929.040716225565,1790250400645,Default Profile,false
2026-09-24T13:03:31.000Z,12.782613686285913,75.19345144741237,12.0,6.0,,0.0,16,gps,0.8,1.4,1.6,-87.2,,,,50,,1790255011000,2026-09-24T18:33:31.000+05:30,47929.0453763511,1790250400645,Default Profile,false
2026-09-24T13:03:35.000Z,12.782613602466881,75.19345136359334,12.0,5.5,,0.0,13,gps,0.6,1.2,1.4,-87.2,,,,50,,1790255015000,2026-09-24T18:33:35.000+05:30,47929.05839486799,1790250400645,Default Profile,false
2026-09-24T13:03:38.000Z,12.78261351864785,75.19345127977431,12.0,6.0,,0.0,18,gps,0.6,1.0,1.2,-87.2,,,,50,,1790255018000,2026-09-24T18:33:38.000+05:30,47929.07141338489,1790250400645,Default Profile,false
2026-09-24T13:03:41.000Z,12.782613434828818,75.19345119595528,12.0,6.0,,0.0,17,gps,0.6,1.0,1.2,-87.2,,,,50,,1790255021000,2026-09-24T18:33:41.000+05:30,47929.084431901785,1790250400645,Default Profile,false
2026-09-24T13:03:45.000Z,12.782613434828818,75.19345111213624,12.0,6.0,,0.0,17,gps,0.6,1.4,1.6,-87.2,,,,50,,1790255025000,2026-09-24T18:33:45.000+05:30,47929.09352116479,1790250400645,Default Profile,false
2026-09-24T13:03:48.000Z,12.782613392919302,75.19345111213624,12.0,6.0,,0.0,19,gps,0.6,1.2,1.2,-87.1,,,,50,,1790255028000,2026-09-24T18:33:48.000+05:30,47929.09818129033,1790250400645,Default Profile,false
2026-09-24T13:03:52.000Z,12.782613225281239,75.19345094449818,12.0,6.0,,0.0,19,gps,0.4,1.0,1.2,-87.1,,,,50,,1790255032000,2026-09-24T18:33:52.000+05:30,47929.12421832413,1790250400645,Default Profile,false
2026-09-24T13:03:56.000Z,12.782613057643175,75.19345077686012,12.0,6.0,,0.0,12,gps,1.2,2.4,2.8,-87.2,,,,50,,1790255036000,2026-09-24T18:33:56.000+05:30,47929.150255357934,1790250400645,Default Profile,false
2026-09-24T13:04:00.000Z,12.782613183371723,75.19345069304109,12.0,6.0,,0.0,7,gps,1.0,2.4,2.6,-87.2,,,,50,,1790255040000,2026-09-24T18:34:00.000+05:30,47929.166930658015,1790250400645,Default Profile,false
2026-09-24T13:04:04.000Z,12.782613183371723,75.19345060922205,12.0,5.5,,0.0,17,gps,0.6,1.2,1.4,-87.1,,,,50,,1790255044000,2026-09-24T18:34:04.000+05:30,47929.176019921026,1790250400645,Default Profile,false
2026-09-24T13:04:07.000Z,12.782613099552691,75.19345052540302,12.0,5.5,,0.0,18,gps,0.6,1.2,1.4,-87.1,,,,50,,1790255047000,2026-09-24T18:34:07.000+05:30,47929.18903843793,1790250400645,Default Profile,false
2026-09-24T13:04:10.000Z,12.78261301573366,75.19345044158399,12.0,5.5,,0.0,17,gps,0.6,1.2,1.4,-87.2,,,,50,,1790255050000,2026-09-24T18:34:10.000+05:30,47929.20205695483,1790250400645,Default Profile,false
2026-09-24T13:04:14.000Z,12.782603083178401,75.19344222731888,12.0,6.0,339.8,0.32,18,gps,0.6,1.0,1.2,-87.2,,,,50,,1790255054000,2026-09-24T18:34:14.000+05:30,47930.620944155744,1790250400645,Default Profile,false
2026-09-24T13:04:17.000Z,12.782586361281574,75.19343996420503,12.0,7.0,339.8,0.35,20,gps,0.6,1.0,1.2,-87.2,,,,50,,1790255057000,2026-09-24T18:34:17.000+05:30,47932.4964594549,1790250400645,Default Profile,false
2026-09-24T13:04:21.000Z,12.782588875852525,75.19344113767147,12.0,7.0,,0.0,21,gps,0.4,1.0,1.2,-87.2,,,,50,,1790255061000,2026-09-24T18:34:21.000+05:30,47932.80366111036,1790250400645,Default Profile,false
2026-09-24T13:04:25.000Z,12.782588875852525,75.19344105385244,12.0,6.5,,0.0,22,gps,0.4,1.0,1.0,-87.2,,,,50,,1790255065000,2026-09-24T18:34:25.000+05:30,47932.81275037424,1790250400645,Default Profile,false
2026-09-24T13:04:29.000Z,12.782588792033494,75.19344113767147,12.0,6.5,,0.0,20,gps,0.4,1.0,1.2,-87.2,,,,50,,1790255069000,2026-09-24T18:34:29.000+05:30,47932.82576889176,1790250400645,Default Profile,false
2026-09-24T13:04:32.000Z,12.782588708214462,75.19344105385244,12.0,6.5,,0.0,22,gps,0.4,1.0,1.0,-87.2,,,,50,,1790255072000,2026-09-24T18:34:32.000+05:30,47932.83878740927,1790250400645,Default Profile,false
2026-09-24T13:04:36.000Z,12.782588582485914,75.19344105385244,12.0,6.0,,0.0,17,gps,0.6,1.0,1.2,-87.2,,,,50,,1790255076000,2026-09-24T18:34:36.000+05:30,47932.852767785895,1790250400645,Default Profile,false
2026-09-24T13:04:40.000Z,12.782588498666883,75.19344088621438,12.0,7.0,,0.0,19,gps,0.4,1.0,1.2,-87.2,,,,50,,1790255080000,2026-09-24T18:34:40.000+05:30,47932.87319634319,1790250400645,Default Profile,false
2026-09-24T13:04:44.000Z,12.782588372938335,75.19344080239534,12.0,6.5,,0.0,18,gps,0.6,1.2,1.4,-87.2,,,,50,,1790255084000,2026-09-24T18:34:44.000+05:30,47932.889871643754,1790250400645,Default Profile,false
2026-09-24T13:04:48.000Z,12.782588498666883,75.19344063475728,12.0,6.0,,0.0,13,gps,1.0,1.8,2.0,-87.2,,,,50,,1790255088000,2026-09-24T18:34:48.000+05:30,47932.91280436718,1790250400645,Default Profile,false
2026-09-24T13:04:52.000Z,12.782588456757367,75.19344046711922,12.0,7.0,,0.0,17,gps,0.6,1.2,1.4,-87.2,,,,50,,1790255092000,2026-09-24T18:34:52.000+05:30,47932.93157071054,1790250400645,Default Profile,false
2026-09-24T13:04:55.000Z,12.782588372938335,75.19344038330019,12.0,7.0,,0.0,20,gps,0.4,1.2,1.2,-87.2,,,,50,,1790255095000,2026-09-24T18:34:55.000+05:30,47932.944589228064,1790250400645,Default Profile,false
2026-09-24T13:04:59.000Z,12.782588331028819,75.19344029948115,12.0,7.0,,0.0,15,gps,0.6,1.2,1.4,-87.2,,,,50,,1790255099000,2026-09-24T18:34:59.000+05:30,47932.95480350672,1790250400645,Default Profile,false
2026-09-24T13:05:03.000Z,12.782588163390756,75.19344029948115,12.0,6.5,,0.0,19,gps,0.6,1.4,1.6,-87.1,,,,50,,1790255103000,2026-09-24T18:35:03.000+05:30,47932.97344400889,1790250400645,Default Profile,false
2026-09-24T13:05:06.000Z,12.78258812148124,75.19344029948115,12.0,7.0,,0.0,17,gps,0.6,1.6,1.6,-87.2,,,,50,,1790255106000,2026-09-24T18:35:06.000+05:30,47932.978104134425,1790250400645,Default Profile,false
2026-09-24T13:05:11.000Z,12.782588037662208,75.19344029948115,12.0,6.0,,0.0,18,gps,0.6,1.4,1.4,-87.1,,,,50,,1790255111000,2026-09-24T18:35:11.000+05:30,47932.98742438551,1790250400645,Default Profile,false
2026-09-24T13:05:15.000Z,12.782587995752692,75.19344038330019,12.0,6.0,,0.0,15,gps,0.6,1.6,1.8,-87.1,,,,50,,1790255115000,2026-09-24T18:35:15.000+05:30,47932.99763866417,1790250400645,Default Profile,false
2026-09-24T13:05:18.000Z,12.782587953843176,75.19344038330019,12.0,6.0,,0.0,14,gps,0.8,1.8,2.0,-87.2,,,,50,,1790255118000,2026-09-24T18:35:18.000+05:30,47933.00229878971,1790250400645,Default Profile,false
2026-09-24T13:05:21.000Z,12.782587744295597,75.19344021566212,12.0,6.0,,0.0,14,gps,0.6,1.6,1.8,-87.2,,,,50,,1790255121000,2026-09-24T18:35:21.000+05:30,47933.03185176124,1790250400645,Default Profile,false
2026-09-24T13:05:24.000Z,12.782587660476565,75.19344021566212,12.0,6.5,,0.0,17,gps,0.6,1.4,1.4,-87.2,,,,50,,1790255124000,2026-09-24T18:35:24.000+05:30,47933.04117201232,1790250400645,Default Profile,false
2026-09-24T13:05:28.000Z,12.782587367109954,75.19343996420503,12.0,6.5,,0.0,14,gps,0.8,1.6,1.8,-87.2,,,,50,,1790255128000,2026-09-24T18:35:28.000+05:30,47933.08368852915,1790250400645,Default Profile,false
2026-09-24T13:05:32.000Z,12.782587241381407,75.19343979656696,12.0,6.5,,0.0,13,gps,0.8,1.6,1.8,-87.2,,,,50,,1790255132000,2026-09-24T18:35:32.000+05:30,47933.10662125264,1790250400645,Default Profile,false
2026-09-24T13:05:35.000Z,12.782587157562375,75.19343979656696,12.0,6.5,,0.0,10,gps,1.8,2.6,3.2,-87.2,,,,50,,1790255135000,2026-09-24T18:35:35.000+05:30,47933.115941503725,1790250400645,Default Profile,false
2026-09-24T13:05:39.000Z,12.782587031833827,75.19343971274793,12.0,6.0,,0.0,12,gps,1.0,3.0,3.2,-87.2,,,,50,,1790255139000,2026-09-24T18:35:39.000+05:30,47933.132616804316,1790250400645,Default Profile,false
2026-09-24T13:05:42.000Z,12.782586948014796,75.19343971274793,12.0,6.0,,0.0,13,gps,0.8,1.6,1.8,-87.2,,,,50,,1790255142000,2026-09-24T18:35:42.000+05:30,47933.1419370554,1790250400645,Default Profile,false
2026-09-24T13:05:46.000Z,12.7825866965577,75.19343954510987,12.0,6.5,,0.0,17,gps,0.6,1.6,1.8,-87.1,,,,50,,1790255146000,2026-09-24T18:35:46.000+05:30,47933.17528765659,1790250400645,Default Profile,false
2026-09-24T13:05:50.000Z,12.782586487010121,75.19343946129084,12.0,6.0,,0.0,22,gps,0.6,1.2,1.2,-87.2,,,,50,,1790255150000,2026-09-24T18:35:50.000+05:30,47933.20029833373,1790250400645,Default Profile,false
2026-09-24T13:05:53.000Z,12.782586361281574,75.19343929365277,12.0,6.0,,0.0,21,gps,0.6,1.2,1.4,-87.2,,,,50,,1790255153000,2026-09-24T18:35:53.000+05:30,47933.22323105727,1790250400645,Default Profile,false
2026-09-24T13:05:57.000Z,12.782586235553026,75.19343920983374,12.0,6.5,,0.0,16,gps,0.6,1.4,1.6,-87.2,,,,50,,1790255157000,2026-09-24T18:35:57.000+05:30,47933.23990635788,1790250400645,Default Profile,false
2026-09-24T13:06:00.000Z,12.782586151733994,75.19343912601471,12.0,6.5,,0.0,11,gps,1.2,2.2,2.4,-87.2,,,,50,,1790255160000,2026-09-24T18:36:00.000+05:30,47933.25292487546,1790250400645,Default Profile,false
2026-09-24T13:06:04.000Z,12.782585984095931,75.19343904219568,12.0,6.0,,0.0,23,gps,0.4,1.2,1.2,-87.1,,,,50,,1790255164000,2026-09-24T18:36:04.000+05:30,47933.27366331901,1790250400645,Default Profile,false
2026-09-24T13:06:08.000Z,12.782585816457868,75.19343887455761,12.0,6.0,,0.0,19,gps,0.6,1.2,1.4,-87.1,,,,50,,1790255168000,2026-09-24T18:36:08.000+05:30,47933.29970035418,1790250400645,Default Profile,false
2026-09-24T13:06:12.000Z,12.7825859002769,75.19343879073858,12.0,6.0,,0.0,22,gps,0.4,1.2,1.2,-87.2,,,,50,,1790255172000,2026-09-24T18:36:12.000+05:30,47933.31271887177,1790250400645,Default Profile,false
2026-09-24T13:06:16.000Z,12.782585984095931,75.19343862310052,12.0,6.0,,0.0,20,gps,0.4,1.2,1.2,-87.2,,,,50,,1790255176000,2026-09-24T18:36:16.000+05:30,47933.33314742923,1790250400645,Default Profile,false
2026-09-24T13:06:20.000Z,12.782585816457868,75.19343853928149,12.0,6.0,,0.0,21,gps,0.4,1.2,1.2,-87.1,,,,50,,1790255180000,2026-09-24T18:36:20.000+05:30,47933.35388587278,1790250400645,Default Profile,false
2026-09-24T13:06:23.000Z,12.782585648819804,75.19343845546246,12.0,6.5,,0.0,17,gps,0.6,1.2,1.4,-87.2,,,,50,,1790255183000,2026-09-24T18:36:23.000+05:30,47933.37462431633,1790250400645,Default Profile,false
2026-09-24T13:06:26.000Z,12.782585648819804,75.19343853928149,12.0,6.0,,0.0,24,gps,0.4,1.0,1.2,-87.2,,,,50,,1790255186000,2026-09-24T18:36:26.000+05:30,47933.38371358033,1790250400645,Default Profile,false
2026-09-24T13:06:30.000Z,12.782585439272225,75.19343845546246,12.0,6.5,,0.0,22,gps,0.4,1.0,1.2,-87.2,,,,50,,1790255190000,2026-09-24T18:36:30.000+05:30,47933.40872425749,1790250400645,Default Profile,false
2026-09-24T13:06:34.000Z,12.782585229724646,75.19343837164342,12.0,6.5,,0.0,19,gps,0.6,1.2,1.4,-87.2,,,,50,,1790255194000,2026-09-24T18:36:34.000+05:30,47933.433734934646,1790250400645,Default Profile,false
2026-09-24T13:06:37.000Z,12.782585062086582,75.19343820400536,12.0,6.5,,0.0,21,gps,0.4,1.0,1.2,-87.2,,,,50,,1790255197000,2026-09-24T18:36:37.000+05:30,47933.45977196986,1790250400645,Default Profile,false
2026-09-24T13:06:40.000Z,12.782585020177066,75.19343812018633,12.0,6.5,,0.0,14,gps,0.8,1.4,1.6,-87.2,,,,50,,1790255200000,2026-09-24T18:36:40.000+05:30,47933.469986248616,1790250400645,Default Profile,false
2026-09-24T13:06:44.000Z,12.78258468490094,75.1934380363673,12.0,6.5,,0.0,20,gps,0.6,1.2,1.4,-87.2,,,,50,,1790255204000,2026-09-24T18:36:44.000+05:30,47933.50835926003,1790250400645,Default Profile,false
2026-09-24T13:06:47.000Z,12.782584517262876,75.19343795254827,12.0,6.5,,0.0,19,gps,0.6,1.2,1.4,-87.2,,,,50,,1790255207000,2026-09-24T18:36:47.000+05:30,47933.5290977036,1790250400645,Default Profile,false
2026-09-24T13:06:51.000Z,12.782584391534328,75.1934377849102,12.0,6.0,,0.0,22,gps,0.4,1.0,1.2,-87.2,,,,50,,1790255211000,2026-09-24T18:36:51.000+05:30,47933.55203042725,1790250400645,Default Profile,false
2026-09-24T13:06:54.000Z,12.78258426580578,75.19343761727214,12.0,6.0,,0.0,22,gps,0.4,1.0,1.2,-87.2,,,,50,,1790255214000,2026-09-24T18:36:54.000+05:30,47933.57496315091,1790250400645,Default Profile,false
2026-09-24T13:06:58.000Z,12.782584140077233,75.19343761727214,12.0,6.0,,0.0,22,gps,0.4,1.0,1.2,-87.2,,,,50,,1790255218000,2026-09-24T18:36:58.000+05:30,47933.58894352753,1790250400645,Default Profile,false
2026-09-24T13:07:02.000Z,12.782584140077233,75.19343744963408,12.0,6.0,,0.0,22,gps,0.4,1.2,1.2,-87.2,,,,50,,1790255222000,2026-09-24T18:37:02.000+05:30,47933.60712205565,1790250400645,Default Profile,false
2026-09-24T13:07:05.000Z,12.782584056258202,75.19343744963408,12.0,6.0,,0.0,23,gps,0.4,1.2,1.2,-87.2,,,,50,,1790255225000,2026-09-24T18:37:05.000+05:30,47933.61644230673,1790250400645,Default Profile,false
2026-09-24T13:07:09.000Z,12.78258397243917,75.19343736581504,12.0,6.0,,0.0,20,gps,0.6,1.2,1.4,-87.2,,,,50,,1790255229000,2026-09-24T18:37:09.000+05:30,47933.62946082437,1790250400645,Default Profile,false
2026-09-24T13:07:13.000Z,12.782583804801106,75.19343711435795,12.0,6.5,,0.0,14,gps,0.6,1.4,1.6,-87.2,,,,50,,1790255233000,2026-09-24T18:37:13.000+05:30,47933.6624911258,1790250400645,Default Profile,false
2026-09-24T13:07:17.000Z,12.782583595253527,75.19343686290085,12.0,7.0,,0.0,21,gps,0.6,1.2,1.4,-87.2,,,,50,,1790255237000,2026-09-24T18:37:17.000+05:30,47933.69835826597,1790250400645,Default Profile,false
2026-09-24T13:07:21.000Z,12.782583553344011,75.19343661144376,12.0,7.0,,0.0,18,gps,0.6,1.4,1.4,-87.2,,,,50,,1790255241000,2026-09-24T18:37:21.000+05:30,47933.72602140504,1790250400645,Default Profile,false
2026-09-24T13:07:25.000Z,12.782583595253527,75.19343635998666,12.0,7.0,,0.0,22,gps,0.6,1.2,1.4,-87.2,,,,50,,1790255245000,2026-09-24T18:37:25.000+05:30,47933.753684544114,1790250400645,Default Profile,false
2026-09-24T13:07:28.000Z,12.782583553344011,75.19343635998666,12.0,7.0,,0.0,21,gps,0.6,1.2,1.4,-87.2,,,,50,,1790255248000,2026-09-24T18:37:28.000+05:30,47933.75834466965,1790250400645,Default Profile,false
2026-09-24T13:07:32.000Z,12.782583385705948,75.1934364438057,12.0,7.0,,0.0,21,gps,0.6,1.0,1.2,-87.2,,,,50,,1790255252000,2026-09-24T18:37:32.000+05:30,47933.779083113244,1790250400645,Default Profile,false
2026-09-24T13:07:36.000Z,12.782583176158369,75.19343635998666,12.0,7.0,,0.0,25,gps,0.4,0.8,1.0,-87.2,,,,50,,1790255256000,2026-09-24T18:37:36.000+05:30,47933.80409379043,1790250400645,Default Profile,false
2026-09-24T13:07:39.000Z,12.782583050429821,75.1934361923486,12.0,7.0,,0.0,15,gps,0.8,1.4,1.6,-87.2,,,,50,,1790255259000,2026-09-24T18:37:39.000+05:30,47933.82702651416,1790250400645,Default Profile,false
2026-09-24T13:07:43.000Z,12.782582882791758,75.19343602471054,12.0,7.0,,0.0,22,gps,0.4,1.0,1.2,-87.2,,,,50,,1790255263000,2026-09-24T18:37:43.000+05:30,47933.85306354949,1790250400645,Default Profile,false
2026-09-24T13:07:46.000Z,12.782582840882242,75.1934359408915,12.0,6.5,,0.0,21,gps,0.4,1.2,1.4,-87.2,,,,50,,1790255266000,2026-09-24T18:37:46.000+05:30,47933.86327782832,1790250400645,Default Profile,false
2026-09-24T13:07:50.000Z,12.782582840882242,75.19343552179635,12.0,7.0,,0.0,23,gps,0.4,1.0,1.2,-87.2,,,,50,,1790255270000,2026-09-24T18:37:50.000+05:30,47933.908724148845,1790250400645,Default Profile,false
2026-09-24T13:07:54.000Z,12.782582924701273,75.19343510270119,12.0,7.0,,0.0,25,gps,0.4,1.0,1.0,-87.1,,,,50,,1790255274000,2026-09-24T18:37:54.000+05:30,47933.95511633707,1790250400645,Default Profile,false
2026-09-24T13:07:57.000Z,12.78258296661079,75.19343476742506,12.0,7.0,,0.0,22,gps,0.4,0.8,1.0,-87.2,,,,50,,1790255277000,2026-09-24T18:37:57.000+05:30,47933.99177083639,1790250400645,Default Profile,false
2026-09-24T13:08:01.000Z,12.782582924701273,75.193434599787,12.0,7.0,,0.0,16,gps,0.6,1.4,1.6,-87.1,,,,50,,1790255281000,2026-09-24T18:38:01.000+05:30,47934.01053718013,1790250400645,Default Profile,false
2026-09-24T13:08:05.000Z,12.782582798972726,75.19343451596797,12.0,7.0,,0.0,19,gps,0.6,1.2,1.4,-87.2,,,,50,,1790255285000,2026-09-24T18:38:05.000+05:30,47934.0272124808,1790250400645,Default Profile,false
2026-09-24T13:08:08.000Z,12.782582631334662,75.1934343483299,12.0,7.0,,0.0,17,gps,0.6,1.4,1.6,-87.2,,,,50,,1790255288000,2026-09-24T18:38:08.000+05:30,47934.05324951614,1790250400645,Default Profile,false
2026-09-24T13:08:11.000Z,12.782582505606115,75.19343392923474,12.0,7.0,,0.0,20,gps,0.6,1.2,1.4,-87.2,,,,50,,1790255291000,2026-09-24T18:38:11.000+05:30,47934.10079758638,1790250400645,Default Profile,false
2026-09-24T13:08:15.000Z,12.782582505606115,75.19343392923474,12.0,7.5,,0.0,8,gps,1.0,2.4,2.6,-87.2,,,,50,,1790255295000,2026-09-24T18:38:15.000+05:30,47934.10079758638,1790250400645,Default Profile,false
2026-09-24T13:08:19.000Z,12.782569639384747,75.19341196864843,12.0,20.0,339.8,2.1299999,12,gps,0.8,1.8,2.0,-87.2,,,,50,,1790255299000,2026-09-24T18:38:19.000+05:30,47936.87888850273,1790250400645,Default Profile,false
2026-09-24T13:08:23.000Z,12.782586612738669,75.19344155676663,12.0,7.5,,0.0,17,gps,0.6,1.4,1.6,-87.2,,,,50,,1790255303000,2026-09-24T18:38:23.000+05:30,47940.601338164175,1790250400645,Default Profile,false
2026-09-24T13:08:27.000Z,12.782586151733994,75.19344046711922,12.0,8.0,339.8,0.06,9,gps,0.8,2.6,2.8,-87.2,,,,50,,1790255307000,2026-09-24T18:38:27.000+05:30,47940.73013885049,1790250400645,Default Profile,false
2026-09-24T13:08:31.000Z,12.782613057643175,75.19348053261638,12.0,10.0,58.0,2.11,19,gps,0.6,1.0,1.2,-87.2,,,,50,,1790255311000,2026-09-24T18:38:31.000+05:30,47946.0052701703,1790250400645,Default Profile,false
2026-09-24T13:08:34.000Z,12.782653961330652,75.19349251873791,12.0,12.0,45.3,1.8399999,15,gps,0.8,1.2,1.4,-87.2,,,,50,,1790255314000,2026-09-24T18:38:34.000+05:30,47950.735625519585,1790250400645,Default Profile,false
2026-09-24T13:08:38.000Z,12.782634431496263,75.19345371052623,12.0,8.5,25.3,0.01,14,gps,0.8,1.4,1.6,-87.2,,,,50,,1790255318000,2026-09-24T18:38:38.000+05:30,47955.47123040652,1790250400645,Default Profile,false
2026-09-24T13:08:42.000Z,12.782634138129652,75.19345295615494,12.0,9.0,,0.0,13,gps,0.8,1.6,1.8,-87.2,,,,50,,1790255322000,2026-09-24T18:38:42.000+05:30,47955.55929805941,1790250400645,Default Profile,false
2026-09-24T13:08:45.000Z,12.78263405431062,75.19345278851688,12.0,9.0,,0.0,17,gps,0.6,1.2,1.4,-87.2,,,,50,,1790255325000,2026-09-24T18:38:45.000+05:30,47955.57972661379,1790250400645,Default Profile,false
2026-09-24T13:08:49.000Z,12.782633719034493,75.19345270469785,12.0,9.0,,0.0,16,gps,0.6,1.2,1.4,-87.2,,,,50,,1790255329000,2026-09-24T18:38:49.000+05:30,47955.61809962478,1790250400645,Default Profile,false
2026-09-24T13:08:53.000Z,12.78263334184885,75.19345253705978,12.0,9.0,,0.0,15,gps,0.8,1.4,1.6,-87.2,,,,50,,1790255333000,2026-09-24T18:38:53.000+05:30,47955.663810861144,1790250400645,Default Profile,false
2026-09-24T13:08:57.000Z,12.782633677124977,75.19345262087882,12.0,9.0,,0.0,23,gps,0.4,1.0,1.0,-87.2,,,,50,,1790255337000,2026-09-24T18:38:57.000+05:30,47955.70218387214,1790250400645,Default Profile,false
2026-09-24T13:09:00.000Z,12.782633425667882,75.19345262087882,12.0,9.0,,0.0,23,gps,0.4,1.0,1.2,-87.2,,,,50,,1790255340000,2026-09-24T18:39:00.000+05:30,47955.73014462539,1790250400645,Default Profile,false
2026-09-24T13:09:03.000Z,12.782632964663208,75.19345236942172,12.0,9.0,,0.0,18,gps,0.6,1.2,1.4,-87.2,,,,50,,1790255343000,2026-09-24T18:39:03.000+05:30,47955.78820718974,1790250400645,Default Profile,false
2026-09-24T13:09:07.000Z,12.782632545568049,75.19345236942172,12.0,8.5,,0.0,22,gps,0.4,1.0,1.2,-87.1,,,,50,,1790255347000,2026-09-24T18:39:07.000+05:30,47955.83480844516,1790250400645,Default Profile,false
2026-09-24T13:09:11.000Z,12.782632252201438,75.19345236942172,12.0,9.0,,0.0,20,gps,0.4,1.0,1.2,-87.2,,,,50,,1790255351000,2026-09-24T18:39:11.000+05:30,47955.867429323946,1790250400645,Default Profile,false
2026-09-24T13:09:15.000Z,12.782632000744343,75.19345220178366,12.0,9.0,,0.0,19,gps,0.6,1.0,1.2,-87.2,,,,50,,1790255355000,2026-09-24T18:39:15.000+05:30,47955.90077992336,1790250400645,Default Profile,false
2026-09-24T13:09:19.000Z,12.782631791196764,75.19345211796463,12.0,8.0,,0.0,20,gps,0.4,1.0,1.2,-87.2,,,,50,,1790255359000,2026-09-24T18:39:19.000+05:30,47955.925790599904,1790250400645,Default Profile,false
2026-09-24T13:09:23.000Z,12.782631455920637,75.19345195032656,12.0,9.0,,0.0,22,gps,0.4,1.0,1.2,-87.2,,,,50,,1790255363000,2026-09-24T18:39:23.000+05:30,47955.96726748557,1790250400645,Default Profile,false
2026-09-24T13:09:26.000Z,12.782631246373057,75.19345195032656,12.0,8.0,,0.0,21,gps,0.4,1.0,1.2,-87.2,,,,50,,1790255366000,2026-09-24T18:39:26.000+05:30,47955.99056811327,1790250400645,Default Profile,false
2026-09-24T13:09:30.000Z,12.782630953006446,75.19345186650753,12.0,8.0,,0.0,22,gps,0.4,1.0,1.2,-87.2,,,,50,,1790255370000,2026-09-24T18:39:30.000+05:30,47956.02443161019,1790250400645,Default Profile,false
2026-09-24T13:09:33.000Z,12.782630701549351,75.1934517826885,12.0,8.0,,0.0,23,gps,0.4,1.0,1.2,-87.2,,,,50,,1790255373000,2026-09-24T18:39:33.000+05:30,47956.05383260359,1790250400645,Default Profile,false
2026-09-24T13:09:37.000Z,12.782630533911288,75.1934517826885,12.0,8.0,,0.0,20,gps,0.6,1.2,1.4,-87.2,,,,50,,1790255377000,2026-09-24T18:39:37.000+05:30,47956.072473105756,1790250400645,Default Profile,false
2026-09-24T13:09:40.000Z,12.782630282454193,75.19345161505044,12.0,8.0,,0.0,20,gps,0.6,1.2,1.2,-87.2,,,,50,,1790255380000,2026-09-24T18:39:40.000+05:30,47956.105823705235,1790250400645,Default Profile,false
2026-09-24T13:09:44.000Z,12.782629947178066,75.19345136359334,12.0,8.0,,0.0,19,gps,0.6,1.2,1.4,-87.2,,,,50,,1790255384000,2026-09-24T18:39:44.000+05:30,47956.15201250803,1790250400645,Default Profile,false
2026-09-24T13:09:48.000Z,12.782629444263875,75.19345102831721,12.0,8.0,,0.0,19,gps,0.6,1.2,1.4,-87.2,,,,50,,1790255388000,2026-09-24T18:39:48.000+05:30,47956.21871370704,1790250400645,Default Profile,false
2026-09-24T13:09:51.000Z,12.78262919280678,75.19345102831721,12.0,8.0,,0.0,19,gps,0.6,1.2,1.4,-87.2,,,,50,,1790255391000,2026-09-24T18:39:51.000+05:30,47956.24667446029,1790250400645,Default Profile,false
2026-09-24T13:09:55.000Z,12.782628857530653,75.19345102831721,12.0,8.0,,0.0,18,gps,0.6,1.4,1.6,-87.1,,,,50,,1790255395000,2026-09-24T18:39:55.000+05:30,47956.28395546463,1790250400645,Default Profile,false
2026-09-24T13:09:59.000Z,12.782628606073558,75.19345086067915,12.0,8.0,,0.0,18,gps,0.6,1.4,1.6,-87.2,,,,50,,1790255399000,2026-09-24T18:39:59.000+05:30,47956.31730606417,1790250400645,Default Profile,false
2026-09-24T13:10:02.000Z,12.782628396525979,75.19345077686012,12.0,8.0,,0.0,20,gps,0.6,1.2,1.4,-87.2,,,,50,,1790255402000,2026-09-24T18:40:02.000+05:30,47956.34231674077,1790250400645,Default Profile,false
2026-09-24T13:10:06.000Z,12.782628270797431,75.19345069304109,12.0,8.0,,0.0,19,gps,0.6,1.2,1.4,-87.2,,,,50,,1790255406000,2026-09-24T18:40:06.000+05:30,47956.35899204055,1790250400645,Default Profile,false
2026-09-24T13:10:10.000Z,12.782628061249852,75.19345052540302,12.0,8.5,,0.0,20,gps,0.6,1.2,1.4,-87.2,,,,50,,1790255410000,2026-09-24T18:40:10.000+05:30,47956.3885450103,1790250400645,Default Profile,false
2026-09-24T13:10:14.000Z,12.782627893611789,75.19345060922205,12.0,8.0,,0.0,20,gps,0.6,1.2,1.2,-87.2,,,,50,,1790255414000,2026-09-24T18:40:14.000+05:30,47956.409283453184,1790250400645,Default Profile,false
2026-09-24T13:10:18.000Z,12.782627642154694,75.19345052540302,12.0,8.0,,0.0,19,gps,0.6,1.2,1.4,-87.2,,,,50,,1790255418000,2026-09-24T18:40:18.000+05:30,47956.43868444661,1790250400645,Default Profile,false
2026-09-24T13:10:22.000Z,12.782627390697598,75.19345044158399,12.0,8.5,,0.0,24,gps,0.4,1.0,1.0,-87.2,,,,50,,1790255422000,2026-09-24T18:40:22.000+05:30,47956.46808544005,1790250400645,Default Profile,false
2026-09-24T13:10:25.000Z,12.782627306878567,75.19345044158399,12.0,8.0,,0.0,22,gps,0.4,1.0,1.2,-87.2,,,,50,,1790255425000,2026-09-24T18:40:25.000+05:30,47956.477405691134,1790250400645,Default Profile,false
2026-09-24T13:10:28.000Z,12.782627097330987,75.19345044158399,12.0,8.0,,0.0,22,gps,0.4,1.0,1.2,-87.2,,,,50,,1790255428000,2026-09-24T18:40:28.000+05:30,47956.50070631884,1790250400645,Default Profile,false
2026-09-24T13:10:31.000Z,12.782626803964376,75.19345052540302,12.0,8.0,,0.0,19,gps,0.6,1.0,1.2,-87.1,,,,50,,1790255431000,2026-09-24T18:40:31.000+05:30,47956.5345698158,1790250400645,Default Profile,false
2026-09-24T13:10:35.000Z,12.782626552507281,75.19345052540302,12.0,9.0,,0.0,19,gps,0.6,1.2,1.4,-87.2,,,,50,,1790255435000,2026-09-24T18:40:35.000+05:30,47956.56253056905,1790250400645,Default Profile,false
2026-09-24T13:10:38.000Z,12.782626426778734,75.19345069304109,12.0,9.0,,0.0,22,gps,0.4,1.2,1.2,-87.2,,,,50,,1790255438000,2026-09-24T18:40:38.000+05:30,47956.58546329031,1790250400645,Default Profile,false
2026-09-24T13:10:42.000Z,12.782625630497932,75.19345069304109,12.0,9.0,,0.0,18,gps,0.6,1.2,1.4,-87.2,,,,50,,1790255442000,2026-09-24T18:40:42.000+05:30,47956.674005675595,1790250400645,Default Profile,false
2026-09-24T13:10:46.000Z,12.782624834217131,75.19345060922205,12.0,8.5,,0.0,22,gps,0.4,1.0,1.2,-87.2,,,,50,,1790255446000,2026-09-24T18:40:46.000+05:30,47956.763013364514,1790250400645,Default Profile,false
2026-09-24T13:10:49.000Z,12.782624163664877,75.19345044158399,12.0,8.0,,0.0,15,gps,0.6,1.4,1.6,-87.1,,,,50,,1790255449000,2026-09-24T18:40:49.000+05:30,47956.83975938666,1790250400645,Default Profile,false
2026-09-24T13:10:53.000Z,12.782623576931655,75.19345027394593,12.0,9.0,,0.0,17,gps,0.6,1.2,1.4,-87.1,,,,49,,1790255453000,2026-09-24T18:40:53.000+05:30,47956.90748638064,1790250400645,Default Profile,false
2026-09-24T13:10:57.000Z,12.782622780650854,75.1934499386698,12.0,8.5,,0.0,21,gps,0.6,1.0,1.2,-87.2,,,,49,,1790255457000,2026-09-24T18:40:57.000+05:30,47957.003202571126,1790250400645,Default Profile,false
2026-09-24T13:11:00.000Z,12.78262261301279,75.1934496872127,11.0,8.5,,0.0,18,gps,0.6,1.0,1.2,-87.2,,,,49,,1790255460000,2026-09-24T18:41:00.000+05:30,47957.0362328691,1790250400645,Default Profile,false
2026-09-24T13:11:04.000Z,12.78262231964618,75.19344960339367,11.0,8.5,,0.0,17,gps,0.6,1.4,1.6,-87.2,,,,49,,1790255464000,2026-09-24T18:41:04.000+05:30,47957.0700963661,1790250400645,Default Profile,false
2026-09-24T13:11:07.000Z,12.782622571103275,75.19344918429852,11.0,8.5,,0.0,19,gps,0.6,1.2,1.4,-87.2,,,,49,,1790255467000,2026-09-24T18:41:07.000+05:30,47957.123455255925,1790250400645,Default Profile,false
2026-09-24T13:11:11.000Z,12.782622780650854,75.19344884902239,11.0,8.5,,0.0,21,gps,0.4,1.2,1.4,-87.2,,,,49,,1790255471000,2026-09-24T18:41:11.000+05:30,47957.1666380579,1790250400645,Default Profile,false
2026-09-24T13:11:14.000Z,12.78262282256037,75.19344876520336,11.0,8.5,,0.0,18,gps,0.6,1.0,1.2,-87.2,,,,49,,1790255474000,2026-09-24T18:41:14.000+05:30,47957.17685233545,1790250400645,Default Profile,false
2026-09-24T13:11:18.000Z,12.782622738741338,75.19344876520336,11.0,8.5,,0.0,19,gps,0.4,1.2,1.4,-87.2,,,,49,,1790255478000,2026-09-24T18:41:18.000+05:30,47957.18617258653,1790250400645,Default Profile,false
2026-09-24T13:11:21.000Z,12.782622654922307,75.19344884902239,11.0,8.5,,0.0,21,gps,0.4,1.0,1.2,-87.2,,,,49,,1790255481000,2026-09-24T18:41:21.000+05:30,47957.199191103195,1790250400645,Default Profile,false
2026-09-24T13:11:24.000Z,12.782622445374727,75.19344893284142,11.0,8.0,,0.0,16,gps,0.6,1.6,1.6,-87.2,,,,49,,1790255484000,2026-09-24T18:41:24.000+05:30,47957.22420177986,1790250400645,Default Profile,false
2026-09-24T13:11:28.000Z,12.782622235827148,75.19344910047948,11.0,8.0,,0.0,18,gps,0.6,1.2,1.4,-87.2,,,,49,,1790255488000,2026-09-24T18:41:28.000+05:30,47957.253754749865,1790250400645,Default Profile,false
2026-09-24T13:11:31.000Z,12.782622193917632,75.19344935193658,11.0,8.0,,0.0,19,gps,0.6,1.2,1.4,-87.2,,,,49,,1790255491000,2026-09-24T18:41:31.000+05:30,47957.28141788483,1790250400645,Default Profile,false
2026-09-24T13:11:35.000Z,12.7826221100986,75.19344943575561,11.0,8.0,,0.0,20,gps,0.4,1.0,1.2,-87.1,,,,49,,1790255495000,2026-09-24T18:41:35.000+05:30,47957.294436401506,1790250400645,Default Profile,false
2026-09-24T13:11:38.000Z,12.782622026279569,75.19344960339367,11.0,8.0,,0.0,24,gps,0.4,1.0,1.0,-87.2,,,,49,,1790255498000,2026-09-24T18:41:38.000+05:30,47957.31486495665,1790250400645,Default Profile,false
2026-09-24T13:11:42.000Z,12.78262181673199,75.19344985485077,11.0,8.0,,0.0,23,gps,0.4,1.0,1.0,-87.2,,,,49,,1790255502000,2026-09-24T18:41:42.000+05:30,47957.350732093684,1790250400645,Default Profile,false
2026-09-24T13:11:46.000Z,12.782621565274894,75.19345010630786,11.0,8.0,,0.0,22,gps,0.4,1.0,1.2,-87.2,,,,49,,1790255506000,2026-09-24T18:41:46.000+05:30,47957.389787643755,1790250400645,Default Profile,false
2026-09-24T13:11:49.000Z,12.782621439546347,75.19345027394593,11.0,8.0,,0.0,23,gps,0.6,1.0,1.2,-87.2,,,,49,,1790255509000,2026-09-24T18:41:49.000+05:30,47957.4127203653,1790250400645,Default Profile,false
2026-09-24T13:11:53.000Z,12.782621020451188,75.19345069304109,11.0,8.0,,0.0,23,gps,0.4,1.0,1.2,-87.1,,,,49,,1790255513000,2026-09-24T18:41:53.000+05:30,47957.477812948804,1790250400645,Default Profile,false
2026-09-24T13:11:57.000Z,12.782620810903609,75.19345086067915,11.0,8.0,,0.0,22,gps,0.6,1.0,1.2,-87.2,,,,49,,1790255517000,2026-09-24T18:41:57.000+05:30,47957.50736591887,1790250400645,Default Profile,false
2026-09-24T13:12:00.000Z,12.782620517536998,75.19345069304109,11.0,8.0,,0.0,24,gps,0.4,1.0,1.0,-87.2,,,,49,,1790255520000,2026-09-24T18:42:00.000+05:30,47957.5447100017,1790250400645,Default Profile,false
2026-09-24T13:12:04.000Z,12.782620182260871,75.19345094449818,11.0,8.0,,0.0,23,gps,0.4,1.2,1.2,-87.2,,,,49,,1790255524000,2026-09-24T18:42:04.000+05:30,47957.59089880511,1790250400645,Default Profile,false
2026-09-24T13:12:07.000Z,12.782620014622808,75.19345111213624,11.0,8.0,,0.0,22,gps,0.4,1.0,1.2,-87.2,,,,49,,1790255527000,2026-09-24T18:42:07.000+05:30,47957.61693583857,1790250400645,Default Profile,false
2026-09-24T13:12:11.000Z,12.782619805075228,75.19345119595528,11.0,8.0,,0.0,21,gps,0.4,1.2,1.2,-87.2,,,,49,,1790255531000,2026-09-24T18:42:11.000+05:30,47957.64194651527,1790250400645,Default Profile,false
2026-09-24T13:12:14.000Z,12.782619721256196,75.19345136359334,11.0,8.0,,0.0,23,gps,0.4,1.0,1.2,-87.2,,,,49,,1790255534000,2026-09-24T18:42:14.000+05:30,47957.66237507057,1790250400645,Default Profile,false
2026-09-24T13:12:18.000Z,12.782619553618133,75.1934515312314,11.0,8.0,,0.0,22,gps,0.4,1.0,1.2,-87.2,,,,49,,1790255538000,2026-09-24T18:42:18.000+05:30,47957.68841210405,1790250400645,Default Profile,false
2026-09-24T13:12:22.000Z,12.782619344070554,75.19345161505044,11.0,8.0,,0.0,22,gps,0.4,1.0,1.2,-87.2,,,,49,,1790255542000,2026-09-24T18:42:22.000+05:30,47957.71342278076,1790250400645,Default Profile,false
2026-09-24T13:12:25.000Z,12.782619260251522,75.19345169886947,11.0,8.5,,0.0,21,gps,0.6,1.2,1.2,-87.2,,,,49,,1790255545000,2026-09-24T18:42:25.000+05:30,47957.72644129751,1790250400645,Default Profile,false
2026-09-24T13:12:28.000Z,12.78261917643249,75.1934517826885,11.0,8.0,,0.0,22,gps,0.4,1.0,1.2,-87.2,,,,49,,1790255548000,2026-09-24T18:42:28.000+05:30,47957.739459814264,1790250400645,Default Profile,false
2026-09-24T13:12:32.000Z,12.782619050703943,75.19345186650753,11.0,8.5,,0.0,24,gps,0.4,1.0,1.2,-87.2,,,,49,,1790255552000,2026-09-24T18:42:32.000+05:30,47957.75613511422,1790250400645,Default Profile,false
2026-09-24T13:12:35.000Z,12.782618631608784,75.19345195032656,11.0,8.5,,0.0,18,gps,0.6,1.6,1.6,-87.1,,,,49,,1790255555000,2026-09-24T18:42:35.000+05:30,47957.80361449611,1790250400645,Default Profile,false
2026-09-24T13:12:39.000Z,12.78261817060411,75.1934520341456,11.0,8.5,,0.0,21,gps,0.4,1.2,1.2,-87.2,,,,49,,1790255559000,2026-09-24T18:42:39.000+05:30,47957.855675459185,1790250400645,Default Profile,false
2026-09-24T13:12:42.000Z,12.78261796105653,75.19345220178366,11.0,8.5,,0.0,21,gps,0.4,1.0,1.2,-87.2,,,,49,,1790255562000,2026-09-24T18:42:42.000+05:30,47957.885228429375,1790250400645,Default Profile,false
2026-09-24T13:12:46.000Z,12.782619008794427,75.19346728920937,11.0,8.0,25.3,0.26,22,gps,0.4,1.0,1.2,-87.2,,,,49,,1790255566000,2026-09-24T18:42:46.000+05:30,47959.52543854306,1790250400645,Default Profile,false
2026-09-24T13:12:50.000Z,12.782609788700938,75.19348287954926,11.0,8.0,25.3,0.28,22,gps,0.4,1.0,1.2,-87.2,,,,49,,1790255570000,2026-09-24T18:42:50.000+05:30,47961.502615792946,1790250400645,Default Profile,false
2026-09-24T13:12:53.000Z,12.782605765387416,75.19348438829184,11.0,9.0,25.3,0.38,17,gps,0.6,1.2,1.4,-87.2,,,,49,,1790255573000,2026-09-24T18:42:53.000+05:30,47961.97896536787,1790250400645,Default Profile,false
2026-09-24T13:12:57.000Z,12.782606016844511,75.19348782487214,11.0,8.0,,0.0,21,gps,0.4,1.0,1.2,-87.2,,,,49,,1790255577000,2026-09-24T18:42:57.000+05:30,47962.352672640984,1790250400645,Default Profile,false
2026-09-24T13:13:00.000Z,12.782606016844511,75.1934882439673,11.0,8.0,,0.0,18,gps,0.6,1.2,1.4,-87.2,,,,49,,1790255580000,2026-09-24T18:43:00.000+05:30,47962.39811895733,1790250400645,Default Profile,false
2026-09-24T13:13:04.000Z,12.782600107602775,75.19349436275661,11.0,8.0,,0.0,20,gps,0.6,1.2,1.4,-87.2,,,,49,,1790255584000,2026-09-24T18:43:04.000+05:30,47963.331930977176,1790250400645,Default Profile,false
2026-09-24T13:13:08.000Z,12.7825988503173,75.19349427893758,11.0,8.0,,0.0,21,gps,0.4,1.0,1.2,-87.2,,,,49,,1790255588000,2026-09-24T18:43:08.000+05:30,47963.47202989854,1790250400645,Default Profile,false
2026-09-24T13:13:12.000Z,12.78259763494134,75.19349411129951,11.0,8.0,,0.0,22,gps,0.4,1.2,1.2,-87.2,,,,49,,1790255592000,2026-09-24T18:43:12.000+05:30,47963.60839067908,1790250400645,Default Profile,false
2026-09-24T13:13:15.000Z,12.782596880570054,75.19349402748048,11.0,8.0,,0.0,21,gps,0.4,1.0,1.2,-87.2,,,,49,,1790255595000,2026-09-24T18:43:15.000+05:30,47963.69276394625,1790250400645,Default Profile,false
2026-09-24T13:13:19.000Z,12.782595455646515,75.19349385984242,11.0,8.0,,0.0,20,gps,0.6,1.4,1.4,-87.2,,,,49,,1790255599000,2026-09-24T18:43:19.000+05:30,47963.85224762894,1790250400645,Default Profile,false
2026-09-24T13:13:23.000Z,12.782594785094261,75.19349377602339,11.0,8.0,,0.0,22,gps,0.6,1.2,1.4,-87.2,,,,49,,1790255603000,2026-09-24T18:43:23.000+05:30,47963.92736159469,1790250400645,Default Profile,false
2026-09-24T13:13:26.000Z,12.782594449818134,75.19349369220436,11.0,8.0,,0.0,17,gps,0.8,1.6,1.8,-87.2,,,,49,,1790255606000,2026-09-24T18:43:26.000+05:30,47963.96573460601,1790250400645,Default Profile,false
2026-09-24T13:13:30.000Z,12.782594072632492,75.1934932731092,11.0,8.0,,0.0,16,gps,0.8,1.6,1.8,-87.2,,,,49,,1790255610000,2026-09-24T18:43:30.000+05:30,47964.02757655163,1790250400645,Default Profile,false
2026-09-24T13:13:33.000Z,12.782593821175396,75.19349335692823,11.0,8.0,,0.0,20,gps,0.6,1.2,1.4,-87.2,,,,49,,1790255613000,2026-09-24T18:43:33.000+05:30,47964.056977545435,1790250400645,Default Profile,false
2026-09-24T13:13:37.000Z,12.782593569718301,75.19349335692823,11.0,8.0,,0.0,22,gps,0.4,1.0,1.2,-87.2,,,,49,,1790255617000,2026-09-24T18:43:37.000+05:30,47964.084938298685,1790250400645,Default Profile,false
2026-09-24T13:13:41.000Z,12.782593066804111,75.19349318929017,11.0,8.0,,0.0,19,gps,0.6,1.2,1.4,-87.2,,,,49,,1790255621000,2026-09-24T18:43:41.000+05:30,47964.143740286316,1790250400645,Default Profile,false
2026-09-24T13:13:44.000Z,12.78259298298508,75.19349318929017,11.0,8.0,,0.0,25,gps,0.4,1.0,1.0,-87.2,,,,49,,1790255624000,2026-09-24T18:43:44.000+05:30,47964.1530605374,1790250400645,Default Profile,false
2026-09-24T13:13:48.000Z,12.782592899166048,75.1934932731092,11.0,8.0,,0.0,23,gps,0.4,1.0,1.0,-87.2,,,,49,,1790255628000,2026-09-24T18:43:48.000+05:30,47964.16607905481,1790250400645,Default Profile,false
2026-09-24T13:13:52.000Z,12.78259298298508,75.1934932731092,11.0,8.0,,0.0,24,gps,0.4,1.0,1.0,-87.2,,,,49,,1790255632000,2026-09-24T18:43:52.000+05:30,47964.175399305896,1790250400645,Default Profile,false
2026-09-24T13:13:55.000Z,12.782593066804111,75.1934932731092,11.0,8.0,,0.0,24,gps,0.4,1.0,1.0,-87.2,,,,49,,1790255635000,2026-09-24T18:43:55.000+05:30,47964.18471955698,1790250400645,Default Profile,false
2026-09-24T13:13:59.000Z,12.782593066804111,75.19349318929017,11.0,8.0,,0.0,18,gps,0.6,1.2,1.4,-87.2,,,,49,,1790255639000,2026-09-24T18:43:59.000+05:30,47964.19380882072,1790250400645,Default Profile,false
2026-09-24T13:14:02.000Z,12.782592941075563,75.19349310547113,11.0,8.0,,0.0,23,gps,0.4,1.0,1.2,-87.2,,,,49,,1790255642000,2026-09-24T18:44:02.000+05:30,47964.21048412119,1790250400645,Default Profile,false
2026-09-24T13:14:06.000Z,12.782592857256532,75.19349318929017,11.0,8.0,,0.0,26,gps,0.4,1.0,1.2,-87.2,,,,49,,1790255646000,2026-09-24T18:44:06.000+05:30,47964.223502638604,1790250400645,Default Profile,false
2026-09-24T13:14:09.000Z,12.782592731527984,75.19349318929017,11.0,8.0,,0.0,24,gps,0.4,1.2,1.2,-87.2,,,,49,,1790255649000,2026-09-24T18:44:09.000+05:30,47964.237483015226,1790250400645,Default Profile,false
2026-09-24T13:14:13.000Z,12.782592186704278,75.19349318929017,11.0,8.0,,0.0,24,gps,0.4,1.0,1.0,-87.2,,,,49,,1790255653000,2026-09-24T18:44:13.000+05:30,47964.298064647264,1790250400645,Default Profile,false
2026-09-24T13:14:16.000Z,12.782592186704278,75.19349310547113,11.0,7.5,,0.0,16,gps,0.6,1.2,1.4,-87.2,,,,49,,1790255656000,2026-09-24T18:44:16.000+05:30,47964.30715391103,1790250400645,Default Profile,false
2026-09-24T13:14:19.000Z,12.782592019066215,75.19349318929017,11.0,8.0,,0.0,23,gps,0.4,1.2,1.2,-87.2,,,,49,,1790255659000,2026-09-24T18:44:19.000+05:30,47964.327892354486,1790250400645,Default Profile,false
2026-09-24T13:14:23.000Z,12.782591851428151,75.19349318929017,11.0,8.0,,0.0,23,gps,0.4,1.2,1.2,-87.2,,,,49,,1790255663000,2026-09-24T18:44:23.000+05:30,47964.34653285665,1790250400645,Default Profile,false
2026-09-24T13:14:26.000Z,12.782591809518635,75.1934932731092,11.0,8.0,,0.0,21,gps,0.4,1.2,1.2,-87.1,,,,49,,1790255666000,2026-09-24T18:44:26.000+05:30,47964.35674713519,1790250400645,Default Profile,false
2026-09-24T13:14:29.000Z,12.782591809518635,75.19349318929017,11.0,8.0,,0.0,23,gps,0.4,1.2,1.2,-87.2,,,,49,,1790255669000,2026-09-24T18:44:29.000+05:30,47964.365836398974,1790250400645,Default Profile,false
2026-09-24T13:14:33.000Z,12.782591599971056,75.19349318929017,11.0,8.0,,0.0,18,gps,0.6,1.6,1.8,-87.2,,,,49,,1790255673000,2026-09-24T18:44:33.000+05:30,47964.38913702668,1790250400645,Default Profile,false
2026-09-24T13:14:37.000Z,12.782591432332993,75.19349310547113,11.0,8.0,,0.0,19,gps,0.6,1.2,1.2,-87.2,,,,49,,1790255677000,2026-09-24T18:44:37.000+05:30,47964.40987547014,1790250400645,Default Profile,false
2026-09-24T13:14:40.000Z,12.782591097056866,75.1934930216521,11.0,8.5,,0.0,20,gps,0.6,1.4,1.4,-87.2,,,,49,,1790255680000,2026-09-24T18:44:40.000+05:30,47964.448248481494,1790250400645,Default Profile,false
2026-09-24T13:14:43.000Z,12.782590887509286,75.19349310547113,11.0,8.0,,0.0,23,gps,0.4,1.2,1.2,-87.2,,,,49,,1790255683000,2026-09-24T18:44:43.000+05:30,47964.47325915858,1790250400645,Default Profile,false
2026-09-24T13:14:47.000Z,12.782590594142675,75.1934930216521,11.0,8.0,,0.0,21,gps,0.4,1.2,1.2,-87.1,,,,49,,1790255687000,2026-09-24T18:44:47.000+05:30,47964.50712265589,1790250400645,Default Profile,false
2026-09-24T13:14:50.000Z,12.782590468414128,75.19349293783307,11.0,8.0,,0.0,23,gps,0.4,1.2,1.2,-87.2,,,,49,,1790255690000,2026-09-24T18:44:50.000+05:30,47964.52379795641,1790250400645,Default Profile,false
2026-09-24T13:14:54.000Z,12.782590468414128,75.19349310547113,11.0,8.0,,0.0,24,gps,0.4,1.0,1.2,-87.2,,,,49,,1790255694000,2026-09-24T18:44:54.000+05:30,47964.54197648407,1790250400645,Default Profile,false
2026-09-24T13:14:58.000Z,12.782590091228485,75.19349310547113,11.0,7.5,,0.0,20,gps,0.6,1.4,1.4,-87.2,,,,49,,1790255698000,2026-09-24T18:44:58.000+05:30,47964.58391761394,1790250400645,Default Profile,false
2026-09-24T13:15:02.000Z,12.78259004931897,75.19349318929017,11.0,8.0,,0.0,22,gps,0.4,1.2,1.2,-87.2,,,,49,,1790255702000,2026-09-24T18:45:02.000+05:30,47964.59413189254,1790250400645,Default Profile,false
2026-09-24T13:15:05.000Z,12.78258983977139,75.19349310547113,11.0,8.0,,0.0,22,gps,0.4,1.2,1.2,-87.2,,,,49,,1790255705000,2026-09-24T18:45:05.000+05:30,47964.61914256964,1790250400645,Default Profile,false
2026-09-24T13:15:09.000Z,12.782589672133327,75.19349310547113,11.0,8.0,,0.0,24,gps,0.4,1.0,1.2,-87.2,,,,49,,1790255709000,2026-09-24T18:45:09.000+05:30,47964.637783071805,1790250400645,Default Profile,false
2026-09-24T13:15:12.000Z,12.7825893368572,75.1934930216521,11.0,8.0,,0.0,25,gps,0.4,1.0,1.2,-87.2,,,,49,,1790255712000,2026-09-24T18:45:12.000+05:30,47964.67615608317,1790250400645,Default Profile,false
2026-09-24T13:15:16.000Z,12.782588875852525,75.19349285401404,11.0,8.0,,0.0,20,gps,0.4,1.2,1.2,-87.1,,,,49,,1790255716000,2026-09-24T18:45:16.000+05:30,47964.7305453105,1790250400645,Default Profile,false
2026-09-24T13:15:20.000Z,12.782588582485914,75.19349268637598,11.0,8.0,,0.0,23,gps,0.4,1.2,1.2,-87.2,,,,49,,1790255720000,2026-09-24T18:45:20.000+05:30,47964.76788939444,1790250400645,Default Profile,false
2026-09-24T13:15:24.000Z,12.782588540576398,75.19349260255694,11.0,8.0,,0.0,24,gps,0.4,1.0,1.2,-87.2,,,,49,,1790255724000,2026-09-24T18:45:24.000+05:30,47964.77810367309,1790250400645,Default Profile,false
2026-09-24T13:15:27.000Z,12.782588540576398,75.19349260255694,11.0,8.0,,0.0,25,gps,0.4,1.0,1.2,-87.2,,,,49,,1790255727000,2026-09-24T18:45:27.000+05:30,47964.77810367309,1790250400645,Default Profile,false
2026-09-24T13:15:31.000Z,12.782588582485914,75.19349235109985,11.0,8.0,,0.0,23,gps,0.4,1.0,1.2,-87.2,,,,49,,1790255731000,2026-09-24T18:45:31.000+05:30,47964.80576681163,1790250400645,Default Profile,false
2026-09-24T13:15:34.000Z,12.782588750123978,75.19349243491888,11.0,8.0,,0.0,25,gps,0.4,1.0,1.2,-87.2,,,,49,,1790255734000,2026-09-24T18:45:34.000+05:30,47964.826505255136,1790250400645,Default Profile,false
2026-09-24T13:15:38.000Z,12.782588582485914,75.19349243491888,11.0,8.0,,0.0,22,gps,0.4,1.2,1.4,-87.2,,,,49,,1790255738000,2026-09-24T18:45:38.000+05:30,47964.8451457573,1790250400645,Default Profile,false
2026-09-24T13:15:41.000Z,12.782588498666883,75.19349235109985,11.0,8.0,,0.0,19,gps,0.6,1.2,1.4,-87.2,,,,49,,1790255741000,2026-09-24T18:45:41.000+05:30,47964.858164274825,1790250400645,Default Profile,false
2026-09-24T13:15:46.000Z,12.782588163390756,75.19349226728082,11.0,8.0,,0.0,21,gps,0.4,1.2,1.4,-87.2,,,,49,,1790255746000,2026-09-24T18:45:46.000+05:30,47964.89653728621,1790250400645,Default Profile,false
2026-09-24T13:15:49.000Z,12.782587953843176,75.19349226728082,11.0,7.5,,0.0,18,gps,0.6,1.4,1.4,-87.2,,,,49,,1790255749000,2026-09-24T18:45:49.000+05:30,47964.91983791391,1790250400645,Default Profile,false
2026-09-24T13:15:53.000Z,12.78258791193366,75.19349235109985,11.0,7.5,,0.0,16,gps,0.6,1.6,1.6,-87.2,,,,49,,1790255753000,2026-09-24T18:45:53.000+05:30,47964.930052192576,1790250400645,Default Profile,false
2026-09-24T13:15:56.000Z,12.782587660476565,75.19349251873791,11.0,8.0,,0.0,21,gps,0.4,1.2,1.4,-87.2,,,,49,,1790255756000,2026-09-24T18:45:56.000+05:30,47964.96340279373,1790250400645,Default Profile,false
2026-09-24T13:16:00.000Z,12.78258740901947,75.19349251873791,11.0,7.5,,0.0,15,gps,0.8,2.2,2.4,-87.2,,,,49,,1790255760000,2026-09-24T18:46:00.000+05:30,47964.99136354698,1790250400645,Default Profile,false
2026-09-24T13:16:04.000Z,12.78258740901947,75.19349251873791,11.0,7.5,,0.0,21,gps,0.6,1.4,1.6,-87.2,,,,49,,1790255764000,2026-09-24T18:46:04.000+05:30,47964.99136354698,1790250400645,Default Profile,false
2026-09-24T13:16:08.000Z,12.782587241381407,75.19349277019501,11.0,8.0,,0.0,22,gps,0.4,1.2,1.4,-87.2,,,,49,,1790255768000,2026-09-24T18:46:08.000+05:30,47965.0243938481,1790250400645,Default Profile,false
2026-09-24T13:16:11.000Z,12.78258711565286,75.19349293783307,11.0,8.0,,0.0,18,gps,0.6,1.4,1.6,-87.2,,,,49,,1790255771000,2026-09-24T18:46:11.000+05:30,47965.0473265716,1790250400645,Default Profile,false
2026-09-24T13:16:15.000Z,12.782586948014796,75.19349310547113,11.0,8.0,,0.0,16,gps,0.6,1.4,1.6,-87.2,,,,49,,1790255775000,2026-09-24T18:46:15.000+05:30,47965.073363606716,1790250400645,Default Profile,false
2026-09-24T13:16:18.000Z,12.782586822286248,75.1934932731092,11.0,7.5,,0.0,16,gps,0.6,1.8,2.0,-87.2,,,,49,,1790255778000,2026-09-24T18:46:18.000+05:30,47965.09629633023,1790250400645,Default Profile,false
2026-09-24T13:16:22.000Z,12.782587031833827,75.1934930216521,11.0,7.5,,0.0,16,gps,0.8,2.0,2.0,-87.2,,,,49,,1790255782000,2026-09-24T18:46:22.000+05:30,47965.13216347014,1790250400645,Default Profile,false
2026-09-24T13:16:26.000Z,12.782586780376732,75.19349318929017,11.0,7.5,,0.0,18,gps,0.6,1.6,1.8,-87.2,,,,49,,1790255786000,2026-09-24T18:46:26.000+05:30,47965.16551407133,1790250400645,Default Profile,false
2026-09-24T13:16:29.000Z,12.7825866965577,75.1934932731092,11.0,7.5,,0.0,19,gps,0.6,1.4,1.6,-87.2,,,,49,,1790255789000,2026-09-24T18:46:29.000+05:30,47965.17853258889,1790250400645,Default Profile,false
2026-09-24T13:16:33.000Z,12.782586528919637,75.1934932731092,11.0,7.5,,0.0,20,gps,0.6,1.6,1.6,-87.2,,,,49,,1790255793000,2026-09-24T18:46:33.000+05:30,47965.19717309106,1790250400645,Default Profile,false
2026-09-24T13:16:36.000Z,12.782586487010121,75.19349344074726,11.0,8.0,,0.0,19,gps,0.6,1.6,1.8,-87.2,,,,49,,1790255796000,2026-09-24T18:46:36.000+05:30,47965.21593943456,1790250400645,Default Profile,false
2026-09-24T13:16:40.000Z,12.782586445100605,75.19349335692823,11.0,8.0,,0.0,20,gps,0.6,1.2,1.4,-87.2,,,,49,,1790255800000,2026-09-24T18:46:40.000+05:30,47965.22615371327,1790250400645,Default Profile,false
2026-09-24T13:16:43.000Z,12.78258640319109,75.1934932731092,11.0,8.0,,0.0,20,gps,0.6,1.2,1.4,-87.2,,,,49,,1790255803000,2026-09-24T18:46:43.000+05:30,47965.23636799199,1790250400645,Default Profile,false
2026-09-24T13:16:47.000Z,12.78258640319109,75.1934930216521,11.0,8.0,,0.0,21,gps,0.6,1.2,1.4,-87.1,,,,49,,1790255807000,2026-09-24T18:46:47.000+05:30,47965.263635783915,1790250400645,Default Profile,false
2026-09-24T13:16:50.000Z,12.782586277462542,75.19349310547113,11.0,8.0,,0.0,21,gps,0.6,1.2,1.4,-87.2,,,,49,,1790255810000,2026-09-24T18:46:50.000+05:30,47965.28031108452,1790250400645,Default Profile,false
2026-09-24T13:16:54.000Z,12.782586235553026,75.1934930216521,11.0,8.0,,0.0,21,gps,0.6,1.2,1.4,-87.2,,,,49,,1790255814000,2026-09-24T18:46:54.000+05:30,47965.29052536324,1790250400645,Default Profile,false
2026-09-24T13:16:58.000Z,12.782586109824479,75.19349310547113,11.0,7.5,,0.0,19,gps,0.6,1.2,1.4,-87.2,,,,49,,1790255818000,2026-09-24T18:46:58.000+05:30,47965.30720066385,1790250400645,Default Profile,false
2026-09-24T13:17:02.000Z,12.782583092339337,75.19348816014826,10.0,7.5,25.3,0.06,21,gps,0.6,1.2,1.4,-87.2,,,,49,,1790255822000,2026-09-24T18:47:02.000+05:30,47965.93978392249,1790250400645,Default Profile,false
2026-09-24T13:17:05.000Z,12.782570268027484,75.19349503330886,10.0,8.0,25.3,0.21,21,gps,0.6,1.2,1.4,-87.2,,,,49,,1790255825000,2026-09-24T18:47:05.000+05:30,47967.54881248007,1790250400645,Default Profile,false
2026-09-24T13:17:09.000Z,12.78256980702281,75.19349394366145,10.0,8.0,,0.0,19,gps,0.6,1.4,1.4,-87.2,,,,49,,1790255829000,2026-09-24T18:47:09.000+05:30,47967.6776131734,1790250400645,Default Profile,false
2026-09-24T13:17:12.000Z,12.78256959747523,75.19349402748048,10.0,7.0,,0.0,21,gps,0.6,1.2,1.4,-87.2,,,,49,,1790255832000,2026-09-24T18:47:12.000+05:30,47967.70262385076,1790250400645,Default Profile,false
2026-09-24T13:17:16.000Z,12.782569429837167,75.19349402748048,10.0,8.0,,0.0,21,gps,0.6,1.2,1.4,-87.2,,,,49,,1790255836000,2026-09-24T18:47:16.000+05:30,47967.72126435293,1790250400645,Default Profile,false
2026-09-24T13:17:19.000Z,12.782569262199104,75.19349402748048,10.0,7.0,,0.0,23,gps,0.4,1.2,1.2,-87.2,,,,49,,1790255839000,2026-09-24T18:47:19.000+05:30,47967.739904855094,1790250400645,Default Profile,false
2026-09-24T13:17:23.000Z,12.782568885013461,75.19349411129951,10.0,7.0,,0.0,20,gps,0.6,1.2,1.4,-87.1,,,,49,,1790255843000,2026-09-24T18:47:23.000+05:30,47967.78281957409,1790250400645,Default Profile,false
2026-09-24T13:17:27.000Z,12.782568675465882,75.19349427893758,10.0,8.0,,0.0,23,gps,0.4,1.0,1.2,-87.2,,,,49,,1790255847000,2026-09-24T18:47:27.000+05:30,47967.81237254646,1790250400645,Default Profile,false
2026-09-24T13:17:30.000Z,12.782568633556366,75.19349419511855,10.0,8.0,,0.0,26,gps,0.4,1.0,1.0,-87.1,,,,49,,1790255850000,2026-09-24T18:47:30.000+05:30,47967.82258682574,1790250400645,Default Profile,false
2026-09-24T13:17:33.000Z,12.782568549737334,75.19349427893758,10.0,8.0,,0.0,25,gps,0.4,1.0,1.2,-87.2,,,,49,,1790255853000,2026-09-24T18:47:33.000+05:30,47967.83560534377,1790250400645,Default Profile,false
2026-09-24T13:17:37.000Z,12.782568256370723,75.19349427893758,10.0,7.5,,0.0,24,gps,0.4,1.0,1.2,-87.2,,,,49,,1790255857000,2026-09-24T18:47:37.000+05:30,47967.868226222556,1790250400645,Default Profile,false
2026-09-24T13:17:40.000Z,12.782568004913628,75.19349436275661,10.0,8.0,,0.0,23,gps,0.4,1.0,1.2,-87.2,,,,49,,1790255860000,2026-09-24T18:47:40.000+05:30,47967.897627216655,1790250400645,Default Profile,false
2026-09-24T13:17:44.000Z,12.782567711547017,75.19349444657564,10.0,8.0,,0.0,21,gps,0.4,1.0,1.2,-87.2,,,,49,,1790255864000,2026-09-24T18:47:44.000+05:30,47967.93149071418,1790250400645,Default Profile,false
2026-09-24T13:17:47.000Z,12.782567501999438,75.19349444657564,10.0,8.0,,0.0,22,gps,0.4,1.2,1.2,-87.1,,,,49,,1790255867000,2026-09-24T18:47:47.000+05:30,47967.95479134189,1790250400645,Default Profile,false
2026-09-24T13:17:51.000Z,12.782567418180406,75.19349394366145,10.0,8.0,,0.0,16,gps,0.6,1.6,1.8,-87.2,,,,49,,1790255871000,2026-09-24T18:47:51.000+05:30,47968.01011762346,1790250400645,Default Profile,false
2026-09-24T13:17:55.000Z,12.782567250542343,75.1934932731092,10.0,7.0,,0.0,16,gps,0.6,1.4,1.6,-87.2,,,,49,,1790255875000,2026-09-24T18:47:55.000+05:30,47968.0851830028,1790250400645,Default Profile,false
2026-09-24T13:17:59.000Z,12.78256708290428,75.1934930216521,9.0,8.0,,0.0,20,gps,0.6,1.2,1.2,-87.1,,,,49,,1790255879000,2026-09-24T18:47:59.000+05:30,47968.118213305715,1790250400645,Default Profile,false
2026-09-24T13:18:03.000Z,12.7825668733567,75.19349310547113,9.0,8.0,,0.0,22,gps,0.4,1.0,1.2,-87.2,,,,49,,1790255883000,2026-09-24T18:48:03.000+05:30,47968.14322398311,1790250400645,Default Profile,false
2026-09-24T13:18:06.000Z,12.782566747628152,75.1934930216521,9.0,8.0,,0.0,22,gps,0.4,1.0,1.2,-87.2,,,,49,,1790255886000,2026-09-24T18:48:06.000+05:30,47968.159899284095,1790250400645,Default Profile,false
2026-09-24T13:18:10.000Z,12.782566454261541,75.19349285401404,9.0,8.0,,0.0,19,gps,0.6,1.2,1.4,-87.2,,,,49,,1790255890000,2026-09-24T18:48:10.000+05:30,47968.19724336881,1790250400645,Default Profile,false
2026-09-24T13:18:14.000Z,12.782566202804446,75.19349277019501,9.0,7.0,,0.0,14,gps,0.6,1.2,1.4,-87.2,,,,49,,1790255894000,2026-09-24T18:48:14.000+05:30,47968.22664436293,1790250400645,Default Profile,false
2026-09-24T13:18:18.000Z,12.78256616089493,75.19349277019501,9.0,7.5,,0.0,14,gps,0.8,1.8,2.0,-87.1,,,,49,,1790255898000,2026-09-24T18:48:18.000+05:30,47968.231304488465,1790250400645,Default Profile,false
2026-09-24T13:18:21.000Z,12.782566118985415,75.19349285401404,9.0,8.0,,0.0,18,gps,0.6,1.2,1.2,-87.2,,,,49,,1790255901000,2026-09-24T18:48:21.000+05:30,47968.24151876783,1790250400645,Default Profile,false
2026-09-24T13:18:25.000Z,12.782566077075899,75.19349277019501,9.0,7.0,,0.0,17,gps,0.6,1.2,1.2,-87.2,,,,49,,1790255905000,2026-09-24T18:48:25.000+05:30,47968.2517330472,1790250400645,Default Profile,false
2026-09-24T13:18:28.000Z,12.782566077075899,75.19349277019501,9.0,8.0,,0.0,20,gps,0.4,1.0,1.2,-87.2,,,,49,,1790255908000,2026-09-24T18:48:28.000+05:30,47968.2517330472,1790250400645,Default Profile,false
2026-09-24T13:18:31.000Z,12.782566077075899,75.19349277019501,9.0,8.0,,0.0,20,gps,0.4,1.0,1.2,-87.2,,,,49,,1790255911000,2026-09-24T18:48:31.000+05:30,47968.2517330472,1790250400645,Default Profile,false
2026-09-24T13:18:35.000Z,12.782566035166383,75.19349285401404,10.0,8.0,,0.0,19,gps,0.6,1.0,1.2,-87.2,,,,49,,1790255915000,2026-09-24T18:48:35.000+05:30,47968.261947326566,1790250400645,Default Profile,false
2026-09-24T13:18:38.000Z,12.782565909437835,75.19349285401404,10.0,8.0,,0.0,19,gps,0.6,1.0,1.2,-87.1,,,,49,,1790255918000,2026-09-24T18:48:38.000+05:30,47968.27592770319,1790250400645,Default Profile,false
2026-09-24T13:18:42.000Z,12.782565741799772,75.19349285401404,10.0,8.0,,0.0,20,gps,0.6,1.0,1.2,-87.2,,,,49,,1790255922000,2026-09-24T18:48:42.000+05:30,47968.294568205354,1790250400645,Default Profile,false
2026-09-24T13:18:45.000Z,12.782565532252192,75.19349277019501,10.0,8.0,,0.0,23,gps,0.4,1.0,1.0,-87.2,,,,49,,1790255925000,2026-09-24T18:48:45.000+05:30,47968.31957888277,1790250400645,Default Profile,false
2026-09-24T13:18:49.000Z,12.782565490342677,75.19349268637598,10.0,8.0,,0.0,20,gps,0.6,1.0,1.2,-87.2,,,,49,,1790255929000,2026-09-24T18:48:49.000+05:30,47968.32979316216,1790250400645,Default Profile,false
2026-09-24T13:18:53.000Z,12.782565322704613,75.19349277019501,10.0,8.0,,0.0,21,gps,0.4,1.0,1.2,-87.2,,,,49,,1790255933000,2026-09-24T18:48:53.000+05:30,47968.35053160603,1790250400645,Default Profile,false
2026-09-24T13:18:56.000Z,12.78256515506655,75.19349268637598,10.0,8.0,,0.0,20,gps,0.6,1.0,1.2,-87.2,,,,49,,1790255936000,2026-09-24T18:48:56.000+05:30,47968.37127004991,1790250400645,Default Profile,false
2026-09-24T13:19:00.000Z,12.782564735971391,75.19349260255694,10.0,8.0,,0.0,19,gps,0.6,1.0,1.2,-87.2,,,,49,,1790255940000,2026-09-24T18:49:00.000+05:30,47968.418749432174,1790250400645,Default Profile,false
2026-09-24T13:19:04.000Z,12.78256444260478,75.19349260255694,10.0,8.0,,0.0,20,gps,0.6,1.2,1.4,-87.2,,,,49,,1790255944000,2026-09-24T18:49:04.000+05:30,47968.45137031096,1790250400645,Default Profile,false
2026-09-24T13:19:08.000Z,12.782564358785748,75.19349260255694,10.0,8.0,,0.0,20,gps,0.4,1.0,1.2,-87.1,,,,49,,1790255948000,2026-09-24T18:49:08.000+05:30,47968.460690562046,1790250400645,Default Profile,false
2026-09-24T13:19:11.000Z,12.782563981600106,75.19349260255694,10.0,8.0,,0.0,18,gps,0.6,1.4,1.4,-87.2,,,,49,,1790255951000,2026-09-24T18:49:11.000+05:30,47968.50263169192,1790250400645,Default Profile,false
2026-09-24T13:19:15.000Z,12.782563688233495,75.19349218346179,10.0,8.0,,0.0,18,gps,0.6,1.2,1.4,-87.2,,,,49,,1790255955000,2026-09-24T18:49:15.000+05:30,47968.55857353755,1790250400645,Default Profile,false
2026-09-24T13:19:19.000Z,12.782563394866884,75.19349176436663,10.0,8.0,,0.0,19,gps,0.6,1.2,1.4,-87.2,,,,49,,1790255959000,2026-09-24T18:49:19.000+05:30,47968.614515383226,1790250400645,Default Profile,false
2026-09-24T13:19:22.000Z,12.78256293386221,75.1934916805476,10.0,8.0,,0.0,19,gps,0.6,1.2,1.4,-87.2,,,,49,,1790255962000,2026-09-24T18:49:22.000+05:30,47968.666576346644,1790250400645,Default Profile,false
2026-09-24T13:19:26.000Z,12.782562891952693,75.19349159672856,10.0,8.0,,0.0,21,gps,0.6,1.2,1.2,-87.2,,,,49,,1790255966000,2026-09-24T18:49:26.000+05:30,47968.676790626116,1790250400645,Default Profile,false
2026-09-24T13:19:29.000Z,12.78256272431463,75.1934916805476,10.0,7.5,,0.0,22,gps,0.4,1.0,1.2,-87.2,,,,49,,1790255969000,2026-09-24T18:49:29.000+05:30,47968.69752907003,1790250400645,Default Profile,false
2026-09-24T13:19:33.000Z,12.782562598586082,75.1934916805476,10.0,7.5,,0.0,25,gps,0.4,1.0,1.2,-87.2,,,,49,,1790255973000,2026-09-24T18:49:33.000+05:30,47968.71150944665,1790250400645,Default Profile,false
2026-09-24T13:19:37.000Z,12.782562556676567,75.19349159672856,10.0,7.5,,0.0,23,gps,0.4,1.0,1.2,-87.2,,,,49,,1790255977000,2026-09-24T18:49:37.000+05:30,47968.72172372613,1790250400645,Default Profile,false
2026-09-24T13:19:41.000Z,12.78256272431463,75.19349184818566,10.0,7.5,,0.0,24,gps,0.4,1.0,1.2,-87.2,,,,49,,1790255981000,2026-09-24T18:49:41.000+05:30,47968.75475402945,1790250400645,Default Profile,false
2026-09-24T13:19:45.000Z,12.782562598586082,75.19349184818566,10.0,8.0,,0.0,23,gps,0.4,1.0,1.2,-87.2,,,,49,,1790255985000,2026-09-24T18:49:45.000+05:30,47968.76873440607,1790250400645,Default Profile,false
2026-09-24T13:19:48.000Z,12.782562263309956,75.19349193200469,10.0,7.5,,0.0,24,gps,0.4,1.0,1.2,-87.2,,,,49,,1790255988000,2026-09-24T18:49:48.000+05:30,47968.80710741767,1790250400645,Default Profile,false
2026-09-24T13:19:52.000Z,12.78256201185286,75.19349176436663,10.0,7.5,,0.0,23,gps,0.4,1.0,1.2,-87.2,,,,49,,1790255992000,2026-09-24T18:49:52.000+05:30,47968.840458019826,1790250400645,Default Profile,false
2026-09-24T13:19:55.000Z,12.782561886124313,75.19349159672856,10.0,7.5,,0.0,25,gps,0.4,1.0,1.0,-87.2,,,,49,,1790255995000,2026-09-24T18:49:55.000+05:30,47968.863390744766,1790250400645,Default Profile,false
2026-09-24T13:19:58.000Z,12.782561886124313,75.19349134527147,10.0,7.5,,0.0,26,gps,0.4,1.0,1.0,-87.1,,,,49,,1790255998000,2026-09-24T18:49:58.000+05:30,47968.89065853934,1790250400645,Default Profile,false
2026-09-24T13:20:02.000Z,12.78256201185286,75.19349109381437,10.0,7.5,,0.0,25,gps,0.4,1.0,1.2,-87.2,,,,49,,1790256002000,2026-09-24T18:50:02.000+05:30,47968.921301377835,1790250400645,Default Profile,false
2026-09-24T13:20:05.000Z,12.782562179490924,75.19349092617631,10.0,7.5,,0.0,25,gps,0.4,1.0,1.0,-87.2,,,,49,,1790256005000,2026-09-24T18:50:05.000+05:30,47968.94733841421,1790250400645,Default Profile,false
2026-09-24T13:20:09.000Z,12.782562389038503,75.19349084235728,10.0,7.5,,0.0,24,gps,0.4,1.0,1.2,-87.2,,,,49,,1790256009000,2026-09-24T18:50:09.000+05:30,47968.97234909167,1790250400645,Default Profile,false
2026-09-24T13:20:12.000Z,12.78256272431463,75.19349050708115,10.0,7.5,,0.0,20,gps,0.4,1.0,1.2,-87.2,,,,49,,1790256012000,2026-09-24T18:50:12.000+05:30,47969.024423164374,1790250400645,Default Profile,false
2026-09-24T13:20:16.000Z,12.78256272431463,75.19349050708115,10.0,8.0,,0.0,16,gps,0.8,1.8,2.0,-87.1,,,,49,,1790256016000,2026-09-24T18:50:16.000+05:30,47969.024423164374,1790250400645,Default Profile,false
2026-09-24T13:20:19.000Z,12.782562682405114,75.19349067471921,10.0,7.5,,0.0,24,gps,0.4,1.0,1.2,-87.2,,,,49,,1790256019000,2026-09-24T18:50:19.000+05:30,47969.04318950953,1790250400645,Default Profile,false
2026-09-24T13:20:23.000Z,12.782562556676567,75.19349067471921,10.0,7.5,,0.0,24,gps,0.4,1.0,1.2,-87.2,,,,49,,1790256023000,2026-09-24T18:50:23.000+05:30,47969.05716988615,1790250400645,Default Profile,false
2026-09-24T13:20:27.000Z,12.78256251476705,75.19349067471921,10.0,7.5,,0.0,23,gps,0.4,1.0,1.2,-87.2,,,,49,,1790256027000,2026-09-24T18:50:27.000+05:30,47969.06183001169,1790250400645,Default Profile,false
2026-09-24T13:20:30.000Z,12.782562430948019,75.19349059090018,10.0,7.5,,0.0,23,gps,0.4,1.2,1.2,-87.2,,,,49,,1790256030000,2026-09-24T18:50:30.000+05:30,47969.07484852987,1790250400645,Default Profile,false
2026-09-24T13:20:34.000Z,12.782562389038503,75.19349059090018,10.0,7.5,,0.0,25,gps,0.4,1.0,1.0,-87.2,,,,49,,1790256034000,2026-09-24T18:50:34.000+05:30,47969.079508655406,1790250400645,Default Profile,false
2026-09-24T13:20:38.000Z,12.78256251476705,75.19349042326212,10.0,7.5,,0.0,23,gps,0.4,1.0,1.2,-87.2,,,,49,,1790256038000,2026-09-24T18:50:38.000+05:30,47969.10244138032,1790250400645,Default Profile,false
2026-09-24T13:20:42.000Z,12.782562640495598,75.19349025562406,10.0,7.5,,0.0,25,gps,0.4,1.0,1.0,-87.2,,,,49,,1790256042000,2026-09-24T18:50:42.000+05:30,47969.12537410522,1790250400645,Default Profile,false
2026-09-24T13:20:45.000Z,12.782562766224146,75.19349025562406,10.0,7.5,,0.0,23,gps,0.4,1.0,1.0,-87.2,,,,49,,1790256045000,2026-09-24T18:50:45.000+05:30,47969.13935448184,1790250400645,Default Profile,false
2026-09-24T13:20:48.000Z,12.782562766224146,75.19349025562406,10.0,7.5,,0.0,25,gps,0.4,1.0,1.0,-87.2,,,,49,,1790256048000,2026-09-24T18:50:48.000+05:30,47969.13935448184,1790250400645,Default Profile,false
2026-09-24T13:20:52.000Z,12.782562808133662,75.19349033944309,10.0,7.5,,0.0,24,gps,0.4,1.0,1.0,-87.2,,,,49,,1790256052000,2026-09-24T18:50:52.000+05:30,47969.14956876131,1790250400645,Default Profile,false
2026-09-24T13:20:55.000Z,12.782562850043178,75.19349033944309,10.0,7.5,,0.0,18,gps,0.6,1.4,1.6,-87.2,,,,49,,1790256055000,2026-09-24T18:50:55.000+05:30,47969.15422888685,1790250400645,Default Profile,false
2026-09-24T13:20:59.000Z,12.782562850043178,75.19349033944309,10.0,7.5,,0.0,18,gps,0.6,1.2,1.2,-87.2,,,,49,,1790256059000,2026-09-24T18:50:59.000+05:30,47969.15422888685,1790250400645,Default Profile,false
2026-09-24T13:21:02.000Z,12.782562766224146,75.19349042326212,10.0,7.5,,0.0,21,gps,0.4,1.0,1.2,-87.2,,,,48,,1790256062000,2026-09-24T18:51:02.000+05:30,47969.16724740502,1790250400645,Default Profile,false
2026-09-24T13:21:06.000Z,12.782562640495598,75.19349050708115,10.0,7.5,,0.0,21,gps,0.6,1.0,1.2,-87.2,,,,48,,1790256066000,2026-09-24T18:51:06.000+05:30,47969.18392270609,1790250400645,Default Profile,false
2026-09-24T13:21:09.000Z,12.78256251476705,75.19349050708115,10.0,7.0,,0.0,15,gps,0.6,1.2,1.4,-87.2,,,,48,,1790256069000,2026-09-24T18:51:09.000+05:30,47969.19790308271,1790250400645,Default Profile,false
2026-09-24T13:21:13.000Z,12.782562430948019,75.19349042326212,10.0,7.5,,0.0,22,gps,0.4,1.0,1.2,-87.2,,,,48,,1790256073000,2026-09-24T18:51:13.000+05:30,47969.21092160089,1790250400645,Default Profile,false
2026-09-24T13:21:16.000Z,12.782557946629822,75.19348891451955,9.0,7.5,25.3,0.12,22,gps,0.4,1.0,1.2,-87.2,,,,48,,1790256076000,2026-09-24T18:51:16.000+05:30,47969.735709629684,1790250400645,Default Profile,false
2026-09-24T13:21:20.000Z,12.78255513869226,75.19349436275661,8.0,7.5,25.3,0.07,22,gps,0.4,1.0,1.0,-87.2,,,,48,,1790256080000,2026-09-24T18:51:20.000+05:30,47970.403941515906,1790250400645,Default Profile,false
2026-09-24T13:21:23.000Z,12.782553797587752,75.19349637441337,8.0,7.5,,0.0,18,gps,0.8,1.2,1.4,-87.2,,,,48,,1790256083000,2026-09-24T18:51:23.000+05:30,47970.668183948306,1790250400645,Default Profile,false
2026-09-24T13:21:27.000Z,12.78255371376872,75.19349654205143,8.0,7.5,,0.0,18,gps,0.6,1.0,1.2,-87.2,,,,48,,1790256087000,2026-09-24T18:51:27.000+05:30,47970.68861250783,1790250400645,Default Profile,false
2026-09-24T13:21:31.000Z,12.782553629949689,75.19349662587047,8.0,7.0,,0.0,18,gps,0.6,1.2,1.2,-87.2,,,,48,,1790256091000,2026-09-24T18:51:31.000+05:30,47970.701631026226,1790250400645,Default Profile,false
2026-09-24T13:21:34.000Z,12.782553629949689,75.19349662587047,8.0,7.5,,0.0,19,gps,0.6,1.0,1.0,-87.2,,,,48,,1790256094000,2026-09-24T18:51:34.000+05:30,47970.701631026226,1790250400645,Default Profile,false
2026-09-24T13:21:37.000Z,12.782553588040173,75.1934967096895,8.0,7.5,,0.0,20,gps,0.4,1.0,1.2,-87.1,,,,48,,1790256097000,2026-09-24T18:51:37.000+05:30,47970.711845305996,1790250400645,Default Profile,false
2026-09-24T13:21:41.000Z,12.78255342040211,75.19349687732756,8.0,7.5,,0.0,19,gps,0.6,1.0,1.2,-87.1,,,,48,,1790256101000,2026-09-24T18:51:41.000+05:30,47970.7378823428,1790250400645,Default Profile,false
2026-09-24T13:21:44.000Z,12.78255342040211,75.1934969611466,8.0,7.5,,0.0,23,gps,0.4,1.0,1.0,-87.2,,,,48,,1790256104000,2026-09-24T18:51:44.000+05:30,47970.746971607965,1790250400645,Default Profile,false
2026-09-24T13:21:48.000Z,12.782553336583078,75.19349687732756,8.0,7.5,,0.0,22,gps,0.4,1.0,1.0,-87.2,,,,48,,1790256108000,2026-09-24T18:51:48.000+05:30,47970.75999012637,1790250400645,Default Profile,false
2026-09-24T13:21:52.000Z,12.782553294673562,75.1934969611466,8.0,7.5,,0.0,23,gps,0.4,1.0,1.0,-87.2,,,,48,,1790256112000,2026-09-24T18:51:52.000+05:30,47970.770204406144,1790250400645,Default Profile,false
2026-09-24T13:21:55.000Z,12.78255321085453,75.19349687732756,8.0,7.5,,0.0,19,gps,0.6,1.2,1.2,-87.2,,,,48,,1790256115000,2026-09-24T18:51:55.000+05:30,47970.783222924554,1790250400645,Default Profile,false
2026-09-24T13:21:58.000Z,12.782553127035499,75.1934969611466,8.0,7.5,,0.0,23,gps,0.4,1.0,1.0,-87.2,,,,48,,1790256118000,2026-09-24T18:51:58.000+05:30,47970.796241442964,1790250400645,Default Profile,false
2026-09-24T13:22:01.000Z,12.782553085125983,75.19349687732756,8.0,7.5,,0.0,20,gps,0.4,1.0,1.2,-87.2,,,,48,,1790256121000,2026-09-24T18:52:01.000+05:30,47970.80645572275,1790250400645,Default Profile,false
2026-09-24T13:22:05.000Z,12.782553168945014,75.19349704496562,8.0,8.0,,0.0,18,gps,0.6,1.2,1.4,-87.1,,,,48,,1790256125000,2026-09-24T18:52:05.000+05:30,47970.82688428231,1790250400645,Default Profile,false
2026-09-24T13:22:09.000Z,12.782553378492594,75.19349721260369,8.0,7.5,,0.0,18,gps,0.6,1.0,1.2,-87.2,,,,48,,1790256129000,2026-09-24T18:52:09.000+05:30,47970.856437255374,1790250400645,Default Profile,false
2026-09-24T13:22:12.000Z,12.78255342040211,75.19349712878466,8.0,7.5,,0.0,23,gps,0.4,1.0,1.2,-87.2,,,,48,,1790256132000,2026-09-24T18:52:12.000+05:30,47970.86665153514,1790250400645,Default Profile,false
2026-09-24T13:22:16.000Z,12.782553462311625,75.19349721260369,8.0,7.5,,0.0,24,gps,0.4,1.0,1.0,-87.2,,,,48,,1790256136000,2026-09-24T18:52:16.000+05:30,47970.87686581491,1790250400645,Default Profile,false
2026-09-24T13:22:20.000Z,12.782553588040173,75.19349754787982,8.0,7.5,,0.0,24,gps,0.4,1.0,1.0,-87.2,,,,48,,1790256140000,2026-09-24T18:52:20.000+05:30,47970.91581818055,1790250400645,Default Profile,false
2026-09-24T13:22:23.000Z,12.782553671859205,75.19349763169885,8.0,7.5,,0.0,19,gps,0.6,1.0,1.2,-87.2,,,,48,,1790256143000,2026-09-24T18:52:23.000+05:30,47970.92883669895,1790250400645,Default Profile,false
2026-09-24T13:22:27.000Z,12.782553588040173,75.19349779933691,8.0,7.5,,0.0,24,gps,0.4,1.0,1.2,-87.2,,,,48,,1790256147000,2026-09-24T18:52:27.000+05:30,47970.94926525848,1790250400645,Default Profile,false
2026-09-24T13:22:31.000Z,12.782553546130657,75.19349788315594,8.0,7.5,,0.0,20,gps,0.6,1.2,1.4,-87.2,,,,48,,1790256151000,2026-09-24T18:52:31.000+05:30,47970.95947953825,1790250400645,Default Profile,false
2026-09-24T13:22:34.000Z,12.782553504221141,75.19349796697497,8.0,7.5,,0.0,21,gps,0.4,1.0,1.2,-87.2,,,,48,,1790256154000,2026-09-24T18:52:34.000+05:30,47970.96969381802,1790250400645,Default Profile,false
2026-09-24T13:22:38.000Z,12.782553378492594,75.193498050794,8.0,7.5,,0.0,23,gps,0.4,1.0,1.2,-87.2,,,,48,,1790256158000,2026-09-24T18:52:38.000+05:30,47970.98636911927,1790250400645,Default Profile,false
2026-09-24T13:22:41.000Z,12.782553336583078,75.19349813461304,8.0,7.5,,0.0,23,gps,0.4,1.0,1.2,-87.2,,,,48,,1790256161000,2026-09-24T18:52:41.000+05:30,47970.99658339905,1790250400645,Default Profile,false
2026-09-24T13:22:45.000Z,12.782553336583078,75.19349813461304,8.0,7.5,,0.0,22,gps,0.6,1.2,1.2,-87.2,,,,48,,1790256165000,2026-09-24T18:52:45.000+05:30,47970.99658339905,1790250400645,Default Profile,false
2026-09-24T13:22:48.000Z,12.782553378492594,75.19349813461304,8.0,7.5,,0.0,20,gps,0.6,1.2,1.4,-87.2,,,,48,,1790256168000,2026-09-24T18:52:48.000+05:30,47971.00124352459,1790250400645,Default Profile,false
2026-09-24T13:22:52.000Z,12.78255321085453,75.19349821843207,8.0,7.5,,0.0,24,gps,0.4,1.0,1.2,-87.2,,,,48,,1790256172000,2026-09-24T18:52:52.000+05:30,47971.02198196865,1790250400645,Default Profile,false
2026-09-24T13:22:55.000Z,12.782553168945014,75.19349821843207,8.0,7.5,,0.0,22,gps,0.4,1.0,1.2,-87.2,,,,48,,1790256175000,2026-09-24T18:52:55.000+05:30,47971.02664209419,1790250400645,Default Profile,false
2026-09-24T13:22:59.000Z,12.782553168945014,75.193498050794,8.0,7.5,,0.0,23,gps,0.4,1.0,1.2,-87.2,,,,48,,1790256179000,2026-09-24T18:52:59.000+05:30,47971.044820624535,1790250400645,Default Profile,false
2026-09-24T13:23:02.000Z,12.782553336583078,75.19349796697497,8.0,7.5,,0.0,23,gps,0.4,1.0,1.2,-87.2,,,,48,,1790256182000,2026-09-24T18:53:02.000+05:30,47971.0655590686,1790250400645,Default Profile,false
2026-09-24T13:23:05.000Z,12.782553336583078,75.193498050794,8.0,7.5,,0.0,24,gps,0.4,1.0,1.2,-87.2,,,,48,,1790256185000,2026-09-24T18:53:05.000+05:30,47971.074648333764,1790250400645,Default Profile,false
2026-09-24T13:23:09.000Z,12.782553546130657,75.19349813461304,8.0,7.5,,0.0,24,gps,0.4,1.2,1.2,-87.2,,,,48,,1790256189000,2026-09-24T18:53:09.000+05:30,47971.09965901134,1790250400645,Default Profile,false
2026-09-24T13:23:13.000Z,12.782553629949689,75.193498050794,8.0,7.5,,0.0,21,gps,0.6,1.2,1.4,-87.2,,,,48,,1790256193000,2026-09-24T18:53:13.000+05:30,47971.112677529745,1790250400645,Default Profile,false
2026-09-24T13:23:16.000Z,12.782553546130657,75.193498050794,8.0,7.5,,0.0,22,gps,0.4,1.0,1.2,-87.2,,,,48,,1790256196000,2026-09-24T18:53:16.000+05:30,47971.12199778083,1790250400645,Default Profile,false
2026-09-24T13:23:20.000Z,12.782553755678236,75.19349788315594,8.0,7.5,,0.0,22,gps,0.4,1.2,1.2,-87.2,,,,48,,1790256200000,2026-09-24T18:53:20.000+05:30,47971.15155075387,1790250400645,Default Profile,false
2026-09-24T13:23:23.000Z,12.782553797587752,75.19349771551788,8.0,7.5,,0.0,23,gps,0.4,1.0,1.2,-87.1,,,,48,,1790256203000,2026-09-24T18:53:23.000+05:30,47971.170317099655,1790250400645,Default Profile,false
2026-09-24T13:23:27.000Z,12.782553797587752,75.19349779933691,8.0,7.5,,0.0,19,gps,0.6,1.4,1.6,-87.1,,,,48,,1790256207000,2026-09-24T18:53:27.000+05:30,47971.179406364805,1790250400645,Default Profile,false
2026-09-24T13:23:30.000Z,12.78255371376872,75.19349771551788,8.0,7.5,,0.0,20,gps,0.4,1.2,1.2,-87.2,,,,48,,1790256210000,2026-09-24T18:53:30.000+05:30,47971.1924248832,1790250400645,Default Profile,false
2026-09-24T13:23:34.000Z,12.782553839497268,75.19349771551788,8.0,7.5,,0.0,23,gps,0.4,1.0,1.2,-87.2,,,,48,,1790256214000,2026-09-24T18:53:34.000+05:30,47971.20640525982,1790250400645,Default Profile,false
2026-09-24T13:23:38.000Z,12.782553965225816,75.19349746406078,8.0,7.5,,0.0,23,gps,0.4,1.0,1.2,-87.2,,,,48,,1790256218000,2026-09-24T18:53:38.000+05:30,47971.237048099094,1790250400645,Default Profile,false
2026-09-24T13:23:42.000Z,12.782554007135332,75.19349738024175,8.0,7.5,,0.0,22,gps,0.4,1.0,1.2,-87.2,,,,48,,1790256222000,2026-09-24T18:53:42.000+05:30,47971.24726237885,1790250400645,Default Profile,false
2026-09-24T13:23:45.000Z,12.782554090954363,75.19349729642272,8.0,7.5,,0.0,22,gps,0.4,1.0,1.2,-87.2,,,,48,,1790256225000,2026-09-24T18:53:45.000+05:30,47971.26028089724,1790250400645,Default Profile,false
2026-09-24T13:23:49.000Z,12.782554384320974,75.19349712878466,8.0,7.5,,0.0,23,gps,0.4,1.0,1.2,-87.2,,,,48,,1790256229000,2026-09-24T18:53:49.000+05:30,47971.297624982384,1790250400645,Default Profile,false
2026-09-24T13:23:52.000Z,12.782554551959038,75.19349721260369,8.0,7.5,,0.0,16,gps,0.6,1.4,1.6,-87.2,,,,48,,1790256232000,2026-09-24T18:53:52.000+05:30,47971.318363426435,1790250400645,Default Profile,false
2026-09-24T13:23:56.000Z,12.782554551959038,75.19349721260369,8.0,7.5,,0.0,22,gps,0.4,1.0,1.2,-87.2,,,,48,,1790256236000,2026-09-24T18:53:56.000+05:30,47971.318363426435,1790250400645,Default Profile,false
2026-09-24T13:24:00.000Z,12.782554551959038,75.19349729642272,8.0,7.5,,0.0,21,gps,0.4,1.0,1.2,-87.2,,,,48,,1790256240000,2026-09-24T18:54:00.000+05:30,47971.327452691556,1790250400645,Default Profile,false
2026-09-24T13:24:04.000Z,12.782554468140006,75.19349754787982,8.0,7.5,,0.0,23,gps,0.4,1.0,1.2,-87.2,,,,48,,1790256244000,2026-09-24T18:54:04.000+05:30,47971.35626934897,1790250400645,Default Profile,false
2026-09-24T13:24:08.000Z,12.782554300501943,75.19349771551788,8.0,7.0,,0.0,20,gps,0.6,1.2,1.4,-87.2,,,,48,,1790256248000,2026-09-24T18:54:08.000+05:30,47971.382306385734,1790250400645,Default Profile,false
2026-09-24T13:24:11.000Z,12.782554090954363,75.19349788315594,8.0,7.0,,0.0,19,gps,0.6,1.2,1.4,-87.1,,,,48,,1790256251000,2026-09-24T18:54:11.000+05:30,47971.411859358755,1790250400645,Default Profile,false
2026-09-24T13:24:14.000Z,12.782553965225816,75.193498050794,8.0,7.0,,0.0,18,gps,0.6,1.4,1.6,-87.2,,,,48,,1790256254000,2026-09-24T18:54:14.000+05:30,47971.43479208415,1790250400645,Default Profile,false
2026-09-24T13:24:18.000Z,12.782553881406784,75.19349821843207,8.0,7.0,,0.0,19,gps,0.6,1.4,1.6,-87.2,,,,48,,1790256258000,2026-09-24T18:54:18.000+05:30,47971.45522064366,1790250400645,Default Profile,false
2026-09-24T13:24:21.000Z,12.782553881406784,75.1934985537082,8.0,7.5,,0.0,19,gps,0.6,1.2,1.4,-87.2,,,,48,,1790256261000,2026-09-24T18:54:21.000+05:30,47971.49157770424,1790250400645,Default Profile,false
2026-09-24T13:24:25.000Z,12.782553546130657,75.19349872134626,8.0,7.5,,0.0,21,gps,0.6,1.2,1.2,-87.2,,,,48,,1790256265000,2026-09-24T18:54:25.000+05:30,47971.53305459236,1790250400645,Default Profile,false
2026-09-24T13:24:28.000Z,12.782553378492594,75.19349880516529,8.0,7.0,,0.0,19,gps,0.8,1.4,1.6,-87.1,,,,48,,1790256268000,2026-09-24T18:54:28.000+05:30,47971.55379303642,1790250400645,Default Profile,false
2026-09-24T13:24:31.000Z,12.78255321085453,75.19349888898432,8.0,7.5,,0.0,21,gps,0.6,1.2,1.4,-87.2,,,,48,,1790256271000,2026-09-24T18:54:31.000+05:30,47971.57453148049,1790250400645,Default Profile,false
2026-09-24T13:24:35.000Z,12.782553001306951,75.19349888898432,8.0,7.5,,0.0,20,gps,0.6,1.0,1.2,-87.2,,,,48,,1790256275000,2026-09-24T18:54:35.000+05:30,47971.59783210819,1790250400645,Default Profile,false
2026-09-24T13:24:38.000Z,12.782552833668888,75.19349905662239,8.0,7.0,,0.0,18,gps,0.6,1.2,1.4,-87.2,,,,48,,1790256278000,2026-09-24T18:54:38.000+05:30,47971.62386914503,1790250400645,Default Profile,false
2026-09-24T13:24:42.000Z,12.782552666030824,75.19349914044142,8.0,7.0,,0.0,20,gps,0.6,1.2,1.4,-87.2,,,,48,,1790256282000,2026-09-24T18:54:42.000+05:30,47971.6446075891,1790250400645,Default Profile,false
2026-09-24T13:24:46.000Z,12.782552582211792,75.19349922426045,8.0,7.5,,0.0,21,gps,0.6,1.2,1.2,-87.2,,,,48,,1790256286000,2026-09-24T18:54:46.000+05:30,47971.657626107524,1790250400645,Default Profile,false
2026-09-24T13:24:49.000Z,12.78255249839276,75.19349930807948,9.0,7.5,,0.0,20,gps,0.6,1.2,1.4,-87.1,,,,48,,1790256289000,2026-09-24T18:54:49.000+05:30,47971.67064462595,1790250400645,Default Profile,false
2026-09-24T13:24:53.000Z,12.782552582211792,75.19349880516529,9.0,7.5,,0.0,23,gps,0.4,1.0,1.2,-87.1,,,,48,,1790256293000,2026-09-24T18:54:53.000+05:30,47971.7259709107,1790250400645,Default Profile,false
2026-09-24T13:24:56.000Z,12.782552540302277,75.19349880516529,9.0,7.0,,0.0,24,gps,0.4,1.0,1.2,-87.1,,,,48,,1790256296000,2026-09-24T18:54:56.000+05:30,47971.73063103624,1790250400645,Default Profile,false
2026-09-24T13:25:00.000Z,12.782552456483245,75.19349897280335,9.0,7.5,,0.0,23,gps,0.4,1.0,1.2,-87.2,,,,48,,1790256300000,2026-09-24T18:55:00.000+05:30,47971.751059595845,1790250400645,Default Profile,false
2026-09-24T13:25:03.000Z,12.782552372664213,75.19349888898432,9.0,7.5,,0.0,23,gps,0.4,1.0,1.2,-87.1,,,,48,,1790256303000,2026-09-24T18:55:03.000+05:30,47971.764078114276,1790250400645,Default Profile,false
2026-09-24T13:25:08.000Z,12.782552540302277,75.19349905662239,9.0,7.0,,0.0,21,gps,0.4,1.0,1.2,-87.2,,,,48,,1790256308000,2026-09-24T18:55:08.000+05:30,47971.79011515113,1790250400645,Default Profile,false
2026-09-24T13:25:12.000Z,12.782552456483245,75.19349914044142,9.0,7.5,,0.0,22,gps,0.4,1.0,1.2,-87.1,,,,48,,1790256312000,2026-09-24T18:55:12.000+05:30,47971.80313366956,1790250400645,Default Profile,false
2026-09-24T13:25:16.000Z,12.782552666030824,75.19349897280335,9.0,7.0,,0.0,25,gps,0.4,1.0,1.0,-87.2,,,,48,,1790256316000,2026-09-24T18:55:16.000+05:30,47971.83268664265,1790250400645,Default Profile,false
2026-09-24T13:25:19.000Z,12.782552666030824,75.19349897280335,9.0,7.5,,0.0,21,gps,0.4,1.0,1.2,-87.1,,,,48,,1790256319000,2026-09-24T18:55:19.000+05:30,47971.83268664265,1790250400645,Default Profile,false
2026-09-24T13:25:23.000Z,12.782552791759372,75.19349880516529,8.0,7.5,,0.0,21,gps,0.4,1.0,1.2,-87.2,,,,48,,1790256323000,2026-09-24T18:55:23.000+05:30,47971.855619368114,1790250400645,Default Profile,false
2026-09-24T13:25:27.000Z,12.782552749849856,75.19349880516529,8.0,7.0,,0.0,22,gps,0.4,1.0,1.2,-87.2,,,,48,,1790256327000,2026-09-24T18:55:27.000+05:30,47971.86027949365,1790250400645,Default Profile,false
2026-09-24T13:25:31.000Z,12.78255321085453,75.19349746406078,9.0,7.0,25.3,0.16,23,gps,0.4,1.0,1.0,-87.2,,,,48,,1790256331000,2026-09-24T18:55:31.000+05:30,47972.0144777524,1790250400645,Default Profile,false
2026-09-24T13:25:34.000Z,12.782552121207118,75.19349922426045,9.0,7.0,25.3,0.07,22,gps,0.4,1.0,1.0,-87.1,,,,48,,1790256334000,2026-09-24T18:55:34.000+05:30,47972.2405610062,1790250400645,Default Profile,false
2026-09-24T13:25:38.000Z,12.782553839497268,75.19349637441337,9.0,7.0,,0.0,24,gps,0.4,1.0,1.0,-87.2,,,,48,,1790256338000,2026-09-24T18:55:38.000+05:30,47972.60389078978,1790250400645,Default Profile,false
2026-09-24T13:25:41.000Z,12.782553797587752,75.19349629059434,9.0,7.0,,0.0,27,gps,0.4,0.8,1.0,-87.1,,,,48,,1790256341000,2026-09-24T18:55:41.000+05:30,47972.614105069544,1790250400645,Default Profile,false
2026-09-24T13:25:45.000Z,12.782553881406784,75.19349620677531,9.0,6.5,,0.0,16,gps,0.6,1.2,1.4,-87.2,,,,48,,1790256345000,2026-09-24T18:55:45.000+05:30,47972.62712358794,1790250400645,Default Profile,false
2026-09-24T13:25:49.000Z,12.782553965225816,75.19349587149918,9.0,7.0,,0.0,21,gps,0.4,1.0,1.2,-87.2,,,,48,,1790256349000,2026-09-24T18:55:49.000+05:30,47972.66465627948,1790250400645,Default Profile,false
2026-09-24T13:25:52.000Z,12.782553965225816,75.19349570386112,9.0,7.0,,0.0,23,gps,0.4,1.0,1.2,-87.2,,,,48,,1790256352000,2026-09-24T18:55:52.000+05:30,47972.68283480976,1790250400645,Default Profile,false
2026-09-24T13:25:56.000Z,12.782553881406784,75.19349562004209,9.0,7.0,,0.0,21,gps,0.6,1.2,1.2,-87.2,,,,48,,1790256356000,2026-09-24T18:55:56.000+05:30,47972.69585332816,1790250400645,Default Profile,false
2026-09-24T13:25:59.000Z,12.782553881406784,75.19349553622305,9.0,7.0,,0.0,21,gps,0.4,1.0,1.2,-87.2,,,,48,,1790256359000,2026-09-24T18:55:59.000+05:30,47972.70494259331,1790250400645,Default Profile,false
2026-09-24T13:26:04.000Z,12.782553881406784,75.19349545240402,9.0,7.0,,0.0,22,gps,0.4,1.0,1.2,-87.2,,,,48,,1790256364000,2026-09-24T18:56:04.000+05:30,47972.71403185846,1790250400645,Default Profile,false
2026-09-24T13:26:07.000Z,12.782553839497268,75.19349536858499,9.0,7.0,,0.0,21,gps,0.6,1.2,1.4,-87.2,,,,48,,1790256367000,2026-09-24T18:56:07.000+05:30,47972.72424613821,1790250400645,Default Profile,false
2026-09-24T13:26:11.000Z,12.782553839497268,75.19349536858499,9.0,7.0,,0.0,22,gps,0.4,1.0,1.2,-87.2,,,,48,,1790256371000,2026-09-24T18:56:11.000+05:30,47972.72424613821,1790250400645,Default Profile,false
2026-09-24T13:26:15.000Z,12.782553797587752,75.19349545240402,9.0,7.0,,0.0,24,gps,0.4,1.0,1.2,-87.2,,,,48,,1790256375000,2026-09-24T18:56:15.000+05:30,47972.734460417974,1790250400645,Default Profile,false
2026-09-24T13:26:19.000Z,12.782553881406784,75.19349562004209,9.0,7.0,,0.0,23,gps,0.4,1.0,1.0,-87.1,,,,48,,1790256379000,2026-09-24T18:56:19.000+05:30,47972.75488897749,1790250400645,Default Profile,false
2026-09-24T13:26:22.000Z,12.782553965225816,75.19349553622305,9.0,7.0,,0.0,23,gps,0.6,1.2,1.2,-87.2,,,,48,,1790256382000,2026-09-24T18:56:22.000+05:30,47972.76790749589,1790250400645,Default Profile,false
2026-09-24T13:26:26.000Z,12.782554007135332,75.19349553622305,9.0,7.0,,0.0,24,gps,0.4,1.0,1.2,-87.2,,,,48,,1790256386000,2026-09-24T18:56:26.000+05:30,47972.772567621425,1790250400645,Default Profile,false
2026-09-24T13:26:30.000Z,12.782553965225816,75.19349528476596,9.0,7.0,,0.0,22,gps,0.4,1.0,1.2,-87.1,,,,48,,1790256390000,2026-09-24T18:56:30.000+05:30,47972.80023076365,1790250400645,Default Profile,false
2026-09-24T13:26:33.000Z,12.782554174773395,75.19349520094693,9.0,7.0,,0.0,24,gps,0.4,1.2,1.2,-87.2,,,,48,,1790256393000,2026-09-24T18:56:33.000+05:30,47972.82524144121,1790250400645,Default Profile,false
2026-09-24T13:26:37.000Z,12.78255413286388,75.19349494948983,9.0,7.0,,0.0,25,gps,0.4,1.0,1.2,-87.2,,,,48,,1790256397000,2026-09-24T18:56:37.000+05:30,47972.852904583415,1790250400645,Default Profile,false
2026-09-24T13:26:40.000Z,12.782554174773395,75.19349494948983,9.0,7.0,,0.0,25,gps,0.4,1.0,1.2,-87.2,,,,48,,1790256400000,2026-09-24T18:56:40.000+05:30,47972.85756470895,1790250400645,Default Profile,false
2026-09-24T13:26:44.000Z,12.782554090954363,75.19349503330886,9.0,7.0,,0.0,24,gps,0.4,1.0,1.2,-87.2,,,,48,,1790256404000,2026-09-24T18:56:44.000+05:30,47972.87058322734,1790250400645,Default Profile,false
2026-09-24T13:26:48.000Z,12.782554007135332,75.19349503330886,9.0,7.0,,0.0,25,gps,0.4,1.0,1.0,-87.2,,,,48,,1790256408000,2026-09-24T18:56:48.000+05:30,47972.879903478424,1790250400645,Default Profile,false
2026-09-24T13:26:51.000Z,12.7825539233163,75.1934951171279,9.0,7.0,,0.0,27,gps,0.4,1.0,1.0,-87.2,,,,48,,1790256411000,2026-09-24T18:56:51.000+05:30,47972.89292199681,1790250400645,Default Profile,false
2026-09-24T13:26:55.000Z,12.782553755678236,75.1934951171279,9.0,7.0,,0.0,23,gps,0.4,1.0,1.2,-87.2,,,,48,,1790256415000,2026-09-24T18:56:55.000+05:30,47972.91156249898,1790250400645,Default Profile,false
2026-09-24T13:26:58.000Z,12.782553797587752,75.1934951171279,9.0,7.0,,0.0,23,gps,0.6,1.0,1.2,-87.2,,,,48,,1790256418000,2026-09-24T18:56:58.000+05:30,47972.91622262452,1790250400645,Default Profile,false
2026-09-24T13:27:02.000Z,12.782553755678236,75.19349494948983,9.0,7.0,,0.0,25,gps,0.4,1.0,1.0,-87.2,,,,48,,1790256422000,2026-09-24T18:57:02.000+05:30,47972.9349889703,1790250400645,Default Profile,false
2026-09-24T13:27:05.000Z,12.782553797587752,75.19349478185177,9.0,7.0,,0.0,23,gps,0.4,1.0,1.2,-87.2,,,,48,,1790256425000,2026-09-24T18:57:05.000+05:30,47972.953755316084,1790250400645,Default Profile,false
2026-09-24T13:27:09.000Z,12.782553797587752,75.1934946142137,9.0,6.5,,0.0,21,gps,0.6,1.2,1.4,-87.2,,,,48,,1790256429000,2026-09-24T18:57:09.000+05:30,47972.971933846384,1790250400645,Default Profile,false
2026-09-24T13:27:12.000Z,12.782553965225816,75.19349427893758,9.0,7.0,,0.0,22,gps,0.4,1.2,1.2,-87.2,,,,48,,1790256432000,2026-09-24T18:57:12.000+05:30,47973.01279096541,1790250400645,Default Profile,false
2026-09-24T13:27:15.000Z,12.782554300501943,75.19349360838532,9.0,6.5,,0.0,19,gps,0.6,1.4,1.4,-87.2,,,,48,,1790256435000,2026-09-24T18:57:15.000+05:30,47973.09450520341,1790250400645,Default Profile,false
2026-09-24T13:27:19.000Z,12.782554384320974,75.19349344074726,9.0,6.5,,0.0,18,gps,0.6,1.2,1.4,-87.2,,,,48,,1790256439000,2026-09-24T18:57:19.000+05:30,47973.114933762896,1790250400645,Default Profile,false
2026-09-24T13:27:23.000Z,12.782554342411458,75.19349318929017,9.0,6.5,,0.0,19,gps,0.6,1.2,1.4,-87.2,,,,48,,1790256443000,2026-09-24T18:57:23.000+05:30,47973.142596905076,1790250400645,Default Profile,false
2026-09-24T13:27:26.000Z,12.782554342411458,75.19349318929017,9.0,6.5,,0.0,20,gps,0.6,1.2,1.4,-87.2,,,,48,,1790256446000,2026-09-24T18:57:26.000+05:30,47973.142596905076,1790250400645,Default Profile,false
2026-09-24T13:27:30.000Z,12.782554510049522,75.19349268637598,9.0,7.0,,0.0,24,gps,0.4,1.0,1.2,-87.1,,,,48,,1790256450000,2026-09-24T18:57:30.000+05:30,47973.200230219925,1790250400645,Default Profile,false
2026-09-24T13:27:33.000Z,12.782554593868554,75.19349251873791,9.0,6.5,,0.0,22,gps,0.4,1.0,1.2,-87.2,,,,48,,1790256453000,2026-09-24T18:57:33.000+05:30,47973.2206587794,1790250400645,Default Profile,false
2026-09-24T13:27:37.000Z,12.782554719597101,75.19349218346179,9.0,7.0,,0.0,25,gps,0.4,1.0,1.0,-87.2,,,,48,,1790256457000,2026-09-24T18:57:37.000+05:30,47973.25961114489,1790250400645,Default Profile,false
2026-09-24T13:27:40.000Z,12.78255463577807,75.19349218346179,9.0,7.0,,0.0,23,gps,0.4,1.0,1.2,-87.2,,,,48,,1790256460000,2026-09-24T18:57:40.000+05:30,47973.26893139597,1790250400645,Default Profile,false
2026-09-24T13:27:44.000Z,12.782554593868554,75.19349226728082,9.0,7.0,,0.0,23,gps,0.4,1.0,1.0,-87.2,,,,48,,1790256464000,2026-09-24T18:57:44.000+05:30,47973.279145675704,1790250400645,Default Profile,false
2026-09-24T13:27:48.000Z,12.782554551959038,75.19349226728082,9.0,7.0,,0.0,21,gps,0.4,1.0,1.2,-87.2,,,,48,,1790256468000,2026-09-24T18:57:48.000+05:30,47973.28380580124,1790250400645,Default Profile,false
2026-09-24T13:27:51.000Z,12.78255463577807,75.19349226728082,9.0,7.0,,0.0,22,gps,0.4,1.0,1.0,-87.2,,,,48,,1790256471000,2026-09-24T18:57:51.000+05:30,47973.293126052326,1790250400645,Default Profile,false
2026-09-24T13:27:55.000Z,12.782554677687585,75.19349209964275,9.0,7.0,,0.0,22,gps,0.4,1.0,1.0,-87.2,,,,48,,1790256475000,2026-09-24T18:57:55.000+05:30,47973.311892398044,1790250400645,Default Profile,false
2026-09-24T13:27:58.000Z,12.78255463577807,75.19349218346179,9.0,7.0,,0.0,21,gps,0.6,1.0,1.2,-87.2,,,,48,,1790256478000,2026-09-24T18:57:58.000+05:30,47973.32210667778,1790250400645,Default Profile,false
2026-09-24T13:28:02.000Z,12.782554510049522,75.19349218346179,9.0,7.0,,0.0,23,gps,0.4,1.0,1.0,-87.2,,,,48,,1790256482000,2026-09-24T18:58:02.000+05:30,47973.3360870544,1790250400645,Default Profile,false
2026-09-24T13:28:06.000Z,12.78255442623049,75.19349218346179,9.0,6.5,,0.0,18,gps,0.6,1.0,1.2,-87.2,,,,48,,1790256486000,2026-09-24T18:58:06.000+05:30,47973.34540730548,1790250400645,Default Profile,false
2026-09-24T13:28:10.000Z,12.782554593868554,75.19349201582372,9.0,6.5,,0.0,20,gps,0.4,1.0,1.2,-87.2,,,,48,,1790256490000,2026-09-24T18:58:10.000+05:30,47973.371444342236,1790250400645,Default Profile,false
2026-09-24T13:28:14.000Z,12.782554510049522,75.19349201582372,9.0,6.5,,0.0,19,gps,0.6,1.0,1.2,-87.2,,,,48,,1790256494000,2026-09-24T18:58:14.000+05:30,47973.38076459332,1790250400645,Default Profile,false
2026-09-24T13:28:18.000Z,12.78255442623049,75.19349176436663,9.0,6.5,,0.0,20,gps,0.6,1.0,1.2,-87.2,,,,48,,1790256498000,2026-09-24T18:58:18.000+05:30,47973.40958125074,1790250400645,Default Profile,false
2026-09-24T13:28:22.000Z,12.782554510049522,75.19349176436663,9.0,6.5,,0.0,22,gps,0.4,1.0,1.0,-87.2,,,,48,,1790256502000,2026-09-24T18:58:22.000+05:30,47973.41890150182,1790250400645,Default Profile,false
2026-09-24T13:28:26.000Z,12.78255442623049,75.19349159672856,9.0,6.5,,0.0,22,gps,0.4,1.0,1.2,-87.2,,,,48,,1790256506000,2026-09-24T18:58:26.000+05:30,47973.4393300613,1790250400645,Default Profile,false
2026-09-24T13:28:29.000Z,12.782554342411458,75.1934914290905,9.0,6.5,,0.0,19,gps,0.6,1.0,1.2,-87.2,,,,48,,1790256509000,2026-09-24T18:58:29.000+05:30,47973.45975862078,1790250400645,Default Profile,false
2026-09-24T13:28:33.000Z,12.782554342411458,75.19349151290953,9.0,6.5,,0.0,21,gps,0.4,1.0,1.2,-87.2,,,,48,,1790256513000,2026-09-24T18:58:33.000+05:30,47973.46884788591,1790250400645,Default Profile,false
2026-09-24T13:28:37.000Z,12.782554384320974,75.19349159672856,9.0,6.5,,0.0,20,gps,0.6,1.0,1.2,-87.1,,,,48,,1790256517000,2026-09-24T18:58:37.000+05:30,47973.47906216565,1790250400645,Default Profile,false
2026-09-24T13:28:40.000Z,12.782554342411458,75.19349159672856,9.0,6.5,,0.0,21,gps,0.6,1.0,1.2,-87.2,,,,48,,1790256520000,2026-09-24T18:58:40.000+05:30,47973.48372229119,1790250400645,Default Profile,false
2026-09-24T13:28:44.000Z,12.782554468140006,75.19349193200469,9.0,6.5,,0.0,20,gps,0.6,1.2,1.2,-87.2,,,,48,,1790256524000,2026-09-24T18:58:44.000+05:30,47973.522674656706,1790250400645,Default Profile,false
2026-09-24T13:28:47.000Z,12.78255442623049,75.19349201582372,9.0,6.5,,0.0,20,gps,0.6,1.0,1.2,-87.2,,,,48,,1790256527000,2026-09-24T18:58:47.000+05:30,47973.53288893645,1790250400645,Default Profile,false
2026-09-24T13:28:51.000Z,12.782554300501943,75.19349201582372,9.0,6.5,,0.0,22,gps,0.6,1.0,1.2,-87.2,,,,48,,1790256531000,2026-09-24T18:58:51.000+05:30,47973.54686931307,1790250400645,Default Profile,false
2026-09-24T13:28:55.000Z,12.782554174773395,75.19349193200469,9.0,7.0,,0.0,24,gps,0.4,1.0,1.0,-87.2,,,,48,,1790256535000,2026-09-24T18:58:55.000+05:30,47973.5635446143,1790250400645,Default Profile,false
2026-09-24T13:28:58.000Z,12.782554216682911,75.19349209964275,9.0,7.0,,0.0,23,gps,0.4,1.0,1.0,-87.2,,,,48,,1790256538000,2026-09-24T18:58:58.000+05:30,47973.58231096005,1790250400645,Default Profile,false
2026-09-24T13:29:01.000Z,12.78255413286388,75.19349218346179,9.0,7.0,,0.0,21,gps,0.6,1.0,1.2,-87.1,,,,48,,1790256541000,2026-09-24T18:59:01.000+05:30,47973.59532947844,1790250400645,Default Profile,false
2026-09-24T13:29:05.000Z,12.782554216682911,75.19349201582372,9.0,6.5,,0.0,17,gps,0.6,1.2,1.4,-87.2,,,,48,,1790256545000,2026-09-24T18:59:05.000+05:30,47973.61575803794,1790250400645,Default Profile,false
2026-09-24T13:29:08.000Z,12.782554258592427,75.19349193200469,9.0,6.5,,0.0,17,gps,0.8,1.4,1.6,-87.1,,,,48,,1790256548000,2026-09-24T18:59:08.000+05:30,47973.625972317685,1790250400645,Default Profile,false
2026-09-24T13:29:12.000Z,12.782554049044847,75.1934916805476,9.0,6.5,,0.0,15,gps,0.6,1.2,1.4,-87.2,,,,48,,1790256552000,2026-09-24T18:59:12.000+05:30,47973.661839460285,1790250400645,Default Profile,false
2026-09-24T13:29:15.000Z,12.782553881406784,75.19349176436663,9.0,7.0,,0.0,22,gps,0.6,1.0,1.2,-87.1,,,,48,,1790256555000,2026-09-24T18:59:15.000+05:30,47973.68257790434,1790250400645,Default Profile,false
2026-09-24T13:29:18.000Z,12.782553797587752,75.19349184818566,9.0,7.0,,0.0,21,gps,0.6,1.0,1.2,-87.2,,,,48,,1790256558000,2026-09-24T18:59:18.000+05:30,47973.69559642274,1790250400645,Default Profile,false
2026-09-24T13:29:22.000Z,12.782553839497268,75.19349159672856,9.0,7.0,,0.0,23,gps,0.4,1.0,1.2,-87.2,,,,48,,1790256562000,2026-09-24T18:59:22.000+05:30,47973.72325956498,1790250400645,Default Profile,false
2026-09-24T13:29:26.000Z,12.782553797587752,75.19349126145244,9.0,7.0,,0.0,22,gps,0.4,1.0,1.2,-87.2,,,,48,,1790256566000,2026-09-24T18:59:26.000+05:30,47973.759914068454,1790250400645,Default Profile,false
2026-09-24T13:29:29.000Z,12.78255371376872,75.1934911776334,9.0,7.0,,0.0,22,gps,0.4,1.0,1.2,-87.1,,,,48,,1790256569000,2026-09-24T18:59:29.000+05:30,47973.77293258685,1790250400645,Default Profile,false
2026-09-24T13:29:33.000Z,12.78255371376872,75.19349092617631,9.0,7.0,,0.0,22,gps,0.6,1.0,1.2,-87.2,,,,48,,1790256573000,2026-09-24T18:59:33.000+05:30,47973.800200382306,1790250400645,Default Profile,false
2026-09-24T13:29:37.000Z,12.782553797587752,75.19349075853825,9.0,7.0,,0.0,23,gps,0.4,1.0,1.2,-87.2,,,,48,,1790256577000,2026-09-24T18:59:37.000+05:30,47973.82062894183,1790250400645,Default Profile,false
2026-09-24T13:29:41.000Z,12.782554007135332,75.19349075853825,9.0,6.5,,0.0,21,gps,0.6,1.0,1.2,-87.2,,,,48,,1790256581000,2026-09-24T18:59:41.000+05:30,47973.843929569535,1790250400645,Default Profile,false
2026-09-24T13:29:44.000Z,12.7825539233163,75.19349067471921,9.0,7.0,,0.0,24,gps,0.4,1.0,1.0,-87.2,,,,48,,1790256584000,2026-09-24T18:59:44.000+05:30,47973.85694808792,1790250400645,Default Profile,false
2026-09-24T13:29:48.000Z,12.782555054873228,75.19348187372088,9.0,6.5,25.3,0.11,12,gps,0.8,1.6,1.8,-87.2,,,,48,,1790256588000,2026-09-24T18:59:48.000+05:30,47974.81957939816,1790250400645,Default Profile,false
2026-09-24T13:29:51.000Z,12.782559664919972,75.19346837885678,9.0,7.0,25.3,0.22999999,22,gps,0.6,1.0,1.2,-87.2,,,,48,,1790256591000,2026-09-24T18:59:51.000+05:30,47976.370137219616,1790250400645,Default Profile,false
2026-09-24T13:29:55.000Z,12.78255836572498,75.19346410408616,10.0,6.0,,0.0,20,gps,0.6,1.0,1.2,-87.2,,,,48,,1790256595000,2026-09-24T18:59:55.000+05:30,47976.855678925735,1790250400645,Default Profile,false
2026-09-24T13:29:58.000Z,12.782558323815465,75.19346402026713,10.0,7.0,,0.0,19,gps,0.6,1.2,1.4,-87.2,,,,48,,1790256598000,2026-09-24T18:59:58.000+05:30,47976.86589320535,1790250400645,Default Profile,false
2026-09-24T13:30:02.000Z,12.78255836572498,75.19346351735294,10.0,7.0,,0.0,25,gps,0.4,1.0,1.0,-87.2,,,,48,,1790256602000,2026-09-24T19:00:02.000+05:30,47976.920627539526,1790250400645,Default Profile,false
2026-09-24T13:30:05.000Z,12.78255828190595,75.19346351735294,10.0,7.0,,0.0,25,gps,0.4,1.0,1.0,-87.2,,,,48,,1790256605000,2026-09-24T19:00:05.000+05:30,47976.92994779061,1790250400645,Default Profile,false
2026-09-24T13:30:09.000Z,12.782558114267886,75.1934634335339,10.0,7.0,,0.0,24,gps,0.4,1.0,1.0,-87.2,,,,48,,1790256609000,2026-09-24T19:00:09.000+05:30,47976.950686234595,1790250400645,Default Profile,false
2026-09-24T13:30:12.000Z,12.782558156177402,75.19346326589584,10.0,6.0,,0.0,21,gps,0.6,1.0,1.2,-87.1,,,,48,,1790256612000,2026-09-24T19:00:12.000+05:30,47976.96945258007,1790250400645,Default Profile,false
2026-09-24T13:30:16.000Z,12.78255807235837,75.19346334971488,10.0,7.0,,0.0,22,gps,0.6,1.2,1.2,-87.2,,,,48,,1790256616000,2026-09-24T19:00:16.000+05:30,47976.98247109836,1790250400645,Default Profile,false
2026-09-24T13:30:20.000Z,12.782558198086917,75.1934634335339,10.0,7.0,,0.0,22,gps,0.6,1.2,1.4,-87.2,,,,48,,1790256620000,2026-09-24T19:00:20.000+05:30,47976.99914639952,1790250400645,Default Profile,false
2026-09-24T13:30:24.000Z,12.78255828190595,75.19346351735294,10.0,7.0,,0.0,23,gps,0.6,1.0,1.2,-87.2,,,,48,,1790256624000,2026-09-24T19:00:24.000+05:30,47977.0121649178,1790250400645,Default Profile,false
2026-09-24T13:30:27.000Z,12.782558156177402,75.19346385262907,10.0,7.0,,0.0,23,gps,0.4,1.0,1.2,-87.2,,,,48,,1790256627000,2026-09-24T19:00:27.000+05:30,47977.05111728281,1790250400645,Default Profile,false
2026-09-24T13:30:31.000Z,12.782557988539338,75.19346410408616,10.0,7.0,,0.0,23,gps,0.6,1.0,1.2,-87.2,,,,48,,1790256631000,2026-09-24T19:00:31.000+05:30,47977.08414758654,1790250400645,Default Profile,false
2026-09-24T13:30:35.000Z,12.782557820901275,75.19346410408616,10.0,6.5,,0.0,24,gps,0.4,1.0,1.2,-87.1,,,,48,,1790256635000,2026-09-24T19:00:35.000+05:30,47977.102788088705,1790250400645,Default Profile,false
2026-09-24T13:30:39.000Z,12.782557653263211,75.19346410408616,10.0,7.0,,0.0,19,gps,0.6,1.2,1.4,-87.1,,,,47,,1790256639000,2026-09-24T19:00:39.000+05:30,47977.12142859087,1790250400645,Default Profile,false
2026-09-24T13:30:43.000Z,12.782557317987084,75.19346410408616,10.0,7.0,,0.0,22,gps,0.6,1.2,1.4,-87.2,,,,47,,1790256643000,2026-09-24T19:00:43.000+05:30,47977.158709595205,1790250400645,Default Profile,false
2026-09-24T13:30:47.000Z,12.782557234168053,75.19346410408616,10.0,7.0,,0.0,21,gps,0.6,1.2,1.4,-87.2,,,,47,,1790256647000,2026-09-24T19:00:47.000+05:30,47977.16802984629,1790250400645,Default Profile,false
2026-09-24T13:30:51.000Z,12.782557108439505,75.19346385262907,10.0,6.0,,0.0,20,gps,0.6,1.2,1.4,-87.2,,,,47,,1790256651000,2026-09-24T19:00:51.000+05:30,47977.19867268525,1790250400645,Default Profile,false
2026-09-24T13:30:54.000Z,12.782556940801442,75.19346351735294,10.0,6.5,,0.0,21,gps,0.6,1.2,1.4,-87.1,,,,47,,1790256654000,2026-09-24T19:00:54.000+05:30,47977.239529803875,1790250400645,Default Profile,false
2026-09-24T13:30:58.000Z,12.782557024620473,75.19346326589584,10.0,7.0,,0.0,20,gps,0.6,1.2,1.4,-87.2,,,,47,,1790256658000,2026-09-24T19:00:58.000+05:30,47977.26834646104,1790250400645,Default Profile,false
2026-09-24T13:31:01.000Z,12.782557024620473,75.19346326589584,10.0,7.0,,0.0,22,gps,0.6,1.2,1.2,-87.2,,,,47,,1790256661000,2026-09-24T19:01:01.000+05:30,47977.26834646104,1790250400645,Default Profile,false
2026-09-24T13:31:05.000Z,12.782557150349021,75.19346284680068,10.0,6.5,,0.0,20,gps,0.6,1.2,1.4,-87.2,,,,47,,1790256665000,2026-09-24T19:01:05.000+05:30,47977.31589453566,1790250400645,Default Profile,false
2026-09-24T13:31:09.000Z,12.782557150349021,75.19346284680068,10.0,6.5,,0.0,21,gps,0.6,1.2,1.2,-87.2,,,,47,,1790256669000,2026-09-24T19:01:09.000+05:30,47977.31589453566,1790250400645,Default Profile,false
2026-09-24T13:31:13.000Z,12.782557150349021,75.19346284680068,10.0,6.0,,0.0,17,gps,0.8,1.6,1.8,-87.2,,,,47,,1790256673000,2026-09-24T19:01:13.000+05:30,47977.31589453566,1790250400645,Default Profile,false
2026-09-24T13:31:16.000Z,12.782557192258537,75.19346276298165,10.0,7.0,,0.0,20,gps,0.6,1.4,1.6,-87.2,,,,47,,1790256676000,2026-09-24T19:01:16.000+05:30,47977.326108815316,1790250400645,Default Profile,false
2026-09-24T13:31:20.000Z,12.782557192258537,75.19346267916262,10.0,6.5,,0.0,22,gps,0.6,1.2,1.4,-87.2,,,,47,,1790256680000,2026-09-24T19:01:20.000+05:30,47977.33519808034,1790250400645,Default Profile,false
2026-09-24T13:31:24.000Z,12.782557024620473,75.19346267916262,10.0,6.5,,0.0,22,gps,0.6,1.0,1.2,-87.2,,,,47,,1790256684000,2026-09-24T19:01:24.000+05:30,47977.35383858251,1790250400645,Default Profile,false
2026-09-24T13:31:28.000Z,12.782556940801442,75.19346276298165,10.0,7.0,,0.0,24,gps,0.4,1.0,1.2,-87.2,,,,47,,1790256688000,2026-09-24T19:01:28.000+05:30,47977.366857100824,1790250400645,Default Profile,false
2026-09-24T13:31:32.000Z,12.782556982710958,75.19346276298165,10.0,6.5,,0.0,21,gps,0.6,1.0,1.2,-87.2,,,,47,,1790256692000,2026-09-24T19:01:32.000+05:30,47977.37151722636,1790250400645,Default Profile,false
2026-09-24T13:31:35.000Z,12.78255706652999,75.19346276298165,10.0,6.5,,0.0,25,gps,0.4,1.0,1.0,-87.2,,,,47,,1790256695000,2026-09-24T19:01:35.000+05:30,47977.380837477445,1790250400645,Default Profile,false
2026-09-24T13:31:39.000Z,12.782557024620473,75.19346284680068,10.0,6.5,,0.0,22,gps,0.6,1.0,1.2,-87.2,,,,47,,1790256699000,2026-09-24T19:01:39.000+05:30,47977.3910517571,1790250400645,Default Profile,false
2026-09-24T13:31:43.000Z,12.782557024620473,75.19346301443875,10.0,6.5,,0.0,23,gps,0.4,1.0,1.2,-87.2,,,,47,,1790256703000,2026-09-24T19:01:43.000+05:30,47977.409230287165,1790250400645,Default Profile,false
2026-09-24T13:31:47.000Z,12.782556940801442,75.19346309825778,10.0,6.5,,0.0,21,gps,0.6,1.0,1.2,-87.2,,,,47,,1790256707000,2026-09-24T19:01:47.000+05:30,47977.42224880548,1790250400645,Default Profile,false
2026-09-24T13:31:51.000Z,12.782556898891926,75.19346309825778,10.0,6.5,,0.0,24,gps,0.4,1.0,1.0,-87.2,,,,47,,1790256711000,2026-09-24T19:01:51.000+05:30,47977.42690893102,1790250400645,Default Profile,false
2026-09-24T13:31:54.000Z,12.78255685698241,75.19346309825778,10.0,6.5,,0.0,26,gps,0.4,0.8,1.0,-87.2,,,,47,,1790256714000,2026-09-24T19:01:54.000+05:30,47977.431569056556,1790250400645,Default Profile,false
2026-09-24T13:31:58.000Z,12.782556815072894,75.19346301443875,10.0,6.5,,0.0,21,gps,0.4,0.8,1.0,-87.2,,,,47,,1790256718000,2026-09-24T19:01:58.000+05:30,47977.44178333622,1790250400645,Default Profile,false
2026-09-24T13:32:01.000Z,12.78255685698241,75.19346301443875,10.0,6.5,,0.0,23,gps,0.4,0.8,1.0,-87.2,,,,47,,1790256721000,2026-09-24T19:02:01.000+05:30,47977.446443461755,1790250400645,Default Profile,false
2026-09-24T13:32:05.000Z,12.782556940801442,75.19346293061972,10.0,6.5,,0.0,21,gps,0.6,1.0,1.2,-87.2,,,,47,,1790256725000,2026-09-24T19:02:05.000+05:30,47977.45946198007,1790250400645,Default Profile,false
2026-09-24T13:32:08.000Z,12.782556898891926,75.19346293061972,10.0,6.5,,0.0,24,gps,0.4,1.0,1.2,-87.2,,,,47,,1790256728000,2026-09-24T19:02:08.000+05:30,47977.46412210561,1790250400645,Default Profile,false
2026-09-24T13:32:12.000Z,12.782556731253862,75.19346301443875,10.0,6.5,,0.0,24,gps,0.4,0.8,1.0,-87.2,,,,47,,1790256732000,2026-09-24T19:02:12.000+05:30,47977.484860549615,1790250400645,Default Profile,false
2026-09-24T13:32:16.000Z,12.782556815072894,75.19346293061972,10.0,6.5,,0.0,24,gps,0.4,1.0,1.2,-87.1,,,,47,,1790256736000,2026-09-24T19:02:16.000+05:30,47977.49787906794,1790250400645,Default Profile,false
2026-09-24T13:32:20.000Z,12.782556982710958,75.19346276298165,10.0,6.5,,0.0,24,gps,0.4,1.0,1.0,-87.2,,,,47,,1790256740000,2026-09-24T19:02:20.000+05:30,47977.523916104576,1790250400645,Default Profile,false
2026-09-24T13:32:24.000Z,12.782556898891926,75.19346276298165,10.0,6.5,,0.0,24,gps,0.4,1.0,1.0,-87.2,,,,47,,1790256744000,2026-09-24T19:02:24.000+05:30,47977.53323635566,1790250400645,Default Profile,false
2026-09-24T13:32:27.000Z,12.782556898891926,75.19346251152456,10.0,6.5,,0.0,22,gps,0.4,1.0,1.2,-87.2,,,,47,,1790256747000,2026-09-24T19:02:27.000+05:30,47977.56050415077,1790250400645,Default Profile,false
2026-09-24T13:32:31.000Z,12.782556815072894,75.19346251152456,10.0,6.5,,0.0,22,gps,0.4,1.0,1.0,-87.2,,,,47,,1790256751000,2026-09-24T19:02:31.000+05:30,47977.56982440186,1790250400645,Default Profile,false
2026-09-24T13:32:34.000Z,12.782556815072894,75.19346242770553,10.0,6.5,,0.0,23,gps,0.4,1.0,1.0,-87.2,,,,47,,1790256754000,2026-09-24T19:02:34.000+05:30,47977.5789136669,1790250400645,Default Profile,false
2026-09-24T13:32:38.000Z,12.782556773163378,75.19346242770553,10.0,6.5,,0.0,21,gps,0.6,1.0,1.2,-87.2,,,,47,,1790256758000,2026-09-24T19:02:38.000+05:30,47977.583573792435,1790250400645,Default Profile,false
2026-09-24T13:32:42.000Z,12.782556731253862,75.19346251152456,10.0,6.5,,0.0,22,gps,0.4,1.0,1.0,-87.2,,,,47,,1790256762000,2026-09-24T19:02:42.000+05:30,47977.5937880721,1790250400645,Default Profile,false
2026-09-24T13:32:45.000Z,12.782556605525315,75.19346242770553,10.0,6.5,,0.0,20,gps,0.6,1.0,1.2,-87.1,,,,47,,1790256765000,2026-09-24T19:02:45.000+05:30,47977.61046337329,1790250400645,Default Profile,false
2026-09-24T13:32:48.000Z,12.782556563615799,75.1934623438865,10.0,7.0,,0.0,19,gps,0.6,1.0,1.2,-87.1,,,,47,,1790256768000,2026-09-24T19:02:48.000+05:30,47977.62067765296,1790250400645,Default Profile,false
2026-09-24T13:32:52.000Z,12.782556521706283,75.19346217624843,10.0,7.0,,0.0,15,gps,0.6,1.2,1.4,-87.1,,,,47,,1790256772000,2026-09-24T19:02:52.000+05:30,47977.639443998545,1790250400645,Default Profile,false
2026-09-24T13:32:56.000Z,12.78255635406822,75.1934620924294,10.0,7.0,,0.0,20,gps,0.6,1.0,1.2,-87.2,,,,47,,1790256776000,2026-09-24T19:02:56.000+05:30,47977.66018244256,1790250400645,Default Profile,false
2026-09-24T13:32:59.000Z,12.782556270249188,75.19346200861037,10.0,6.0,,0.0,19,gps,0.6,1.2,1.2,-87.2,,,,47,,1790256779000,2026-09-24T19:02:59.000+05:30,47977.67320096089,1790250400645,Default Profile,false
2026-09-24T13:33:03.000Z,12.78255614452064,75.19346192479134,10.0,6.5,,0.0,22,gps,0.4,1.0,1.0,-87.2,,,,47,,1790256783000,2026-09-24T19:03:03.000+05:30,47977.689876262084,1790250400645,Default Profile,false
2026-09-24T13:33:07.000Z,12.782556186430156,75.19346150569618,10.0,6.0,,0.0,16,gps,0.6,1.0,1.2,-87.2,,,,47,,1790256787000,2026-09-24T19:03:07.000+05:30,47977.7355608903,1790250400645,Default Profile,false
2026-09-24T13:33:11.000Z,12.782556186430156,75.19346133805811,10.0,6.0,,0.0,15,gps,0.6,1.2,1.4,-87.1,,,,47,,1790256791000,2026-09-24T19:03:11.000+05:30,47977.75373942043,1790250400645,Default Profile,false
2026-09-24T13:33:14.000Z,12.782556186430156,75.19346133805811,10.0,6.0,,0.0,14,gps,1.0,1.4,1.8,-87.2,,,,47,,1790256794000,2026-09-24T19:03:14.000+05:30,47977.75373942043,1790250400645,Default Profile,false
2026-09-24T13:33:18.000Z,12.78255614452064,75.19346133805811,10.0,6.5,,0.0,21,gps,0.4,1.0,1.0,-87.2,,,,47,,1790256798000,2026-09-24T19:03:18.000+05:30,47977.758399545964,1790250400645,Default Profile,false
2026-09-24T13:33:21.000Z,12.782556060701609,75.19346142187715,10.0,6.5,,0.0,22,gps,0.4,1.0,1.2,-87.2,,,,47,,1790256801000,2026-09-24T19:03:21.000+05:30,47977.7714180643,1790250400645,Default Profile,false
2026-09-24T13:33:24.000Z,12.782556102611125,75.19346150569618,10.0,6.0,,0.0,18,gps,0.6,1.4,1.6,-87.2,,,,47,,1790256804000,2026-09-24T19:03:24.000+05:30,47977.78163234399,1790250400645,Default Profile,false
2026-09-24T13:33:28.000Z,12.782556060701609,75.19346158951521,10.0,6.0,,0.0,21,gps,0.6,1.0,1.2,-87.2,,,,47,,1790256808000,2026-09-24T19:03:28.000+05:30,47977.79184662368,1790250400645,Default Profile,false
2026-09-24T13:33:32.000Z,12.78255614452064,75.1934618409723,10.0,6.5,,0.0,23,gps,0.4,0.8,1.0,-87.2,,,,47,,1790256812000,2026-09-24T19:03:32.000+05:30,47977.82066328094,1790250400645,Default Profile,false
2026-09-24T13:33:36.000Z,12.782556186430156,75.19346200861037,10.0,6.5,,0.0,22,gps,0.4,0.8,1.0,-87.2,,,,47,,1790256816000,2026-09-24T19:03:36.000+05:30,47977.839429626554,1790250400645,Default Profile,false
2026-09-24T13:33:40.000Z,12.782556060701609,75.19346200861037,10.0,6.0,,0.0,21,gps,0.4,1.0,1.0,-87.2,,,,47,,1790256820000,2026-09-24T19:03:40.000+05:30,47977.853410003176,1790250400645,Default Profile,false
2026-09-24T13:33:44.000Z,12.782556060701609,75.19346217624843,10.0,6.0,,0.0,20,gps,0.6,1.0,1.2,-87.2,,,,47,,1790256824000,2026-09-24T19:03:44.000+05:30,47977.871588533315,1790250400645,Default Profile,false
2026-09-24T13:33:48.000Z,12.78255585115403,75.19346217624843,10.0,7.0,,0.0,22,gps,0.4,1.0,1.0,-87.2,,,,47,,1790256828000,2026-09-24T19:03:48.000+05:30,47977.89488916102,1790250400645,Default Profile,false
2026-09-24T13:33:51.000Z,12.782555767334998,75.1934620924294,10.0,6.5,,0.0,21,gps,0.4,0.8,1.0,-87.2,,,,47,,1790256831000,2026-09-24T19:03:51.000+05:30,47977.907907679364,1790250400645,Default Profile,false
2026-09-24T13:33:55.000Z,12.782555683515966,75.19346200861037,10.0,6.0,,0.0,21,gps,0.4,1.0,1.0,-87.2,,,,47,,1790256835000,2026-09-24T19:03:55.000+05:30,47977.92092619771,1790250400645,Default Profile,false
2026-09-24T13:33:59.000Z,12.78255564160645,75.1934620924294,10.0,7.0,,0.0,15,gps,0.6,1.0,1.2,-87.2,,,,47,,1790256839000,2026-09-24T19:03:59.000+05:30,47977.93114047741,1790250400645,Default Profile,false
2026-09-24T13:34:02.000Z,12.782555515877903,75.19346217624843,10.0,6.0,,0.0,21,gps,0.6,1.0,1.2,-87.2,,,,47,,1790256842000,2026-09-24T19:04:02.000+05:30,47977.94781577862,1790250400645,Default Profile,false
2026-09-24T13:34:06.000Z,12.782544242218137,75.19347089342773,10.0,6.5,25.3,0.25,22,gps,0.4,0.8,1.0,-87.2,,,,47,,1790256846000,2026-09-24T19:04:06.000+05:30,47979.517850257354,1790250400645,Default Profile,false
2026-09-24T13:34:09.000Z,12.78253246564418,75.19348363392055,10.0,6.5,25.3,0.07,23,gps,0.4,0.8,1.0,-87.2,,,,47,,1790256849000,2026-09-24T19:04:09.000+05:30,47981.421401961255,1790250400645,Default Profile,false
2026-09-24T13:34:13.000Z,12.782532339915633,75.19348321482539,10.0,6.5,,0.0,22,gps,0.6,1.0,1.2,-87.2,,,,47,,1790256853000,2026-09-24T19:04:13.000+05:30,47981.46895004013,1790250400645,Default Profile,false
2026-09-24T13:34:16.000Z,12.78253217227757,75.19348321482539,10.0,6.5,,0.0,21,gps,0.4,0.8,1.0,-87.2,,,,47,,1790256856000,2026-09-24T19:04:16.000+05:30,47981.487590542296,1790250400645,Default Profile,false
2026-09-24T13:34:20.000Z,12.78253196272999,75.19348338246346,10.0,6.5,,0.0,23,gps,0.4,0.8,1.0,-87.2,,,,47,,1790256860000,2026-09-24T19:04:20.000+05:30,47981.5171435163,1790250400645,Default Profile,false
2026-09-24T13:34:24.000Z,12.782531627453864,75.19348355010152,10.0,6.5,,0.0,22,gps,0.4,1.0,1.0,-87.2,,,,47,,1790256864000,2026-09-24T19:04:24.000+05:30,47981.55862040511,1790250400645,Default Profile,false
2026-09-24T13:34:28.000Z,12.782531375996768,75.19348371773958,10.0,6.0,,0.0,21,gps,0.6,1.0,1.2,-87.2,,,,47,,1790256868000,2026-09-24T19:04:28.000+05:30,47981.59197100846,1790250400645,Default Profile,false
2026-09-24T13:34:32.000Z,12.782531124539673,75.19348380155861,10.0,6.0,,0.0,20,gps,0.6,1.0,1.2,-87.2,,,,47,,1790256872000,2026-09-24T19:04:32.000+05:30,47981.62137200297,1790250400645,Default Profile,false
2026-09-24T13:34:36.000Z,12.782530914992094,75.19348396919668,10.0,6.5,,0.0,22,gps,0.6,1.0,1.2,-87.2,,,,47,,1790256876000,2026-09-24T19:04:36.000+05:30,47981.65092497702,1790250400645,Default Profile,false
2026-09-24T13:34:40.000Z,12.782530831173062,75.19348405301571,10.0,6.5,,0.0,23,gps,0.4,1.0,1.2,-87.1,,,,47,,1790256880000,2026-09-24T19:04:40.000+05:30,47981.66394349599,1790250400645,Default Profile,false
2026-09-24T13:34:44.000Z,12.782530621625483,75.1934843044728,11.0,6.5,,0.0,21,gps,0.6,1.0,1.2,-87.2,,,,47,,1790256884000,2026-09-24T19:04:44.000+05:30,47981.69981064051,1790250400645,Default Profile,false
2026-09-24T13:34:47.000Z,12.782530537806451,75.19348447211087,11.0,6.5,,0.0,24,gps,0.6,1.0,1.2,-87.2,,,,47,,1790256887000,2026-09-24T19:04:47.000+05:30,47981.72023920152,1790250400645,Default Profile,false
2026-09-24T13:34:51.000Z,12.78253024443984,75.19348438829184,11.0,6.5,,0.0,21,gps,0.6,1.2,1.4,-87.2,,,,47,,1790256891000,2026-09-24T19:04:51.000+05:30,47981.75410269941,1790250400645,Default Profile,false
2026-09-24T13:34:55.000Z,12.782530160620809,75.19348438829184,11.0,6.5,,0.0,24,gps,0.4,1.0,1.2,-87.2,,,,47,,1790256895000,2026-09-24T19:04:55.000+05:30,47981.76342295049,1790250400645,Default Profile,false
2026-09-24T13:34:59.000Z,12.782530076801777,75.19348447211087,11.0,6.5,,0.0,23,gps,0.6,1.0,1.2,-87.2,,,,47,,1790256899000,2026-09-24T19:04:59.000+05:30,47981.77644146948,1790250400645,Default Profile,false
2026-09-24T13:35:03.000Z,12.782529992982745,75.19348447211087,11.0,6.5,,0.0,24,gps,0.4,1.0,1.2,-87.2,,,,47,,1790256903000,2026-09-24T19:05:03.000+05:30,47981.78576172057,1790250400645,Default Profile,false
2026-09-24T13:35:07.000Z,12.782529909163713,75.19348447211087,11.0,6.5,,0.0,23,gps,0.6,1.2,1.2,-87.2,,,,47,,1790256907000,2026-09-24T19:05:07.000+05:30,47981.79508197165,1790250400645,Default Profile,false
2026-09-24T13:35:11.000Z,12.782529867254198,75.19348447211087,11.0,6.5,,0.0,22,gps,0.4,1.0,1.2,-87.2,,,,47,,1790256911000,2026-09-24T19:05:11.000+05:30,47981.79974209719,1790250400645,Default Profile,false
2026-09-24T13:35:15.000Z,12.782529909163713,75.19348472356796,11.0,6.5,,0.0,23,gps,0.6,1.2,1.4,-87.2,,,,47,,1790256915000,2026-09-24T19:05:15.000+05:30,47981.82740524197,1790250400645,Default Profile,false
2026-09-24T13:35:19.000Z,12.782530034892261,75.19348497502506,11.0,6.5,,0.0,22,gps,0.4,1.0,1.2,-87.2,,,,47,,1790256919000,2026-09-24T19:05:19.000+05:30,47981.858048083544,1790250400645,Default Profile,false
2026-09-24T13:35:23.000Z,12.782530034892261,75.19348514266312,11.0,6.5,,0.0,23,gps,0.4,1.0,1.2,-87.2,,,,47,,1790256923000,2026-09-24T19:05:23.000+05:30,47981.87622661555,1790250400645,Default Profile,false
2026-09-24T13:35:26.000Z,12.782530034892261,75.19348514266312,11.0,6.5,,0.0,25,gps,0.4,1.0,1.0,-87.2,,,,47,,1790256926000,2026-09-24T19:05:26.000+05:30,47981.87622661555,1790250400645,Default Profile,false
2026-09-24T13:35:30.000Z,12.782529909163713,75.19348522648215,11.0,6.5,,0.0,24,gps,0.4,0.8,1.0,-87.2,,,,47,,1790256930000,2026-09-24T19:05:30.000+05:30,47981.892901917265,1790250400645,Default Profile,false
2026-09-24T13:35:34.000Z,12.782530118711293,75.19348522648215,11.0,6.5,,0.0,23,gps,0.4,1.0,1.0,-87.2,,,,47,,1790256934000,2026-09-24T19:05:34.000+05:30,47981.91620254497,1790250400645,Default Profile,false
2026-09-24T13:35:38.000Z,12.782530202530324,75.19348514266312,11.0,6.5,,0.0,25,gps,0.4,0.8,1.0,-87.2,,,,47,,1790256938000,2026-09-24T19:05:38.000+05:30,47981.92922106396,1790250400645,Default Profile,false
2026-09-24T13:35:42.000Z,12.78253024443984,75.19348514266312,11.0,6.5,,0.0,25,gps,0.4,0.8,1.0,-87.2,,,,47,,1790256942000,2026-09-24T19:05:42.000+05:30,47981.9338811895,1790250400645,Default Profile,false
2026-09-24T13:35:46.000Z,12.782530118711293,75.19348505884409,11.0,6.5,,0.0,24,gps,0.6,1.0,1.2,-87.2,,,,47,,1790256946000,2026-09-24T19:05:46.000+05:30,47981.9505564912,1790250400645,Default Profile,false
2026-09-24T13:35:49.000Z,12.782529992982745,75.19348497502506,10.0,6.5,,0.0,24,gps,0.4,0.8,1.0,-87.2,,,,47,,1790256949000,2026-09-24T19:05:49.000+05:30,47981.967231792914,1790250400645,Default Profile,false
2026-09-24T13:35:53.000Z,12.782529909163713,75.19348505884409,10.0,7.0,,0.0,18,gps,0.6,1.0,1.2,-87.1,,,,47,,1790256953000,2026-09-24T19:05:53.000+05:30,47981.980250311906,1790250400645,Default Profile,false
2026-09-24T13:35:56.000Z,12.782530034892261,75.19348522648215,11.0,6.5,,0.0,22,gps,0.6,1.0,1.2,-87.2,,,,47,,1790256956000,2026-09-24T19:05:56.000+05:30,47982.003183038665,1790250400645,Default Profile,false
2026-09-24T13:36:00.000Z,12.782530076801777,75.19348556175828,11.0,6.5,,0.0,24,gps,0.4,0.8,1.0,-87.2,,,,47,,1790256960000,2026-09-24T19:06:00.000+05:30,47982.03983754553,1790250400645,Default Profile,false
2026-09-24T13:36:04.000Z,12.782530118711293,75.19348564557731,11.0,6.5,,0.0,23,gps,0.4,0.8,1.0,-87.1,,,,47,,1790256964000,2026-09-24T19:06:04.000+05:30,47982.05005182605,1790250400645,Default Profile,false
2026-09-24T13:36:08.000Z,12.782530076801777,75.19348572939634,11.0,6.5,,0.0,22,gps,0.6,1.2,1.2,-87.2,,,,47,,1790256968000,2026-09-24T19:06:08.000+05:30,47982.06026610657,1790250400645,Default Profile,false
2026-09-24T13:36:11.000Z,12.782530034892261,75.19348564557731,11.0,6.5,,0.0,24,gps,0.4,1.0,1.2,-87.2,,,,47,,1790256971000,2026-09-24T19:06:11.000+05:30,47982.07048038709,1790250400645,Default Profile,false
2026-09-24T13:36:15.000Z,12.782529992982745,75.19348572939634,11.0,6.5,,0.0,26,gps,0.4,0.8,1.0,-87.2,,,,47,,1790256975000,2026-09-24T19:06:15.000+05:30,47982.08069466761,1790250400645,Default Profile,false
2026-09-24T13:36:19.000Z,12.782530034892261,75.19348556175828,11.0,6.5,,0.0,24,gps,0.4,0.8,1.0,-87.2,,,,47,,1790256979000,2026-09-24T19:06:19.000+05:30,47982.099461015045,1790250400645,Default Profile,false
2026-09-24T13:36:23.000Z,12.782530118711293,75.19348547793925,11.0,6.5,,0.0,25,gps,0.4,1.0,1.0,-87.2,,,,47,,1790256983000,2026-09-24T19:06:23.000+05:30,47982.11247953404,1790250400645,Default Profile,false
2026-09-24T13:36:27.000Z,12.782530118711293,75.19348556175828,11.0,6.5,,0.0,22,gps,0.4,1.0,1.0,-87.2,,,,47,,1790256987000,2026-09-24T19:06:27.000+05:30,47982.12156880004,1790250400645,Default Profile,false
2026-09-24T13:36:30.000Z,12.782530034892261,75.19348564557731,11.0,6.0,,0.0,19,gps,0.6,1.2,1.2,-87.1,,,,47,,1790256990000,2026-09-24T19:06:30.000+05:30,47982.13458731903,1790250400645,Default Profile,false
2026-09-24T13:36:33.000Z,12.782529992982745,75.19348564557731,11.0,6.0,,0.0,20,gps,0.6,1.2,1.4,-87.2,,,,47,,1790256993000,2026-09-24T19:06:33.000+05:30,47982.13924744457,1790250400645,Default Profile,false
2026-09-24T13:36:36.000Z,12.782529992982745,75.19348556175828,11.0,6.0,,0.0,24,gps,0.4,1.0,1.0,-87.2,,,,47,,1790256996000,2026-09-24T19:06:36.000+05:30,47982.148336710576,1790250400645,Default Profile,false
2026-09-24T13:36:40.000Z,12.782530034892261,75.19348556175828,11.0,6.0,,0.0,24,gps,0.4,1.0,1.0,-87.2,,,,47,,1790257000000,2026-09-24T19:06:40.000+05:30,47982.152996836114,1790250400645,Default Profile,false
2026-09-24T13:36:44.000Z,12.782529992982745,75.19348547793925,11.0,7.0,,0.0,21,gps,0.4,1.0,1.0,-87.1,,,,47,,1790257004000,2026-09-24T19:06:44.000+05:30,47982.16321111663,1790250400645,Default Profile,false
2026-09-24T13:36:48.000Z,12.782529867254198,75.19348564557731,11.0,6.0,,0.0,22,gps,0.4,1.0,1.2,-87.1,,,,47,,1790257008000,2026-09-24T19:06:48.000+05:30,47982.1861438434,1790250400645,Default Profile,false
2026-09-24T13:36:52.000Z,12.782529825344682,75.19348572939634,11.0,6.0,,0.0,19,gps,0.6,1.0,1.2,-87.2,,,,47,,1790257012000,2026-09-24T19:06:52.000+05:30,47982.196358123925,1790250400645,Default Profile,false
2026-09-24T13:36:56.000Z,12.782529867254198,75.19348581321537,11.0,6.0,,0.0,22,gps,0.4,1.0,1.0,-87.2,,,,47,,1790257016000,2026-09-24T19:06:56.000+05:30,47982.20657240445,1790250400645,Default Profile,false
2026-09-24T13:37:00.000Z,12.78252974152565,75.19348598085344,11.0,6.0,,0.0,21,gps,0.4,1.0,1.0,-87.2,,,,47,,1790257020000,2026-09-24T19:07:00.000+05:30,47982.229505131225,1790250400645,Default Profile,false
2026-09-24T13:37:04.000Z,12.782529615797102,75.19348623231053,11.0,7.0,,0.0,21,gps,0.4,1.0,1.2,-87.2,,,,47,,1790257024000,2026-09-24T19:07:04.000+05:30,47982.260147972826,1790250400645,Default Profile,false
2026-09-24T13:37:07.000Z,12.782529490068555,75.19348631612957,11.0,6.0,,0.0,23,gps,0.4,1.0,1.0,-87.1,,,,47,,1790257027000,2026-09-24T19:07:07.000+05:30,47982.276823274544,1790250400645,Default Profile,false
2026-09-24T13:37:11.000Z,12.782529490068555,75.19348648376763,11.0,6.5,,0.0,21,gps,0.4,1.0,1.2,-87.1,,,,47,,1790257031000,2026-09-24T19:07:11.000+05:30,47982.29500180659,1790250400645,Default Profile,false
2026-09-24T13:37:15.000Z,12.782529448159039,75.19348665140569,11.0,6.0,,0.0,22,gps,0.4,1.0,1.2,-87.2,,,,47,,1790257035000,2026-09-24T19:07:15.000+05:30,47982.31376815406,1790250400645,Default Profile,false
2026-09-24T13:37:19.000Z,12.782529406249523,75.19348665140569,11.0,6.0,,0.0,21,gps,0.6,1.0,1.2,-87.2,,,,47,,1790257039000,2026-09-24T19:07:19.000+05:30,47982.3184282796,1790250400645,Default Profile,false
2026-09-24T13:37:22.000Z,12.782529322430491,75.19348673522472,11.0,6.0,,0.0,19,gps,0.6,1.0,1.2,-87.1,,,,47,,1790257042000,2026-09-24T19:07:22.000+05:30,47982.331446798606,1790250400645,Default Profile,false
2026-09-24T13:37:26.000Z,12.782529280520976,75.19348681904376,11.0,6.0,,0.0,22,gps,0.4,1.0,1.2,-87.2,,,,47,,1790257046000,2026-09-24T19:07:26.000+05:30,47982.341661079154,1790250400645,Default Profile,false
2026-09-24T13:37:30.000Z,12.782529322430491,75.19348665140569,11.0,6.0,,0.0,21,gps,0.4,1.2,1.4,-87.2,,,,47,,1790257050000,2026-09-24T19:07:30.000+05:30,47982.36042742664,1790250400645,Default Profile,false
2026-09-24T13:37:34.000Z,12.782529364340007,75.19348656758666,11.0,6.0,,0.0,21,gps,0.6,1.2,1.4,-87.1,,,,47,,1790257054000,2026-09-24T19:07:34.000+05:30,47982.37064170718,1790250400645,Default Profile,false
2026-09-24T13:37:38.000Z,12.782529406249523,75.1934863999486,11.0,6.0,,0.0,17,gps,0.6,1.6,1.8,-87.2,,,,47,,1790257058000,2026-09-24T19:07:38.000+05:30,47982.38940805466,1790250400645,Default Profile,false
2026-09-24T13:37:41.000Z,12.78252953197807,75.1934863999486,11.0,6.0,,0.0,17,gps,0.8,1.6,1.8,-87.2,,,,47,,1790257061000,2026-09-24T19:07:41.000+05:30,47982.40338843128,1790250400645,Default Profile,false
2026-09-24T13:37:45.000Z,12.782529490068555,75.19348648376763,11.0,6.0,,0.0,17,gps,0.8,1.6,1.8,-87.2,,,,47,,1790257065000,2026-09-24T19:07:45.000+05:30,47982.41360271182,1790250400645,Default Profile,false
2026-09-24T13:37:48.000Z,12.782529490068555,75.1934863999486,11.0,6.0,,0.0,22,gps,0.6,1.2,1.4,-87.2,,,,47,,1790257068000,2026-09-24T19:07:48.000+05:30,47982.422691977845,1790250400645,Default Profile,false
2026-09-24T13:37:52.000Z,12.782529573887587,75.1934863999486,11.0,6.0,,0.0,21,gps,0.6,1.2,1.4,-87.2,,,,47,,1790257072000,2026-09-24T19:07:52.000+05:30,47982.43201222893,1790250400645,Default Profile,false
2026-09-24T13:37:56.000Z,12.782529657706618,75.1934863999486,11.0,6.5,,0.0,22,gps,0.4,1.4,1.4,-87.2,,,,47,,1790257076000,2026-09-24T19:07:56.000+05:30,47982.44133248001,1790250400645,Default Profile,false
2026-09-24T13:38:00.000Z,12.782529657706618,75.1934863999486,11.0,6.5,,0.0,24,gps,0.4,1.2,1.2,-87.2,,,,47,,1790257080000,2026-09-24T19:08:00.000+05:30,47982.44133248001,1790250400645,Default Profile,false
2026-09-24T13:38:03.000Z,12.782529573887587,75.19348656758666,11.0,6.5,,0.0,21,gps,0.6,1.2,1.2,-87.2,,,,47,,1790257083000,2026-09-24T19:08:03.000+05:30,47982.46176104108,1790250400645,Default Profile,false
2026-09-24T13:38:07.000Z,12.78252953197807,75.19348681904376,11.0,6.5,,0.0,22,gps,0.6,1.4,1.6,-87.2,,,,47,,1790257087000,2026-09-24T19:08:07.000+05:30,47982.4894241859,1790250400645,Default Profile,false
2026-09-24T13:38:10.000Z,12.78252953197807,75.19348690286279,11.0,6.0,,0.0,19,gps,0.6,1.6,1.8,-87.2,,,,47,,1790257090000,2026-09-24T19:08:10.000+05:30,47982.49851345192,1790250400645,Default Profile,false
2026-09-24T13:38:14.000Z,12.782529490068555,75.19348698668182,11.0,6.5,,0.0,21,gps,0.6,1.4,1.6,-87.2,,,,47,,1790257094000,2026-09-24T19:08:14.000+05:30,47982.508727732464,1790250400645,Default Profile,false
2026-09-24T13:38:17.000Z,12.782529364340007,75.19348723813891,11.0,6.5,,0.0,22,gps,0.4,1.2,1.2,-87.2,,,,47,,1790257097000,2026-09-24T19:08:17.000+05:30,47982.539370574086,1790250400645,Default Profile,false
2026-09-24T13:38:21.000Z,12.782524167560041,75.1934967096895,11.0,6.5,,0.0,21,gps,0.6,1.2,1.4,-87.2,,,,47,,1790257101000,2026-09-24T19:08:21.000+05:30,47983.717854731636,1790250400645,Default Profile,false
2026-09-24T13:38:25.000Z,12.782517713494599,75.19351531751454,11.0,6.0,25.3,0.28,17,gps,0.6,1.4,1.6,-87.2,,,,47,,1790257105000,2026-09-24T19:08:25.000+05:30,47985.85949449396,1790250400645,Default Profile,false
2026-09-24T13:38:28.000Z,12.782518384046853,75.19351372495294,11.0,6.0,,0.0,16,gps,0.8,1.6,1.8,-87.2,,,,47,,1790257108000,2026-09-24T19:08:28.000+05:30,47986.047599313315,1790250400645,Default Profile,false
2026-09-24T13:38:32.000Z,12.782518342137337,75.19351372495294,11.0,6.5,,0.0,20,gps,0.6,1.2,1.4,-87.2,,,,47,,1790257112000,2026-09-24T19:08:32.000+05:30,47986.05225943885,1790250400645,Default Profile,false
2026-09-24T13:38:36.000Z,12.78251830022782,75.19351380877197,11.0,6.0,,0.0,19,gps,0.6,1.2,1.4,-87.1,,,,47,,1790257116000,2026-09-24T19:08:36.000+05:30,47986.06247371975,1790250400645,Default Profile,false
2026-09-24T13:38:40.000Z,12.78251821640879,75.19351397641003,11.0,6.5,,0.0,20,gps,0.6,1.2,1.2,-87.2,,,,47,,1790257120000,2026-09-24T19:08:40.000+05:30,47986.082902281545,1790250400645,Default Profile,false
2026-09-24T13:38:44.000Z,12.78251830022782,75.19351397641003,11.0,6.5,,0.0,22,gps,0.4,1.0,1.2,-87.2,,,,47,,1790257124000,2026-09-24T19:08:44.000+05:30,47986.09222253263,1790250400645,Default Profile,false
2026-09-24T13:38:47.000Z,12.782518258318305,75.19351406022906,11.0,6.5,,0.0,20,gps,0.6,1.2,1.2,-87.2,,,,47,,1790257127000,2026-09-24T19:08:47.000+05:30,47986.102436813526,1790250400645,Default Profile,false
2026-09-24T13:38:51.000Z,12.78251821640879,75.19351406022906,11.0,6.5,,0.0,21,gps,0.6,1.2,1.4,-87.2,,,,47,,1790257131000,2026-09-24T19:08:51.000+05:30,47986.107096939064,1790250400645,Default Profile,false
2026-09-24T13:38:55.000Z,12.782518174499273,75.19351422786713,11.0,6.0,,0.0,17,gps,0.6,1.2,1.4,-87.2,,,,47,,1790257135000,2026-09-24T19:08:55.000+05:30,47986.12586328733,1790250400645,Default Profile,false
2026-09-24T13:38:59.000Z,12.782518174499273,75.19351406022906,11.0,6.5,,0.0,21,gps,0.6,1.4,1.4,-87.2,,,,47,,1790257139000,2026-09-24T19:08:59.000+05:30,47986.14404182019,1790250400645,Default Profile,false
2026-09-24T13:39:03.000Z,12.782518174499273,75.1935141440481,11.0,6.0,,0.0,19,gps,0.6,1.4,1.6,-87.1,,,,47,,1790257143000,2026-09-24T19:09:03.000+05:30,47986.15313108662,1790250400645,Default Profile,false
2026-09-24T13:39:07.000Z,12.782518090680242,75.1935141440481,11.0,6.0,,0.0,21,gps,0.6,1.2,1.4,-87.2,,,,47,,1790257147000,2026-09-24T19:09:07.000+05:30,47986.1624513377,1790250400645,Default Profile,false
2026-09-24T13:39:10.000Z,12.782518048770726,75.1935141440481,11.0,6.0,,0.0,21,gps,0.6,1.2,1.4,-87.2,,,,47,,1790257150000,2026-09-24T19:09:10.000+05:30,47986.16711146324,1790250400645,Default Profile,false
2026-09-24T13:39:13.000Z,12.782518048770726,75.19351422786713,11.0,6.0,,0.0,20,gps,0.6,1.2,1.4,-87.2,,,,47,,1790257153000,2026-09-24T19:09:13.000+05:30,47986.17620072968,1790250400645,Default Profile,false
2026-09-24T13:39:16.000Z,12.782518048770726,75.19351422786713,11.0,6.0,,0.0,20,gps,0.6,1.2,1.4,-87.2,,,,47,,1790257156000,2026-09-24T19:09:16.000+05:30,47986.17620072968,1790250400645,Default Profile,false
2026-09-24T13:39:20.000Z,12.782517881132662,75.1935141440481,11.0,6.5,,0.0,20,gps,0.6,1.2,1.4,-87.2,,,,47,,1790257160000,2026-09-24T19:09:20.000+05:30,47986.196939174304,1790250400645,Default Profile,false
2026-09-24T13:39:24.000Z,12.78251800686121,75.1935141440481,11.0,6.0,,0.0,17,gps,0.8,1.8,2.0,-87.2,,,,47,,1790257164000,2026-09-24T19:09:24.000+05:30,47986.210919550926,1790250400645,Default Profile,false
2026-09-24T13:39:27.000Z,12.782517881132662,75.19351422786713,11.0,6.5,,0.0,21,gps,0.6,1.2,1.4,-87.2,,,,47,,1790257167000,2026-09-24T19:09:27.000+05:30,47986.22759485287,1790250400645,Default Profile,false
2026-09-24T13:39:31.000Z,12.782517713494599,75.19351422786713,11.0,6.5,,0.0,18,gps,0.6,1.4,1.6,-87.2,,,,47,,1790257171000,2026-09-24T19:09:31.000+05:30,47986.246235355036,1790250400645,Default Profile,false
2026-09-24T13:39:34.000Z,12.782517671585083,75.19351422786713,11.0,6.0,,0.0,16,gps,0.8,1.6,1.8,-87.2,,,,47,,1790257174000,2026-09-24T19:09:34.000+05:30,47986.250895480574,1790250400645,Default Profile,false
2026-09-24T13:39:38.000Z,12.782517629675567,75.1935141440481,11.0,6.5,,0.0,18,gps,0.6,1.4,1.4,-87.2,,,,47,,1790257178000,2026-09-24T19:09:38.000+05:30,47986.26110976149,1790250400645,Default Profile,false
2026-09-24T13:39:41.000Z,12.782517587766051,75.19351397641003,11.0,6.0,,0.0,18,gps,0.6,1.6,1.6,-87.2,,,,47,,1790257181000,2026-09-24T19:09:41.000+05:30,47986.279876109795,1790250400645,Default Profile,false
2026-09-24T13:39:45.000Z,12.782517629675567,75.1935136411339,11.0,6.5,,0.0,20,gps,0.6,1.2,1.2,-87.2,,,,47,,1790257185000,2026-09-24T19:09:45.000+05:30,47986.316530618446,1790250400645,Default Profile,false
2026-09-24T13:39:49.000Z,12.782517713494599,75.19351338967681,11.0,6.5,,0.0,18,gps,0.6,1.2,1.2,-87.2,,,,47,,1790257189000,2026-09-24T19:09:49.000+05:30,47986.345347279625,1790250400645,Default Profile,false
2026-09-24T13:39:52.000Z,12.782517755404115,75.19351322203875,11.0,6.5,,0.0,20,gps,0.6,1.2,1.4,-87.2,,,,47,,1790257192000,2026-09-24T19:09:52.000+05:30,47986.36411362792,1790250400645,Default Profile,false
2026-09-24T13:39:55.000Z,12.782517713494599,75.19351313821971,11.0,6.5,,0.0,21,gps,0.4,1.2,1.2,-87.2,,,,47,,1790257195000,2026-09-24T19:09:55.000+05:30,47986.37432790883,1790250400645,Default Profile,false
2026-09-24T13:39:59.000Z,12.782517671585083,75.19351313821971,11.0,6.0,,0.0,17,gps,0.6,1.2,1.4,-87.2,,,,47,,1790257199000,2026-09-24T19:09:59.000+05:30,47986.37898803437,1790250400645,Default Profile,false
2026-09-24T13:40:03.000Z,12.782517671585083,75.19351322203875,11.0,6.5,,0.0,15,gps,0.6,1.6,1.6,-87.2,,,,47,,1790257203000,2026-09-24T19:10:03.000+05:30,47986.38807730082,1790250400645,Default Profile,false
2026-09-24T13:40:06.000Z,12.782517671585083,75.19351322203875,11.0,6.5,,0.0,19,gps,0.6,1.2,1.4,-87.2,,,,47,,1790257206000,2026-09-24T19:10:06.000+05:30,47986.38807730082,1790250400645,Default Profile,false
2026-09-24T13:40:10.000Z,12.782517671585083,75.19351322203875,11.0,6.5,,0.0,17,gps,0.6,1.2,1.4,-87.2,,,,47,,1790257210000,2026-09-24T19:10:10.000+05:30,47986.38807730082,1790250400645,Default Profile,false
2026-09-24T13:40:13.000Z,12.782517587766051,75.19351330585778,11.0,6.5,,0.0,18,gps,0.6,1.0,1.2,-87.2,,,,46,,1790257213000,2026-09-24T19:10:13.000+05:30,47986.401095820125,1790250400645,Default Profile,false
2026-09-24T13:40:17.000Z,12.782517420127988,75.19351322203875,11.0,6.5,,0.0,21,gps,0.4,1.0,1.2,-87.2,,,,46,,1790257217000,2026-09-24T19:10:17.000+05:30,47986.42183426476,1790250400645,Default Profile,false
2026-09-24T13:40:21.000Z,12.782517336308956,75.19351305440068,11.0,6.5,,0.0,21,gps,0.6,1.2,1.2,-87.2,,,,46,,1790257221000,2026-09-24T19:10:21.000+05:30,47986.44226282661,1790250400645,Default Profile,false
2026-09-24T13:40:24.000Z,12.782517336308956,75.19351305440068,11.0,6.5,,0.0,24,gps,0.4,1.0,1.2,-87.2,,,,46,,1790257224000,2026-09-24T19:10:24.000+05:30,47986.44226282661,1790250400645,Default Profile,false
2026-09-24T13:40:28.000Z,12.782517336308956,75.19351297058165,11.0,7.0,,0.0,22,gps,0.6,1.0,1.2,-87.2,,,,46,,1790257228000,2026-09-24T19:10:28.000+05:30,47986.45135209307,1790250400645,Default Profile,false
2026-09-24T13:40:32.000Z,12.782517336308956,75.19351297058165,11.0,7.0,,0.0,24,gps,0.4,1.0,1.2,-87.2,,,,46,,1790257232000,2026-09-24T19:10:32.000+05:30,47986.45135209307,1790250400645,Default Profile,false
2026-09-24T13:40:35.000Z,12.782517378218472,75.19351271912456,11.0,7.0,,0.0,23,gps,0.4,1.0,1.2,-87.2,,,,46,,1790257235000,2026-09-24T19:10:35.000+05:30,47986.47901523919,1790250400645,Default Profile,false
2026-09-24T13:40:39.000Z,12.782517462037504,75.19351246766746,11.0,7.0,,0.0,20,gps,0.6,1.0,1.2,-87.2,,,,46,,1790257239000,2026-09-24T19:10:39.000+05:30,47986.507831900395,1790250400645,Default Profile,false
2026-09-24T13:40:43.000Z,12.78251750394702,75.19351221621037,11.0,7.0,,0.0,22,gps,0.4,1.0,1.2,-87.2,,,,46,,1790257243000,2026-09-24T19:10:43.000+05:30,47986.535495046504,1790250400645,Default Profile,false
2026-09-24T13:40:47.000Z,12.782517713494599,75.19351188093424,11.0,7.0,,0.0,24,gps,0.4,1.0,1.2,-87.2,,,,46,,1790257247000,2026-09-24T19:10:47.000+05:30,47986.57867786121,1790250400645,Default Profile,false
2026-09-24T13:40:51.000Z,12.782517713494599,75.19351171329618,11.0,6.0,,0.0,22,gps,0.6,1.2,1.4,-87.2,,,,46,,1790257251000,2026-09-24T19:10:51.000+05:30,47986.596856394106,1790250400645,Default Profile,false
2026-09-24T13:40:55.000Z,12.782517671585083,75.19351171329618,11.0,6.0,,0.0,21,gps,0.6,1.2,1.4,-87.1,,,,46,,1790257255000,2026-09-24T19:10:55.000+05:30,47986.601516519644,1790250400645,Default Profile,false
2026-09-24T13:40:58.000Z,12.782517629675567,75.19351171329618,11.0,7.0,,0.0,23,gps,0.6,1.2,1.4,-87.2,,,,46,,1790257258000,2026-09-24T19:10:58.000+05:30,47986.60617664518,1790250400645,Default Profile,false
2026-09-24T13:41:02.000Z,12.782517629675567,75.19351171329618,11.0,6.0,,0.0,23,gps,0.6,1.2,1.4,-87.2,,,,46,,1790257262000,2026-09-24T19:11:02.000+05:30,47986.60617664518,1790250400645,Default Profile,false
2026-09-24T13:41:06.000Z,12.782517629675567,75.19351154565811,11.0,7.0,,0.0,24,gps,0.4,1.2,1.2,-87.2,,,,46,,1790257266000,2026-09-24T19:11:06.000+05:30,47986.624355178086,1790250400645,Default Profile,false
2026-09-24T13:41:10.000Z,12.782517671585083,75.19351154565811,11.0,6.0,,0.0,23,gps,0.6,1.2,1.2,-87.1,,,,46,,1790257270000,2026-09-24T19:11:10.000+05:30,47986.629015303624,1790250400645,Default Profile,false
2026-09-24T13:41:13.000Z,12.782517671585083,75.19351154565811,11.0,6.0,,0.0,23,gps,0.4,1.2,1.2,-87.2,,,,46,,1790257273000,2026-09-24T19:11:13.000+05:30,47986.629015303624,1790250400645,Default Profile,false
2026-09-24T13:41:16.000Z,12.782517629675567,75.19351146183908,11.0,7.0,,0.0,24,gps,0.4,1.2,1.2,-87.2,,,,46,,1790257276000,2026-09-24T19:11:16.000+05:30,47986.63922958454,1790250400645,Default Profile,false
2026-09-24T13:41:19.000Z,12.782517713494599,75.19351137802005,11.0,7.0,,0.0,22,gps,0.6,1.0,1.2,-87.2,,,,46,,1790257279000,2026-09-24T19:11:19.000+05:30,47986.65224810385,1790250400645,Default Profile,false
2026-09-24T13:41:23.000Z,12.782517839223146,75.19351112656295,11.0,7.0,,0.0,23,gps,0.4,1.0,1.2,-87.1,,,,46,,1790257283000,2026-09-24T19:11:23.000+05:30,47986.68289094659,1790250400645,Default Profile,false
2026-09-24T13:41:26.000Z,12.782517881132662,75.19351112656295,11.0,7.0,,0.0,18,gps,0.6,1.6,1.6,-87.2,,,,46,,1790257286000,2026-09-24T19:11:26.000+05:30,47986.68755107213,1790250400645,Default Profile,false
2026-09-24T13:41:30.000Z,12.782517964951694,75.19351112656295,11.0,6.0,,0.0,22,gps,0.6,1.0,1.2,-87.1,,,,46,,1790257290000,2026-09-24T19:11:30.000+05:30,47986.69687132321,1790250400645,Default Profile,false
2026-09-24T13:41:33.000Z,12.782517923042178,75.19351104274392,11.0,7.0,,0.0,22,gps,0.6,1.0,1.2,-87.2,,,,46,,1790257293000,2026-09-24T19:11:33.000+05:30,47986.707085604125,1790250400645,Default Profile,false
2026-09-24T13:41:37.000Z,12.78251800686121,75.1935107074678,11.0,7.0,,0.0,19,gps,0.6,1.2,1.4,-87.1,,,,46,,1790257297000,2026-09-24T19:11:37.000+05:30,47986.744618300676,1790250400645,Default Profile,false
2026-09-24T13:41:41.000Z,12.78251800686121,75.1935107074678,11.0,7.0,,0.0,19,gps,0.6,1.2,1.4,-87.2,,,,46,,1790257301000,2026-09-24T19:11:41.000+05:30,47986.744618300676,1790250400645,Default Profile,false
2026-09-24T13:41:44.000Z,12.78251800686121,75.19351087510586,11.0,6.0,,0.0,19,gps,0.6,1.2,1.4,-87.2,,,,46,,1790257304000,2026-09-24T19:11:44.000+05:30,47986.76279683355,1790250400645,Default Profile,false
2026-09-24T13:41:48.000Z,12.782517923042178,75.19351087510586,11.0,6.0,,0.0,20,gps,0.6,1.2,1.2,-87.2,,,,46,,1790257308000,2026-09-24T19:11:48.000+05:30,47986.772117084634,1790250400645,Default Profile,false
2026-09-24T13:41:51.000Z,12.782517839223146,75.19351087510586,11.0,6.0,,0.0,18,gps,0.6,1.4,1.6,-87.2,,,,46,,1790257311000,2026-09-24T19:11:51.000+05:30,47986.78143733572,1790250400645,Default Profile,false
2026-09-24T13:41:54.000Z,12.782517839223146,75.19351087510586,11.0,6.0,,0.0,20,gps,0.6,1.2,1.4,-87.2,,,,46,,1790257314000,2026-09-24T19:11:54.000+05:30,47986.78143733572,1790250400645,Default Profile,false
2026-09-24T13:41:58.000Z,12.782517713494599,75.19351095892489,11.0,6.0,,0.0,18,gps,0.6,1.2,1.4,-87.1,,,,46,,1790257318000,2026-09-24T19:11:58.000+05:30,47986.79811263767,1790250400645,Default Profile,false
2026-09-24T13:42:02.000Z,12.782517755404115,75.19351079128683,11.0,6.0,,0.0,19,gps,0.8,1.6,1.8,-87.2,,,,46,,1790257322000,2026-09-24T19:12:02.000+05:30,47986.81687898596,1790250400645,Default Profile,false
2026-09-24T13:42:06.000Z,12.782517755404115,75.19351062364876,11.0,6.0,,0.0,17,gps,0.6,1.2,1.4,-87.2,,,,46,,1790257326000,2026-09-24T19:12:06.000+05:30,47986.83505751886,1790250400645,Default Profile,false
2026-09-24T13:42:09.000Z,12.782520186156034,75.19350023008883,11.0,6.5,25.3,0.41,11,gps,1.0,2.4,2.6,-87.2,,,,46,,1790257329000,2026-09-24T19:12:09.000+05:30,47987.99408289468,1790250400645,Default Profile,false
2026-09-24T13:42:13.000Z,12.782525634393096,75.19348103553057,11.0,9.0,25.3,0.17,16,gps,0.6,1.4,1.6,-87.2,,,,46,,1790257333000,2026-09-24T19:12:13.000+05:30,47990.161896102574,1790250400645,Default Profile,false
2026-09-24T13:42:17.000Z,12.78254319448024,75.19345639273524,11.0,10.5,310.7,0.9,18,gps,0.6,1.2,1.4,-87.1,,,,46,,1790257337000,2026-09-24T19:12:17.000+05:30,47993.471504344416,1790250400645,Default Profile,false
2026-09-24T13:42:20.000Z,12.782538793981075,75.19344214349985,10.0,11.5,254.4,0.28,16,gps,1.0,1.6,2.0,-87.2,,,,46,,1790257340000,2026-09-24T19:12:20.000+05:30,47995.09230465466,1790250400645,Default Profile,false
2026-09-24T13:42:24.000Z,12.782543571665883,75.19345270469785,10.0,10.5,241.8,0.14999999,15,gps,0.8,1.4,1.6,-87.2,,,,46,,1790257344000,2026-09-24T19:12:24.000+05:30,47996.354771645194,1790250400645,Default Profile,false
2026-09-24T13:42:28.000Z,12.782552288845181,75.19345823675394,10.0,11.0,241.8,0.71,15,gps,0.8,1.4,1.6,-87.2,,,,46,,1790257348000,2026-09-24T19:12:28.000+05:30,47997.494694523426,1790250400645,Default Profile,false
2026-09-24T13:42:31.000Z,12.782543068751693,75.19348631612957,10.0,11.0,241.8,0.35999998,15,gps,1.0,2.0,2.4,-87.2,,,,46,,1790257351000,2026-09-24T19:12:31.000+05:30,48000.70756417907,1790250400645,Default Profile,false
2026-09-24T13:42:33.000Z,12.782540931366384,75.19349872134626,10.0,13.5,241.8,0.62,18,gps,0.6,,,-87.2,,,,46,,1790257353000,2026-09-24T19:12:33.000+05:30,48002.07360911754,1790250400645,Default Profile,false
2026-09-24T13:42:38.000Z,12.782905334606767,75.19338196143508,10.0,31.0,327.3,9.28,13,gps,0.8,2.0,2.2,-87.2,,,,46,,1790257358000,2026-09-24T19:12:38.000+05:30,48044.52549937526,1790250400645,Default Profile,false
2026-09-24T13:43:10.000Z,12.782408287748694,75.19352135248482,6.0,29.5,326.0,0.17,15,gps,1.4,1.6,2.2,-87.2,,,,46,,1790257390000,2026-09-24T19:13:10.000+05:30,48101.82426699233,1790250400645,Default Profile,false
2026-09-24T13:43:14.000Z,12.782399863936007,75.19358186982572,-5.0,18.0,9.9,0.42999998,16,gps,1.2,1.6,2.0,-87.2,,,,46,,1790257394000,2026-09-24T19:13:14.000+05:30,48108.453231686406,1790250400645,Default Profile,false
2026-09-24T13:43:18.000Z,12.782353051006794,75.19355068914592,0.0,12.5,29.8,0.39,18,gps,0.8,1.2,1.6,-87.2,,,,46,,1790257398000,2026-09-24T19:13:18.000+05:30,48114.66035255612,1790250400645,Default Profile,false
2026-09-24T13:43:22.000Z,12.782381968572736,75.19353518262506,4.0,9.5,2.3,0.62,18,gps,0.8,1.4,1.6,-87.2,,,,46,,1790257402000,2026-09-24T19:13:22.000+05:30,48118.2889677062,1790250400645,Default Profile,false
2026-09-24T13:43:26.000Z,12.782360427081585,75.19352747127414,8.0,8.5,1.3,0.01,19,gps,0.6,1.2,1.4,-87.2,,,,46,,1790257406000,2026-09-24T19:13:26.000+05:30,48120.82604002722,1790250400645,Default Profile,false
2026-09-24T13:43:30.000Z,12.782352967187762,75.1935361046344,9.0,7.0,,0.0,20,gps,0.6,1.2,1.4,-87.2,,,,45,,1790257410000,2026-09-24T19:13:30.000+05:30,48122.07685388129,1790250400645,Default Profile,false
2026-09-24T13:43:34.000Z,12.782353009097278,75.19352906383574,10.0,6.5,1.3,0.01,22,gps,0.6,1.2,1.2,-87.2,,,,45,,1790257414000,2026-09-24T19:13:34.000+05:30,48122.84036698267,1790250400645,Default Profile,false
2026-09-24T13:43:37.000Z,12.782361265271902,75.19353250041604,10.0,6.0,,0.0,21,gps,0.6,1.2,1.4,-87.2,,,,45,,1790257417000,2026-09-24T19:13:37.000+05:30,48123.831165511736,1790250400645,Default Profile,false
2026-09-24T13:43:41.000Z,12.782353512011468,75.19353526644409,10.0,5.5,1.3,0.01,22,gps,0.6,1.0,1.4,-87.2,,,,45,,1790257421000,2026-09-24T19:13:41.000+05:30,48124.743976581034,1790250400645,Default Profile,false
2026-09-24T13:43:45.000Z,12.78235380537808,75.19353618845344,9.0,5.5,,0.0,21,gps,0.8,1.2,1.4,-87.2,,,,45,,1790257425000,2026-09-24T19:13:45.000+05:30,48124.84914559374,1790250400645,Default Profile,false
2026-09-24T13:43:49.000Z,12.782343118451536,75.19353551790118,9.0,4.5,,0.0,20,gps,0.8,1.4,1.6,-87.2,,,,45,,1790257429000,2026-09-24T19:13:49.000+05:30,48126.03970022304,1790250400645,Default Profile,false
2026-09-24T13:43:52.000Z,12.782342489808798,75.1935361046344,9.0,4.5,1.3,0.17999999,21,gps,0.8,1.2,1.4,-87.2,,,,45,,1790257432000,2026-09-24T19:13:52.000+05:30,48126.134222190514,1790250400645,Default Profile,false
2026-09-24T13:43:55.000Z,12.78234307654202,75.19353987649083,9.0,5.0,1.3,0.02,20,gps,1.0,1.2,1.6,-87.2,,,,45,,1790257435000,2026-09-24T19:13:55.000+05:30,48126.54841009103,1790250400645,Default Profile,false
2026-09-24T13:43:58.000Z,12.78234873432666,75.19354071468115,9.0,5.0,1.3,0.01,20,gps,0.6,1.2,1.4,-87.2,,,,45,,1790257438000,2026-09-24T19:13:58.000+05:30,48127.18405906813,1790250400645,Default Profile,false
2026-09-24T13:44:02.000Z,12.782362313009799,75.19354281015694,9.0,4.5,1.3,0.02,21,gps,0.6,1.2,1.4,-87.2,,,,45,,1790257442000,2026-09-24T19:14:02.000+05:30,48128.71094280577,1790250400645,Default Profile,false
2026-09-24T13:44:06.000Z,12.782371868379414,75.1935413852334,10.0,4.5,1.3,0.01,22,gps,0.6,1.0,1.2,-87.2,,,,45,,1790257446000,2026-09-24T19:14:06.000+05:30,48129.784628174195,1790250400645,Default Profile,false
2026-09-24T13:44:10.000Z,12.78238142374903,75.19354222342372,11.0,4.0,1.3,0.01,23,gps,0.6,1.0,1.2,-87.2,,,,45,,1790257450000,2026-09-24T19:14:10.000+05:30,48130.85101743737,1790250400645,Default Profile,false
2026-09-24T13:44:14.000Z,12.782393409870565,75.19354389980435,12.0,4.0,1.3,0.02,24,gps,0.6,1.0,1.2,-87.1,,,,45,,1790257454000,2026-09-24T19:14:14.000+05:30,48132.19615343941,1790250400645,Default Profile,false
2026-09-24T13:44:18.000Z,12.782401917502284,75.19354532472789,12.0,4.0,,0.0,22,gps,0.6,1.0,1.2,-87.2,,,,45,,1790257458000,2026-09-24T19:14:18.000+05:30,48133.154695075,1790250400645,Default Profile,false
2026-09-24T13:44:22.000Z,12.78240761719644,75.1935345120728,12.0,4.5,1.3,0.06,21,gps,0.6,1.0,1.2,-87.2,,,,45,,1790257462000,2026-09-24T19:14:22.000+05:30,48134.48753674073,1790250400645,Default Profile,false
2026-09-24T13:44:26.000Z,12.782416669651866,75.19352596253157,12.0,5.0,1.3,0.72999996,22,gps,0.6,1.0,1.2,-87.2,,,,45,,1790257466000,2026-09-24T19:14:26.000+05:30,48135.85601851013,1790250400645,Default Profile,false
2026-09-24T13:44:30.000Z,12.782410006038845,75.19352613016963,12.0,5.5,1.3,0.35,19,gps,0.6,1.2,1.2,-87.1,,,,45,,1790257470000,2026-09-24T19:14:30.000+05:30,48136.59720143174,1790250400645,Default Profile,false
2026-09-24T13:44:34.000Z,12.782412897795439,75.19352680072188,12.0,6.0,1.3,0.06,24,gps,0.6,1.0,1.2,-87.2,,,,45,,1790257474000,2026-09-24T19:14:34.000+05:30,48136.92686928223,1790250400645,Default Profile,false
2026-09-24T13:44:38.000Z,12.78239801991731,75.19352688454092,12.0,6.5,1.3,0.88,22,gps,0.6,1.0,1.2,-87.2,,,,45,,1790257478000,2026-09-24T19:14:38.000+05:30,48138.58123881833,1790250400645,Default Profile,false
2026-09-24T13:44:42.000Z,12.782369395717978,75.19352520816028,12.0,7.0,197.4,0.71999997,22,gps,0.6,1.2,1.2,-87.2,,,,45,,1790257482000,2026-09-24T19:14:42.000+05:30,48141.7692915611,1790250400645,Default Profile,false
2026-09-24T13:44:45.000Z,12.782359505072236,75.19351766444743,12.0,6.5,239.7,0.13,25,gps,0.4,1.0,1.2,-87.2,,,,45,,1790257485000,2026-09-24T19:14:45.000+05:30,48143.1399547694,1790250400645,Default Profile,false
2026-09-24T13:44:49.000Z,12.782372664660215,75.19351012073457,12.0,6.0,239.7,0.01,26,gps,0.4,1.0,1.2,-87.2,,,,45,,1790257489000,2026-09-24T19:14:49.000+05:30,48144.816369711356,1790250400645,Default Profile,false
2026-09-24T13:44:53.000Z,12.78238071128726,75.19350592978299,12.0,5.0,239.7,0.01,27,gps,0.4,1.0,1.2,-87.2,,,,45,,1790257493000,2026-09-24T19:14:53.000+05:30,48145.819915501874,1790250400645,Default Profile,false
2026-09-24T13:44:56.000Z,12.782389386557043,75.19350768998265,11.0,5.0,239.7,0.17999999,25,gps,0.4,1.0,1.2,-87.2,,,,45,,1790257496000,2026-09-24T19:14:56.000+05:30,48146.80326438699,1790250400645,Default Profile,false
2026-09-24T13:45:00.000Z,12.78237878344953,75.19350559450686,11.0,5.0,,0.0,22,gps,0.4,1.2,1.2,-87.2,,,,45,,1790257500000,2026-09-24T19:15:00.000+05:30,48148.00397376791,1790250400645,Default Profile,false
2026-09-24T13:45:04.000Z,12.782382178120315,75.19350165501237,11.0,5.5,239.7,0.08,22,gps,0.6,1.2,1.4,-87.2,,,,45,,1790257504000,2026-09-24T19:15:04.000+05:30,48148.57404388784,1790250400645,Default Profile,false
2026-09-24T13:45:07.000Z,12.782385405153036,75.19349712878466,12.0,5.5,239.7,0.11,24,gps,0.4,1.0,1.2,-87.2,,,,45,,1790257507000,2026-09-24T19:15:07.000+05:30,48149.18204359069,1790250400645,Default Profile,false
2026-09-24T13:45:11.000Z,12.782391649670899,75.19349570386112,12.0,5.5,239.7,0.35999998,21,gps,0.6,1.2,1.4,-87.2,,,,45,,1790257511000,2026-09-24T19:15:11.000+05:30,48149.89338718105,1790250400645,Default Profile,false
2026-09-24T13:45:15.000Z,12.78239630162716,75.1934932731092,12.0,5.5,,0.0,23,gps,0.6,1.2,1.2,-87.2,,,,45,,1790257515000,2026-09-24T19:15:15.000+05:30,48150.47394846896,1790250400645,Default Profile,false
2026-09-24T13:45:19.000Z,12.782388338819146,75.19348715431988,12.0,6.0,239.7,0.29999998,23,gps,0.6,1.0,1.2,-87.2,,,,45,,1790257519000,2026-09-24T19:15:19.000+05:30,48151.58039770721,1790250400645,Default Profile,false
2026-09-24T13:45:22.000Z,12.782387165352702,75.19348572939634,12.0,6.0,239.7,0.35999998,21,gps,0.6,,,-87.2,,,,45,,1790257522000,2026-09-24T19:15:22.000+05:30,48151.78263924414,1790250400645,Default Profile,false
2026-09-24T13:45:26.000Z,12.78239416424185,75.19349318929017,13.0,6.0,239.7,0.28,23,gps,0.4,1.0,1.2,-87.2,,,,45,,1790257526000,2026-09-24T19:15:26.000+05:30,48152.90515927016,1790250400645,Default Profile,false
2026-09-24T13:45:30.000Z,12.782396175898612,75.19350794143975,13.0,6.5,239.7,0.71999997,23,gps,0.4,1.0,1.2,-87.1,,,,45,,1790257530000,2026-09-24T19:15:30.000+05:30,48154.520434128775,1790250400645,Default Profile,false
2026-09-24T13:45:33.000Z,12.782390643842518,75.19351246766746,12.0,5.5,239.7,0.13,23,gps,0.4,1.0,1.2,-87.2,,,,45,,1790257533000,2026-09-24T19:15:33.000+05:30,48155.307388950976,1790250400645,Default Profile,false
2026-09-24T13:45:37.000Z,12.78239294886589,75.19351330585778,12.0,5.5,239.7,0.03,23,gps,0.6,1.0,1.2,-87.2,,,,45,,1790257537000,2026-09-24T19:15:37.000+05:30,48155.57933511133,1790250400645,Default Profile,false
2026-09-24T13:45:41.000Z,12.782388045452535,75.19351171329618,12.0,5.5,239.7,0.48999998,21,gps,0.6,,,-87.2,,,,45,,1790257541000,2026-09-24T19:15:41.000+05:30,48156.15126589862,1790250400645,Default Profile,false
2026-09-24T13:45:45.000Z,12.78238800354302,75.19350509159267,13.0,6.5,239.7,0.29,19,gps,0.6,1.2,1.4,-87.2,,,,45,,1790257545000,2026-09-24T19:15:45.000+05:30,48156.8693334386,1790250400645,Default Profile,false
2026-09-24T13:45:49.000Z,12.78238628525287,75.19350618124008,18.0,8.0,239.7,0.58,21,gps,0.6,1.2,1.4,-87.2,,,,45,,1790257549000,2026-09-24T19:15:49.000+05:30,48157.09398383393,1790250400645,Default Profile,false
2026-09-24T13:45:52.000Z,12.782388171181083,75.19350584596395,18.0,8.0,,0.0,22,gps,0.6,1.2,1.2,-87.2,,,,45,,1790257552000,2026-09-24T19:15:52.000+05:30,48157.30681779968,1790250400645,Default Profile,false
2026-09-24T13:45:56.000Z,12.782388716004789,75.19350551068783,18.0,7.5,,0.0,14,gps,1.4,1.8,2.4,-87.2,,,,45,,1790257556000,2026-09-24T19:15:56.000+05:30,48157.37747168653,1790250400645,Default Profile,false
2026-09-24T13:46:00.000Z,12.782389470376074,75.1935051754117,18.0,7.5,,0.0,15,gps,1.2,1.6,2.0,-87.2,,,,45,,1790257560000,2026-09-24T19:16:00.000+05:30,48157.46889417326,1790250400645,Default Profile,false
2026-09-24T13:46:04.000Z,12.782389973290265,75.1935049239546,18.0,7.5,,0.0,19,gps,0.8,1.2,1.6,-87.2,,,,45,,1790257564000,2026-09-24T19:16:04.000+05:30,48157.5311095132,1790250400645,Default Profile,false
2026-09-24T13:46:08.000Z,12.782390769571066,75.19350475631654,18.0,8.0,,0.0,20,gps,0.8,1.2,1.4,-87.2,,,,45,,1790257568000,2026-09-24T19:16:08.000+05:30,48157.62149874587,1790250400645,Default Profile,false
2026-09-24T13:46:12.000Z,12.782391523942351,75.19350450485945,18.0,8.0,,0.0,21,gps,0.6,1.0,1.2,-87.2,,,,45,,1790257572000,2026-09-24T19:16:12.000+05:30,48157.70970173407,1790250400645,Default Profile,false
2026-09-24T13:46:15.000Z,12.782392110675573,75.1935049239546,18.0,8.0,,0.0,22,gps,0.6,1.0,1.2,-87.2,,,,45,,1790257575000,2026-09-24T19:16:15.000+05:30,48157.7892118473,1790250400645,Default Profile,false
2026-09-24T13:46:19.000Z,12.782392739318311,75.19350458867848,18.0,8.0,,0.0,24,gps,0.4,1.0,1.2,-87.2,,,,45,,1790257579000,2026-09-24T19:16:19.000+05:30,48157.8680034129,1790250400645,Default Profile,false
2026-09-24T13:46:23.000Z,12.782393242232502,75.19350425340235,18.0,4.5,,0.0,23,gps,0.6,1.0,1.2,-87.2,,,,45,,1790257583000,2026-09-24T19:16:23.000+05:30,48157.93470463049,1790250400645,Default Profile,false
2026-09-24T13:46:26.000Z,12.782393367961049,75.19350416958332,18.0,4.5,,0.0,24,gps,0.4,1.0,1.2,-87.1,,,,45,,1790257586000,2026-09-24T19:16:26.000+05:30,48157.95137993488,1790250400645,Default Profile,false
2026-09-24T13:46:29.000Z,12.782393535599113,75.19350408576429,18.0,4.5,,0.0,23,gps,0.6,1.0,1.2,-87.2,,,,44,,1790257589000,2026-09-24T19:16:29.000+05:30,48157.97211838147,1790250400645,Default Profile,false
2026-09-24T13:46:33.000Z,12.78239366132766,75.19350391812623,18.0,4.5,,0.0,23,gps,0.6,1.0,1.2,-87.2,,,,44,,1790257593000,2026-09-24T19:16:33.000+05:30,48157.99505111601,1790250400645,Default Profile,false
2026-09-24T13:46:36.000Z,12.782393787056208,75.1935038343072,18.0,4.5,,0.0,24,gps,0.4,1.0,1.2,-87.1,,,,44,,1790257596000,2026-09-24T19:16:36.000+05:30,48158.011726420395,1790250400645,Default Profile,false
2026-09-24T13:46:40.000Z,12.782393912784755,75.19350366666913,18.0,4.5,,0.0,23,gps,0.4,1.0,1.2,-87.1,,,,44,,1790257600000,2026-09-24T19:16:40.000+05:30,48158.034659154924,1790250400645,Default Profile,false
2026-09-24T13:46:44.000Z,12.782394080422819,75.1935035828501,18.0,4.5,,0.0,24,gps,0.4,1.0,1.2,-87.2,,,,44,,1790257604000,2026-09-24T19:16:44.000+05:30,48158.0553976015,1790250400645,Default Profile,false
2026-09-24T13:46:47.000Z,12.782394206151366,75.19350341521204,18.0,4.5,,0.0,23,gps,0.6,1.0,1.2,-87.2,,,,44,,1790257607000,2026-09-24T19:16:47.000+05:30,48158.078330336015,1790250400645,Default Profile,false
2026-09-24T13:46:51.000Z,12.782394583337009,75.19350349903107,18.0,4.5,,0.0,24,gps,0.4,1.0,1.2,-87.2,,,,44,,1790257611000,2026-09-24T19:16:51.000+05:30,48158.12124505634,1790250400645,Default Profile,false
2026-09-24T13:46:55.000Z,12.782395002432168,75.19350324757397,18.0,4.5,,0.0,23,gps,0.4,1.0,1.2,-87.2,,,,44,,1790257615000,2026-09-24T19:16:55.000+05:30,48158.17523774669,1790250400645,Default Profile,false
2026-09-24T13:46:59.000Z,12.782395295798779,75.19350307993591,18.0,4.5,,0.0,25,gps,0.4,1.0,1.2,-87.1,,,,44,,1790257619000,2026-09-24T19:16:59.000+05:30,48158.21258183742,1790250400645,Default Profile,false
2026-09-24T13:47:03.000Z,12.782395672984421,75.19350299611688,18.0,4.5,,0.0,24,gps,0.4,1.0,1.2,-87.2,,,,44,,1790257623000,2026-09-24T19:17:03.000+05:30,48158.25549655773,1790250400645,Default Profile,false
2026-09-24T13:47:07.000Z,12.782395882532,75.19350282847881,18.0,4.5,,0.0,23,gps,0.6,1.2,1.2,-87.2,,,,44,,1790257627000,2026-09-24T19:17:07.000+05:30,48158.285049537764,1790250400645,Default Profile,false
2026-09-24T13:47:10.000Z,12.782396050170064,75.19350266084075,18.0,4.5,,0.0,26,gps,0.4,1.0,1.2,-87.2,,,,44,,1790257630000,2026-09-24T19:17:10.000+05:30,48158.311086582486,1790250400645,Default Profile,false
2026-09-24T13:47:14.000Z,12.78239630162716,75.19350249320269,18.0,4.5,,0.0,25,gps,0.4,1.0,1.2,-87.1,,,,44,,1790257634000,2026-09-24T19:17:14.000+05:30,48158.344437191154,1790250400645,Default Profile,false
2026-09-24T13:47:18.000Z,12.78239659499377,75.19350224174559,18.0,4.5,,0.0,24,gps,0.4,1.0,1.2,-87.2,,,,44,,1790257638000,2026-09-24T19:17:18.000+05:30,48158.38695372121,1790250400645,Default Profile,false
2026-09-24T13:47:21.000Z,12.782396762631834,75.19350207410753,18.0,4.5,,0.0,25,gps,0.4,1.0,1.2,-87.2,,,,44,,1790257641000,2026-09-24T19:17:21.000+05:30,48158.41299076589,1790250400645,Default Profile,false
2026-09-24T13:47:25.000Z,12.782397055998445,75.1935017388314,18.0,4.5,,0.0,25,gps,0.4,1.0,1.2,-87.2,,,,44,,1790257645000,2026-09-24T19:17:25.000+05:30,48158.461837047544,1790250400645,Default Profile,false
2026-09-24T13:47:29.000Z,12.782397349365056,75.1935014873743,18.0,4.5,,0.0,25,gps,0.4,1.0,1.2,-87.2,,,,44,,1790257649000,2026-09-24T19:17:29.000+05:30,48158.50435357755,1790250400645,Default Profile,false
2026-09-24T13:47:32.000Z,12.782397558912635,75.19350131973624,18.0,4.5,,0.0,24,gps,0.4,1.0,1.2,-87.2,,,,44,,1790257652000,2026-09-24T19:17:32.000+05:30,48158.53390655751,1790250400645,Default Profile,false
2026-09-24T13:47:36.000Z,12.782397642731667,75.19350131973624,18.0,4.5,,0.0,25,gps,0.4,1.0,1.2,-87.1,,,,44,,1790257656000,2026-09-24T19:17:36.000+05:30,48158.54322680859,1790250400645,Default Profile,false
2026-09-24T13:47:40.000Z,12.782397852279246,75.19350123591721,18.0,4.5,,0.0,26,gps,0.4,1.0,1.2,-87.2,,,,44,,1790257660000,2026-09-24T19:17:40.000+05:30,48158.5682374882,1790250400645,Default Profile,false
2026-09-24T13:47:44.000Z,12.78239801991731,75.19350098446012,18.0,4.5,,0.0,24,gps,0.6,1.2,1.2,-87.2,,,,44,,1790257664000,2026-09-24T19:17:44.000+05:30,48158.6012678062,1790250400645,Default Profile,false
2026-09-24T13:47:48.000Z,12.782398145645857,75.19350090064108,18.0,4.5,,0.0,24,gps,0.4,1.2,1.2,-87.2,,,,44,,1790257668000,2026-09-24T19:17:48.000+05:30,48158.6179431105,1790250400645,Default Profile,false
2026-09-24T13:47:52.000Z,12.782398439012468,75.19350090064108,18.0,4.5,,0.0,28,gps,0.4,1.0,1.0,-87.1,,,,44,,1790257672000,2026-09-24T19:17:52.000+05:30,48158.650563989286,1790250400645,Default Profile,false
2026-09-24T13:47:56.000Z,12.782398690469563,75.19350081682205,18.0,5.0,,0.0,25,gps,0.4,1.0,1.2,-87.2,,,,44,,1790257676000,2026-09-24T19:17:56.000+05:30,48158.67996498527,1790250400645,Default Profile,false
2026-09-24T13:48:00.000Z,12.782398858107626,75.19350064918399,18.0,4.5,,0.0,27,gps,0.4,1.0,1.2,-87.1,,,,44,,1790257680000,2026-09-24T19:18:00.000+05:30,48158.70600202985,1790250400645,Default Profile,false
2026-09-24T13:48:04.000Z,12.78239881619811,75.19350064918399,18.0,4.5,,0.0,27,gps,0.4,1.0,1.2,-87.2,,,,44,,1790257684000,2026-09-24T19:18:04.000+05:30,48158.71066215539,1790250400645,Default Profile,false
2026-09-24T13:48:07.000Z,12.782398941926658,75.19350056536496,18.0,4.5,,0.0,28,gps,0.4,1.0,1.0,-87.2,,,,44,,1790257687000,2026-09-24T19:18:07.000+05:30,48158.72733745967,1790250400645,Default Profile,false
2026-09-24T13:48:11.000Z,12.782399109564722,75.1935003977269,18.0,4.5,,0.0,27,gps,0.4,1.0,1.2,-87.2,,,,44,,1790257691000,2026-09-24T19:18:11.000+05:30,48158.75337450424,1790250400645,Default Profile,false
2026-09-24T13:48:14.000Z,12.782399277202785,75.19350031390786,18.0,4.5,,0.0,26,gps,0.4,1.0,1.2,-87.2,,,,44,,1790257694000,2026-09-24T19:18:14.000+05:30,48158.774112950734,1790250400645,Default Profile,false
2026-09-24T13:48:18.000Z,12.782406359910965,75.1934898365289,18.0,4.5,239.7,0.19,25,gps,0.4,1.0,1.2,-87.2,,,,44,,1790257698000,2026-09-24T19:18:18.000+05:30,48160.156541806275,1790250400645,Default Profile,false
2026-09-24T13:48:21.000Z,12.782414155080914,75.19349662587047,18.0,5.5,239.7,0.24,27,gps,0.4,1.0,1.2,-87.2,,,,44,,1790257701000,2026-09-24T19:18:21.000+05:30,48161.293796970545,1790250400645,Default Profile,false
2026-09-24T13:48:25.000Z,12.782402336597443,75.19350425340235,19.0,7.5,239.7,0.9,27,gps,0.4,,,-87.1,,,,44,,1790257705000,2026-09-24T19:18:25.000+05:30,48162.846580883685,1790250400645,Default Profile,false
2026-09-24T13:48:29.000Z,12.782308794558048,75.1935464143753,19.0,14.0,146.7,2.81,29,gps,0.4,1.0,1.0,-87.2,,,,44,,1790257709000,2026-09-24T19:18:29.000+05:30,48174.20842193648,1790250400645,Default Profile,false
2026-09-24T13:48:33.000Z,12.782281427644193,75.19352680072188,21.0,10.5,143.7,0.26,20,gps,0.6,1.0,1.2,-87.2,,,,44,,1790257713000,2026-09-24T19:18:33.000+05:30,48177.92108785583,1790250400645,Default Profile,false
2026-09-24T13:48:36.000Z,12.782254228368402,75.19352646544576,23.0,9.5,141.8,0.34,19,gps,0.6,1.2,1.4,-87.2,,,,44,,1790257716000,2026-09-24T19:18:36.000+05:30,48180.945727851926,1790250400645,Default Profile,false
2026-09-24T13:48:40.000Z,12.782288803718984,75.19351447932422,25.0,9.0,141.2,0.17999999,18,gps,0.6,1.4,1.6,-87.1,,,,44,,1790257720000,2026-09-24T19:18:40.000+05:30,48185.00409812068,1790250400645,Default Profile,false
2026-09-24T13:48:43.000Z,12.782319188117981,75.19350341521204,27.0,8.0,141.2,0.39999998,21,gps,0.8,1.2,1.4,-87.2,,,,44,,1790257723000,2026-09-24T19:18:43.000+05:30,48188.58939578729,1790250400645,Default Profile,false
2026-09-24T13:48:47.000Z,12.782372748479247,75.19349436275661,27.0,7.0,197.9,0.48,22,gps,0.4,1.2,1.4,-87.2,,,,44,,1790257727000,2026-09-24T19:18:47.000+05:30,48194.62539388201,1790250400645,Default Profile,false
2026-09-24T13:48:51.000Z,12.782391188666224,75.19350349903107,27.0,6.5,201.8,0.12,24,gps,0.4,1.2,1.2,-87.2,,,,44,,1790257731000,2026-09-24T19:18:51.000+05:30,48196.90265402461,1790250400645,Default Profile,false
2026-09-24T13:48:55.000Z,12.782413233071566,75.1934969611466,30.0,6.0,201.8,0.02,27,gps,0.4,1.0,1.2,-87.2,,,,44,,1790257735000,2026-09-24T19:18:55.000+05:30,48199.454347141196,1790250400645,Default Profile,false
2026-09-24T13:48:58.000Z,12.782424842007458,75.19349226728082,30.0,6.0,201.8,0.07,24,gps,0.4,1.0,1.2,-87.2,,,,44,,1790257738000,2026-09-24T19:18:58.000+05:30,48200.84192998711,1790250400645,Default Profile,false
2026-09-24T13:49:02.000Z,12.782465158961713,75.19347416236997,31.0,5.5,201.8,0.55,27,gps,0.4,1.0,1.2,-87.1,,,,44,,1790257742000,2026-09-24T19:19:02.000+05:30,48205.73602144814,1790250400645,Default Profile,false
2026-09-24T13:49:06.000Z,12.782485904172063,75.19348681904376,32.0,5.5,23.7,0.26999998,26,gps,0.4,1.0,1.2,-87.2,,,,44,,1790257746000,2026-09-24T19:19:06.000+05:30,48208.42020688523,1790250400645,Default Profile,false
2026-09-24T13:49:09.000Z,12.782490053214133,75.1934827119112,32.0,5.0,,0.0,26,gps,0.4,1.0,1.0,-87.2,,,,44,,1790257749000,2026-09-24T19:19:09.000+05:30,48209.06145891042,1790250400645,Default Profile,false
2026-09-24T13:49:13.000Z,12.782492232508957,75.19347701221704,31.0,5.0,23.7,0.45999998,27,gps,0.4,1.0,1.0,-87.2,,,,44,,1790257753000,2026-09-24T19:19:13.000+05:30,48209.725336081276,1790250400645,Default Profile,false
2026-09-24T13:49:17.000Z,12.782465787604451,75.19347013905644,31.0,5.0,23.7,0.42,27,gps,0.4,1.0,1.2,-87.2,,,,43,,1790257757000,2026-09-24T19:19:17.000+05:30,48212.758860884554,1790250400645,Default Profile,false
2026-09-24T13:49:20.000Z,12.7824503229931,75.19347885623574,30.0,5.0,23.7,0.29,21,gps,0.4,1.2,1.4,-87.1,,,,43,,1790257760000,2026-09-24T19:19:20.000+05:30,48214.721139877,1790250400645,Default Profile,false
2026-09-24T13:49:24.000Z,12.782462434843183,75.19345941022038,30.0,5.0,294.0,1.68,24,gps,0.6,1.2,1.2,-87.2,,,,43,,1790257764000,2026-09-24T19:19:24.000+05:30,48217.22323212155,1790250400645,Default Profile,false
2026-09-24T13:49:28.000Z,12.782512893900275,75.19338347017765,29.0,6.0,288.1,4.3399997,22,gps,0.6,1.2,1.2,-87.2,,,,43,,1790257768000,2026-09-24T19:19:28.000+05:30,48227.187877944416,1790250400645,Default Profile,false
2026-09-24T13:49:32.000Z,12.78251658193767,75.19335731863976,29.0,6.5,291.7,0.42999998,24,gps,0.4,1.0,1.2,-87.2,,,,43,,1790257772000,2026-09-24T19:19:32.000+05:30,48230.05322722482,1790250400645,Default Profile,false
2026-09-24T13:49:36.000Z,12.78251901268959,75.19336737692356,28.0,6.0,291.7,0.22999999,25,gps,0.4,1.0,1.2,-87.2,,,,43,,1790257776000,2026-09-24T19:19:36.000+05:30,48231.17692995394,1790250400645,Default Profile,false
2026-09-24T13:49:40.000Z,12.782502919435501,75.19339805468917,28.0,6.5,291.7,0.68,26,gps,0.4,1.0,1.0,-87.2,,,,43,,1790257780000,2026-09-24T19:19:40.000+05:30,48234.95436453839,1790250400645,Default Profile,false
2026-09-24T13:49:44.000Z,12.782484604977071,75.19342152401805,29.0,5.5,291.7,0.22999999,29,gps,0.4,0.8,1.0,-87.2,,,,43,,1790257784000,2026-09-24T19:19:44.000+05:30,48238.213847416475,1790250400645,Default Profile,false
2026-09-24T13:49:48.000Z,12.782488125376403,75.19342915154994,28.0,5.5,,0.0,27,gps,0.4,1.0,1.2,-87.2,,,,43,,1790257788000,2026-09-24T19:19:48.000+05:30,48239.128924771,1790250400645,Default Profile,false
2026-09-24T13:49:52.000Z,12.782483473420143,75.19343795254827,27.0,5.0,291.7,0.19,29,gps,0.4,1.0,1.0,-87.2,,,,43,,1790257792000,2026-09-24T19:19:52.000+05:30,48240.21446626421,1790250400645,Default Profile,false
2026-09-24T13:49:56.000Z,12.782474881969392,75.1934533752501,27.0,5.5,291.7,0.01,23,gps,0.4,1.0,1.2,-87.2,,,,43,,1790257796000,2026-09-24T19:19:56.000+05:30,48242.14051236558,1790250400645,Default Profile,false
2026-09-24T13:50:00.000Z,12.782465955242515,75.19345572218299,27.0,5.0,291.7,0.14,27,gps,0.4,1.0,1.0,-87.1,,,,43,,1790257800000,2026-09-24T19:20:00.000+05:30,48243.16522605273,1790250400645,Default Profile,false
2026-09-24T13:50:04.000Z,12.782455142587423,75.19346494227648,26.0,5.0,291.7,0.21,20,gps,0.6,1.0,1.2,-87.2,,,,43,,1790257804000,2026-09-24T19:20:04.000+05:30,48244.728937722524,1790250400645,Default Profile,false
2026-09-24T13:50:07.000Z,12.7824571961537,75.19346812739968,26.0,5.0,291.7,0.17999999,24,gps,0.6,1.0,1.2,-87.2,,,,43,,1790257807000,2026-09-24T19:20:07.000+05:30,48245.14298813382,1790250400645,Default Profile,false
2026-09-24T13:50:11.000Z,12.782459082081914,75.19347550347447,25.0,5.0,291.7,0.26999998,25,gps,0.4,,,-87.2,,,,43,,1790257811000,2026-09-24T19:20:11.000+05:30,48245.969877182004,1790250400645,Default Profile,false
2026-09-24T13:50:15.000Z,12.782445754855871,75.1934843044728,27.0,7.0,291.7,1.0799999,25,gps,0.4,1.0,1.2,-87.2,,,,43,,1790257815000,2026-09-24T19:20:15.000+05:30,48247.73252147571,1790250400645,Default Profile,false
2026-09-24T13:50:18.000Z,12.782419603317976,75.19354901276529,29.0,7.0,121.0,3.6399999,24,gps,0.4,1.0,1.2,-87.2,,,,43,,1790257818000,2026-09-24T19:20:18.000+05:30,48255.32811888879,1790250400645,Default Profile,false
2026-09-24T13:50:21.000Z,12.782370820641518,75.19361598417163,30.0,7.0,123.0,3.5,19,gps,0.6,1.4,1.4,-87.2,,,,43,,1790257821000,2026-09-24T19:20:21.000+05:30,48264.39263014809,1790250400645,Default Profile,false
2026-09-24T13:50:25.000Z,12.782324133440852,75.19369158893824,29.0,6.5,118.1,1.38,11,gps,1.2,2.0,2.4,-87.2,,,,43,,1790257825000,2026-09-24T19:20:25.000+05:30,48274.0965581315,1790250400645,Default Profile,false
2026-09-24T13:50:29.000Z,12.782423375174403,75.19359335303307,29.0,6.0,,0.0,18,gps,0.8,1.2,1.4,-87.2,,,,43,,1790257829000,2026-09-24T19:20:29.000+05:30,48289.43453667479,1790250400645,Default Profile,false
2026-09-24T13:50:33.000Z,12.782454849220812,75.19355814903975,28.0,6.0,117.5,0.16,20,gps,0.6,1.2,1.2,-87.2,,,,43,,1790257833000,2026-09-24T19:20:33.000+05:30,48294.61348768564,1790250400645,Default Profile,false
2026-09-24T13:50:36.000Z,12.782482509501278,75.19353157840669,29.0,5.5,117.5,0.11,18,gps,0.6,1.2,1.4,-87.2,,,,43,,1790257836000,2026-09-24T19:20:36.000+05:30,48298.827951274216,1790250400645,Default Profile,false
2026-09-24T13:50:40.000Z,12.782500279136002,75.19352814182639,29.0,5.0,117.5,0.22,23,gps,0.6,1.0,1.2,-87.2,,,,43,,1790257840000,2026-09-24T19:20:40.000+05:30,48300.838679874236,1790250400645,Default Profile,false
2026-09-24T13:50:43.000Z,12.782513815909624,75.19352898001671,29.0,4.5,117.5,0.099999994,23,gps,0.6,1.0,1.2,-87.2,,,,43,,1790257843000,2026-09-24T19:20:43.000+05:30,48302.346642201686,1790250400645,Default Profile,false
2026-09-24T13:50:47.000Z,12.782515743747354,75.19352059811354,29.0,5.0,117.5,0.19,22,gps,0.6,1.0,1.2,-87.2,,,,43,,1790257847000,2026-09-24T19:20:47.000+05:30,48303.280505334216,1790250400645,Default Profile,false
2026-09-24T13:50:51.000Z,12.782524628564715,75.1935120485723,28.0,4.5,117.5,0.53,22,gps,0.6,1.0,1.2,-87.2,,,,43,,1790257851000,2026-09-24T19:20:51.000+05:30,48304.635334661994,1790250400645,Default Profile,false
2026-09-24T13:50:54.000Z,12.782527268864214,75.19349025562406,27.0,4.5,117.5,0.45999998,21,gps,0.4,1.2,1.2,-87.2,,,,43,,1790257854000,2026-09-24T19:20:54.000+05:30,48307.01671064675,1790250400645,Default Profile,false
2026-09-24T13:50:57.000Z,12.782533345744014,75.19348992034793,27.0,4.5,335.4,0.41,17,gps,0.6,1.0,1.2,-87.2,,,,43,,1790257857000,2026-09-24T19:20:57.000+05:30,48307.69340624055,1790250400645,Default Profile,false
2026-09-24T13:51:00.000Z,12.782525508664548,75.19349788315594,26.0,5.0,335.4,0.7,20,gps,0.6,,,-87.2,,,,43,,1790257860000,2026-09-24T19:21:00.000+05:30,48308.9201955107,1790250400645,Default Profile,false
2026-09-24T13:51:04.000Z,12.7824701461941,75.19356309436262,27.0,5.5,142.1,3.75,21,gps,0.4,1.0,1.2,-87.2,,,,43,,1790257864000,2026-09-24T19:21:04.000+05:30,48318.29580520698,1790250400645,Default Profile,false
2026-09-24T13:51:07.000Z,12.782354475930333,75.19368060864508,24.0,6.0,137.1,5.5099998,22,gps,0.4,1.0,1.2,-87.2,,,,43,,1790257867000,2026-09-24T19:21:07.000+05:30,48336.40154227746,1790250400645,Default Profile,false
2026-09-24T13:51:11.000Z,12.782113873399794,75.19378714263439,21.0,8.5,169.0,6.75,15,gps,0.6,1.4,1.6,-87.2,,,,43,,1790257871000,2026-09-24T19:21:11.000+05:30,48365.54299661846,1790250400645,Default Profile,false
2026-09-24T13:51:14.000Z,12.782053188420832,75.19385847263038,18.0,8.0,144.0,2.49,16,gps,0.6,,,-87.2,,,,43,,1790257874000,2026-09-24T19:21:14.000+05:30,48375.80767096735,1790250400645,Default Profile,false
2026-09-24T13:51:19.000Z,12.782022301107645,75.19390851259232,17.0,9.0,110.5,0.53,13,gps,1.0,1.6,1.8,-87.2,,,,42,,1790257879000,2026-09-24T19:21:19.000+05:30,48382.229558059225,1790250400645,Default Profile,false
2026-09-24T13:51:23.000Z,12.78201303910464,75.19390365108848,16.0,8.5,104.4,0.26999998,14,gps,0.8,1.4,1.6,-87.2,,,,42,,1790257883000,2026-09-24T19:21:23.000+05:30,48383.3865308053,1790250400645,Default Profile,false
2026-09-24T13:51:26.000Z,12.781996526755393,75.19392393529415,15.0,8.5,104.4,0.47,14,gps,0.8,1.8,2.0,-87.2,,,,42,,1790257886000,2026-09-24T19:21:26.000+05:30,48386.25175247953,1790250400645,Default Profile,false
2026-09-24T13:51:30.000Z,12.782045686617494,75.19384489394724,14.0,8.5,104.4,1.23,21,gps,0.6,1.2,1.4,-87.2,,,,42,,1790257890000,2026-09-24T19:21:30.000+05:30,48396.417681822684,1790250400645,Default Profile,false
2026-09-24T13:51:33.000Z,12.782108634710312,75.19375403411686,13.0,8.5,287.7,1.5699999,21,gps,0.6,1.2,1.4,-87.2,,,,42,,1790257893000,2026-09-24T19:21:33.000+05:30,48408.50364200821,1790250400645,Default Profile,false
2026-09-24T13:51:37.000Z,12.782184574753046,75.1936745736748,14.0,7.5,266.5,0.25,23,gps,0.4,1.0,1.0,-87.2,,,,42,,1790257897000,2026-09-24T19:21:37.000+05:30,48420.568055141935,1790250400645,Default Profile,false
2026-09-24T13:51:40.000Z,12.782225059345365,75.19364087842405,15.0,6.5,266.5,0.089999996,24,gps,0.4,1.0,1.2,-87.2,,,,42,,1790257900000,2026-09-24T19:21:40.000+05:30,48426.36598958272,1790250400645,Default Profile,false
2026-09-24T13:51:44.000Z,12.782276733778417,75.19361145794392,14.0,6.0,266.5,0.35,25,gps,0.4,1.0,1.0,-87.2,,,,42,,1790257904000,2026-09-24T19:21:44.000+05:30,48432.9382045638,1790250400645,Default Profile,false
2026-09-24T13:51:48.000Z,12.782326606102288,75.19357030279934,15.0,6.0,341.1,0.84999996,24,gps,0.4,1.0,1.0,-87.2,,,,42,,1790257908000,2026-09-24T19:21:48.000+05:30,48440.056491030206,1790250400645,Default Profile,false
2026-09-24T13:51:52.000Z,12.782377190887928,75.19354381598532,17.0,5.0,357.3,0.17,24,gps,0.4,1.0,1.0,-87.2,,,,42,,1790257912000,2026-09-24T19:21:52.000+05:30,48446.37215770224,1790250400645,Default Profile,false
2026-09-24T13:51:55.000Z,12.782383351586759,75.19354574382305,18.0,5.5,357.3,0.21,22,gps,0.6,1.0,1.2,-87.2,,,,42,,1790257915000,2026-09-24T19:21:55.000+05:30,48447.08838458131,1790250400645,Default Profile,false
2026-09-24T13:51:58.000Z,12.78239466715604,75.19354490563273,19.0,5.0,357.3,0.24,23,gps,0.4,1.0,1.0,-87.1,,,,42,,1790257918000,2026-09-24T19:21:58.000+05:30,48448.34989717436,1790250400645,Default Profile,false
2026-09-24T13:52:02.000Z,12.782401498407125,75.19354306161404,20.0,5.0,357.3,0.39999998,22,gps,0.4,1.0,1.0,-87.1,,,,42,,1790257922000,2026-09-24T19:22:02.000+05:30,48449.13537693077,1790250400645,Default Profile,false
2026-09-24T13:52:05.000Z,12.78241268824786,75.19353719428182,20.0,5.0,,0.0,23,gps,0.4,1.0,1.2,-87.2,,,,42,,1790257925000,2026-09-24T19:22:05.000+05:30,48450.53286736794,1790250400645,Default Profile,false
2026-09-24T13:52:08.000Z,12.782419687137008,75.19353074021637,21.0,5.0,357.3,0.19999999,26,gps,0.4,0.8,1.0,-87.2,,,,42,,1790257928000,2026-09-24T19:22:08.000+05:30,48451.57952028711,1790250400645,Default Profile,false
2026-09-24T13:52:12.000Z,12.782421112060547,75.19352939911187,21.0,5.5,357.3,0.12,22,gps,0.4,1.0,1.0,-87.1,,,,42,,1790257932000,2026-09-24T19:22:12.000+05:30,48451.79458767706,1790250400645,Default Profile,false
2026-09-24T13:52:16.000Z,12.782426769845188,75.19357868470252,21.0,5.5,106.3,2.96,25,gps,0.4,0.8,1.0,-87.1,,,,42,,1790257936000,2026-09-24T19:22:16.000+05:30,48457.17597862235,1790250400645,Default Profile,false
2026-09-24T13:52:20.000Z,12.782390769571066,75.19366459921002,19.0,6.5,121.9,2.1699998,14,gps,0.6,1.2,1.4,-87.2,,,,42,,1790257940000,2026-09-24T19:22:20.000+05:30,48467.316077434356,1790250400645,Default Profile,false
2026-09-24T13:52:24.000Z,12.782396259717643,75.19366644322872,18.0,6.5,134.2,0.099999994,19,gps,0.6,1.2,1.4,-87.2,,,,42,,1790257944000,2026-09-24T19:22:24.000+05:30,48467.95846911894,1790250400645,Default Profile,false
2026-09-24T13:52:27.000Z,12.78239072766155,75.19366979598999,17.0,6.5,134.2,0.35,19,gps,0.6,1.2,1.2,-87.2,,,,42,,1790257947000,2026-09-24T19:22:27.000+05:30,48468.673015656896,1790250400645,Default Profile,false
2026-09-24T13:52:31.000Z,12.782411053776741,75.19363719038665,17.0,6.5,134.2,0.12,16,gps,0.8,,,-87.2,,,,42,,1790257951000,2026-09-24T19:22:31.000+05:30,48472.86940548537,1790250400645,Default Profile,false
2026-09-24T13:52:35.000Z,12.782423039898276,75.19361732527614,17.0,6.0,134.2,0.76,23,gps,0.4,1.0,1.0,-87.2,,,,42,,1790257955000,2026-09-24T19:22:35.000+05:30,48475.40253345969,1790250400645,Default Profile,false
2026-09-24T13:52:39.000Z,12.782421908341348,75.1936156488955,16.0,6.0,134.2,0.85999995,22,gps,0.6,1.0,1.2,-87.2,,,,42,,1790257959000,2026-09-24T19:22:39.000+05:30,48475.623615924225,1790250400645,Default Profile,false
2026-09-24T13:52:43.000Z,12.782449903897941,75.19349184818566,15.0,5.0,289.4,4.31,25,gps,0.4,1.0,1.0,-87.2,,,,42,,1790257963000,2026-09-24T19:22:43.000+05:30,48489.40465962539,1790250400645,Default Profile,false
2026-09-24T13:52:46.000Z,12.782480246387422,75.19346402026713,16.0,5.5,312.1,2.12,23,gps,0.6,1.0,1.2,-87.2,,,,42,,1790257966000,2026-09-24T19:22:46.000+05:30,48493.931197294485,1790250400645,Default Profile,false
2026-09-24T13:52:50.000Z,12.782489005476236,75.19347751513124,17.0,5.0,333.0,0.17,21,gps,0.6,1.0,1.2,-87.2,,,,41,,1790257970000,2026-09-24T19:22:50.000+05:30,48495.68905624973,1790250400645,Default Profile,false
2026-09-24T13:52:54.000Z,12.78249533381313,75.19348547793925,16.0,5.5,1.6,0.089999996,21,gps,0.4,1.0,1.2,-87.2,,,,41,,1790257974000,2026-09-24T19:22:54.000+05:30,48496.802951431164,1790250400645,Default Profile,false
2026-09-24T13:52:58.000Z,12.782505014911294,75.1934932731092,15.0,6.0,1.6,1.38,23,gps,0.6,1.2,1.4,-87.2,,,,41,,1790257978000,2026-09-24T19:22:58.000+05:30,48498.17166022608,1790250400645,Default Profile,false
2026-09-24T13:53:01.000Z,12.782528148964047,75.19350341521204,15.0,6.5,28.3,1.3399999,19,gps,0.6,1.2,1.4,-87.2,,,,41,,1790257981000,2026-09-24T19:23:01.000+05:30,48500.969293061884,1790250400645,Default Profile,false
2026-09-24T13:53:04.000Z,12.782498099841177,75.19356175325811,14.0,6.5,112.7,3.09,24,gps,0.6,,,-87.2,,,,41,,1790257984000,2026-09-24T19:23:04.000+05:30,48508.12361118807,1790250400645,Default Profile,false
2026-09-24T13:53:08.000Z,12.782446970231831,75.19360424950719,14.0,7.0,135.2,0.71999997,24,gps,0.4,1.0,1.2,-87.2,,,,41,,1790257988000,2026-09-24T19:23:08.000+05:30,48515.44203251892,1790250400645,Default Profile,false
2026-09-24T13:53:12.000Z,12.782457573339343,75.19357642158866,13.0,7.0,329.1,1.5899999,25,gps,0.4,,,-87.2,,,,41,,1790257992000,2026-09-24T19:23:12.000+05:30,48518.68181696602,1790250400645,Default Profile,false
2026-09-24T13:53:16.000Z,12.782485568895936,75.1935487613082,12.0,7.5,304.0,0.41,21,gps,0.6,,,-87.2,,,,41,,1790257996000,2026-09-24T19:23:16.000+05:30,48523.0046973892,1790250400645,Default Profile,false
2026-09-24T13:53:19.000Z,12.782453005202115,75.19356175325811,13.0,7.5,95.5,2.0,19,gps,0.8,,,-87.2,,,,41,,1790257999000,2026-09-24T19:23:19.000+05:30,48526.89003705942,1790250400645,Default Profile,false
2026-09-24T13:53:23.000Z,12.782416669651866,75.19362947903574,13.0,8.0,126.8,2.01,24,gps,0.4,1.0,1.2,-87.2,,,,41,,1790258003000,2026-09-24T19:23:23.000+05:30,48535.272190614705,1790250400645,Default Profile,false
2026-09-24T13:53:26.000Z,12.782397768460214,75.19365797750652,13.0,8.0,127.8,1.48,17,gps,0.8,,,-87.2,,,,41,,1790258006000,2026-09-24T19:23:26.000+05:30,48539.009500862485,1790250400645,Default Profile,false
2026-09-24T13:53:31.000Z,12.782422788441181,75.1936193369329,12.0,8.0,137.0,1.53,21,gps,0.6,1.0,1.2,-87.2,,,,41,,1790258011000,2026-09-24T19:23:31.000+05:30,48544.03915687652,1790250400645,Default Profile,false
2026-09-24T13:53:34.000Z,12.782444371841848,75.19358145073056,11.0,7.5,250.5,0.94,22,gps,0.6,1.0,1.2,-87.2,,,,41,,1790258014000,2026-09-24T19:23:34.000+05:30,48548.79713632639,1790250400645,Default Profile,false
2026-09-24T13:53:38.000Z,12.782440264709294,75.19354725256562,12.0,7.0,307.5,0.35,23,gps,0.6,1.0,1.2,-87.2,,,,41,,1790258018000,2026-09-24T19:23:38.000+05:30,48552.53357316375,1790250400645,Default Profile,false
